+ export PATH=/sjw_alinlab1/home/jungwook/.local/bin:/sjw_alinlab1/home/jungwook/.cursor-server/bin/linux-x64/e7a7e93f4d75f8272503ecf33cedbaae10114a10/bin/remote-cli:/sjw_alinlab1/home/jungwook/.local/bin:/sjw_alinlab1/home/jungwook/.nvm/versions/node/v20.20.2/bin:/sjw_alinlab1/home/jungwook/google-cloud-sdk/bin:/sjw_alinlab1/home/jungwook/.local/bin:/sjw_alinlab1/home/jungwook/miniconda3/bin:/sjw_alinlab1/home/jungwook/miniconda3/condabin:/usr/local/sbin:/usr/local/bin:/usr/sbin:/usr/bin:/sbin:/bin:/usr/games:/usr/local/games:/snap/bin:/usr/local/cuda/bin:/sjw_alinlab1/home/jungwook/.local/bin:/sjw_alinlab1/home/jungwook/.cursor-server/extensions/ms-python.debugpy-2025.18.0-linux-x64/bundled/scripts/noConfigScripts:/sjw_alinlab1/home/jungwook/.local/bin
+ PATH=/sjw_alinlab1/home/jungwook/.local/bin:/sjw_alinlab1/home/jungwook/.cursor-server/bin/linux-x64/e7a7e93f4d75f8272503ecf33cedbaae10114a10/bin/remote-cli:/sjw_alinlab1/home/jungwook/.local/bin:/sjw_alinlab1/home/jungwook/.nvm/versions/node/v20.20.2/bin:/sjw_alinlab1/home/jungwook/google-cloud-sdk/bin:/sjw_alinlab1/home/jungwook/.local/bin:/sjw_alinlab1/home/jungwook/miniconda3/bin:/sjw_alinlab1/home/jungwook/miniconda3/condabin:/usr/local/sbin:/usr/local/bin:/usr/sbin:/usr/bin:/sbin:/bin:/usr/games:/usr/local/games:/snap/bin:/usr/local/cuda/bin:/sjw_alinlab1/home/jungwook/.local/bin:/sjw_alinlab1/home/jungwook/.cursor-server/extensions/ms-python.debugpy-2025.18.0-linux-x64/bundled/scripts/noConfigScripts:/sjw_alinlab1/home/jungwook/.local/bin
+ export WANDB_PROJECT=Action-Tokenizer-Joint-SoupV2
+ WANDB_PROJECT=Action-Tokenizer-Joint-SoupV2
+ export WANDB_API_KEY=66a73856614bc24a07523f3fbee42482fcbeffe3
+ WANDB_API_KEY=66a73856614bc24a07523f3fbee42482fcbeffe3
+ export HF_TOKEN=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
+ HF_TOKEN=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
+ MODEL_OUTPUT_DIR=/rlwrld-unified-checkpoints/jungwook/action_tokenizer
+ BASE_DIR=/sjw_alinlab1/home/jungwook/action_tokenizer
+ cd /sjw_alinlab1/home/jungwook/action_tokenizer
+ source /sjw_alinlab1/home/jungwook/miniconda3/bin/activate gr00t-actlat
++ _CONDA_ROOT=/sjw_alinlab1/home/jungwook/miniconda3
++ . /sjw_alinlab1/home/jungwook/miniconda3/etc/profile.d/conda.sh
+++ export CONDA_EXE=/sjw_alinlab1/home/jungwook/miniconda3/bin/conda
+++ CONDA_EXE=/sjw_alinlab1/home/jungwook/miniconda3/bin/conda
+++ export _CONDA_EXE=/sjw_alinlab1/home/jungwook/miniconda3/bin/conda
+++ _CONDA_EXE=/sjw_alinlab1/home/jungwook/miniconda3/bin/conda
+++ export _CE_M=
+++ _CE_M=
+++ export _CE_CONDA=
+++ _CE_CONDA=
+++ export CONDA_PYTHON_EXE=/sjw_alinlab1/home/jungwook/miniconda3/bin/python
+++ CONDA_PYTHON_EXE=/sjw_alinlab1/home/jungwook/miniconda3/bin/python
+++ export _CONDA_ROOT=/sjw_alinlab1/home/jungwook/miniconda3
+++ _CONDA_ROOT=/sjw_alinlab1/home/jungwook/miniconda3
+++ '[' -z x ']'
++ conda activate gr00t-actlat
++ local cmd=activate
++ case "$cmd" in
++ __conda_activate activate gr00t-actlat
++ '[' -n '' ']'
++ local ask_conda
+++ PS1=
+++ __conda_exe shell.posix activate gr00t-actlat
+++ '[' -n '' ']'
+++ /sjw_alinlab1/home/jungwook/miniconda3/bin/conda shell.posix activate gr00t-actlat
++ ask_conda='export _CE_M='\'''\''
export _CE_CONDA='\'''\''
PS1='\''(gr00t-actlat) '\''
export PATH='\''/sjw_alinlab1/home/jungwook/.local/bin:/sjw_alinlab1/home/jungwook/.cursor-server/bin/linux-x64/e7a7e93f4d75f8272503ecf33cedbaae10114a10/bin/remote-cli:/sjw_alinlab1/home/jungwook/.local/bin:/sjw_alinlab1/home/jungwook/.nvm/versions/node/v20.20.2/bin:/sjw_alinlab1/home/jungwook/google-cloud-sdk/bin:/sjw_alinlab1/home/jungwook/.local/bin:/sjw_alinlab1/home/jungwook/miniconda3/envs/gr00t-actlat/bin:/sjw_alinlab1/home/jungwook/miniconda3/condabin:/usr/local/sbin:/usr/local/bin:/usr/sbin:/usr/bin:/sbin:/bin:/usr/games:/usr/local/games:/snap/bin:/usr/local/cuda/bin:/sjw_alinlab1/home/jungwook/.local/bin:/sjw_alinlab1/home/jungwook/.cursor-server/extensions/ms-python.debugpy-2025.18.0-linux-x64/bundled/scripts/noConfigScripts:/sjw_alinlab1/home/jungwook/.local/bin'\''
export CONDA_PREFIX='\''/sjw_alinlab1/home/jungwook/miniconda3/envs/gr00t-actlat'\''
export CONDA_SHLVL='\''2'\''
export CONDA_DEFAULT_ENV='\''gr00t-actlat'\''
export CONDA_PROMPT_MODIFIER='\''(gr00t-actlat) '\''
export CONDA_PREFIX_1='\''/sjw_alinlab1/home/jungwook/miniconda3'\''
export CONDA_EXE='\''/sjw_alinlab1/home/jungwook/miniconda3/bin/conda'\''
export _CONDA_EXE='\''/sjw_alinlab1/home/jungwook/miniconda3/bin/conda'\''
export CONDA_PYTHON_EXE='\''/sjw_alinlab1/home/jungwook/miniconda3/bin/python'\''
export _CONDA_ROOT='\''/sjw_alinlab1/home/jungwook/miniconda3'\'''
++ eval 'export _CE_M='\'''\''
export _CE_CONDA='\'''\''
PS1='\''(gr00t-actlat) '\''
export PATH='\''/sjw_alinlab1/home/jungwook/.local/bin:/sjw_alinlab1/home/jungwook/.cursor-server/bin/linux-x64/e7a7e93f4d75f8272503ecf33cedbaae10114a10/bin/remote-cli:/sjw_alinlab1/home/jungwook/.local/bin:/sjw_alinlab1/home/jungwook/.nvm/versions/node/v20.20.2/bin:/sjw_alinlab1/home/jungwook/google-cloud-sdk/bin:/sjw_alinlab1/home/jungwook/.local/bin:/sjw_alinlab1/home/jungwook/miniconda3/envs/gr00t-actlat/bin:/sjw_alinlab1/home/jungwook/miniconda3/condabin:/usr/local/sbin:/usr/local/bin:/usr/sbin:/usr/bin:/sbin:/bin:/usr/games:/usr/local/games:/snap/bin:/usr/local/cuda/bin:/sjw_alinlab1/home/jungwook/.local/bin:/sjw_alinlab1/home/jungwook/.cursor-server/extensions/ms-python.debugpy-2025.18.0-linux-x64/bundled/scripts/noConfigScripts:/sjw_alinlab1/home/jungwook/.local/bin'\''
export CONDA_PREFIX='\''/sjw_alinlab1/home/jungwook/miniconda3/envs/gr00t-actlat'\''
export CONDA_SHLVL='\''2'\''
export CONDA_DEFAULT_ENV='\''gr00t-actlat'\''
export CONDA_PROMPT_MODIFIER='\''(gr00t-actlat) '\''
export CONDA_PREFIX_1='\''/sjw_alinlab1/home/jungwook/miniconda3'\''
export CONDA_EXE='\''/sjw_alinlab1/home/jungwook/miniconda3/bin/conda'\''
export _CONDA_EXE='\''/sjw_alinlab1/home/jungwook/miniconda3/bin/conda'\''
export CONDA_PYTHON_EXE='\''/sjw_alinlab1/home/jungwook/miniconda3/bin/python'\''
export _CONDA_ROOT='\''/sjw_alinlab1/home/jungwook/miniconda3'\'''
+++ export _CE_M=
+++ _CE_M=
+++ export _CE_CONDA=
+++ _CE_CONDA=
+++ PS1='(gr00t-actlat) '
+++ export PATH=/sjw_alinlab1/home/jungwook/.local/bin:/sjw_alinlab1/home/jungwook/.cursor-server/bin/linux-x64/e7a7e93f4d75f8272503ecf33cedbaae10114a10/bin/remote-cli:/sjw_alinlab1/home/jungwook/.local/bin:/sjw_alinlab1/home/jungwook/.nvm/versions/node/v20.20.2/bin:/sjw_alinlab1/home/jungwook/google-cloud-sdk/bin:/sjw_alinlab1/home/jungwook/.local/bin:/sjw_alinlab1/home/jungwook/miniconda3/envs/gr00t-actlat/bin:/sjw_alinlab1/home/jungwook/miniconda3/condabin:/usr/local/sbin:/usr/local/bin:/usr/sbin:/usr/bin:/sbin:/bin:/usr/games:/usr/local/games:/snap/bin:/usr/local/cuda/bin:/sjw_alinlab1/home/jungwook/.local/bin:/sjw_alinlab1/home/jungwook/.cursor-server/extensions/ms-python.debugpy-2025.18.0-linux-x64/bundled/scripts/noConfigScripts:/sjw_alinlab1/home/jungwook/.local/bin
+++ PATH=/sjw_alinlab1/home/jungwook/.local/bin:/sjw_alinlab1/home/jungwook/.cursor-server/bin/linux-x64/e7a7e93f4d75f8272503ecf33cedbaae10114a10/bin/remote-cli:/sjw_alinlab1/home/jungwook/.local/bin:/sjw_alinlab1/home/jungwook/.nvm/versions/node/v20.20.2/bin:/sjw_alinlab1/home/jungwook/google-cloud-sdk/bin:/sjw_alinlab1/home/jungwook/.local/bin:/sjw_alinlab1/home/jungwook/miniconda3/envs/gr00t-actlat/bin:/sjw_alinlab1/home/jungwook/miniconda3/condabin:/usr/local/sbin:/usr/local/bin:/usr/sbin:/usr/bin:/sbin:/bin:/usr/games:/usr/local/games:/snap/bin:/usr/local/cuda/bin:/sjw_alinlab1/home/jungwook/.local/bin:/sjw_alinlab1/home/jungwook/.cursor-server/extensions/ms-python.debugpy-2025.18.0-linux-x64/bundled/scripts/noConfigScripts:/sjw_alinlab1/home/jungwook/.local/bin
+++ export CONDA_PREFIX=/sjw_alinlab1/home/jungwook/miniconda3/envs/gr00t-actlat
+++ CONDA_PREFIX=/sjw_alinlab1/home/jungwook/miniconda3/envs/gr00t-actlat
+++ export CONDA_SHLVL=2
+++ CONDA_SHLVL=2
+++ export CONDA_DEFAULT_ENV=gr00t-actlat
+++ CONDA_DEFAULT_ENV=gr00t-actlat
+++ export 'CONDA_PROMPT_MODIFIER=(gr00t-actlat) '
+++ CONDA_PROMPT_MODIFIER='(gr00t-actlat) '
+++ export CONDA_PREFIX_1=/sjw_alinlab1/home/jungwook/miniconda3
+++ CONDA_PREFIX_1=/sjw_alinlab1/home/jungwook/miniconda3
+++ export CONDA_EXE=/sjw_alinlab1/home/jungwook/miniconda3/bin/conda
+++ CONDA_EXE=/sjw_alinlab1/home/jungwook/miniconda3/bin/conda
+++ export _CONDA_EXE=/sjw_alinlab1/home/jungwook/miniconda3/bin/conda
+++ _CONDA_EXE=/sjw_alinlab1/home/jungwook/miniconda3/bin/conda
+++ export CONDA_PYTHON_EXE=/sjw_alinlab1/home/jungwook/miniconda3/bin/python
+++ CONDA_PYTHON_EXE=/sjw_alinlab1/home/jungwook/miniconda3/bin/python
+++ export _CONDA_ROOT=/sjw_alinlab1/home/jungwook/miniconda3
+++ _CONDA_ROOT=/sjw_alinlab1/home/jungwook/miniconda3
++ __conda_hashr
++ '[' -n '' ']'
++ '[' -n '' ']'
++ hash -r
+ export PATH=/sjw_alinlab1/home/jungwook/miniconda3/envs/gr00t-actlat/bin:/sjw_alinlab1/home/jungwook/.local/bin:/sjw_alinlab1/home/jungwook/.cursor-server/bin/linux-x64/e7a7e93f4d75f8272503ecf33cedbaae10114a10/bin/remote-cli:/sjw_alinlab1/home/jungwook/.local/bin:/sjw_alinlab1/home/jungwook/.nvm/versions/node/v20.20.2/bin:/sjw_alinlab1/home/jungwook/google-cloud-sdk/bin:/sjw_alinlab1/home/jungwook/.local/bin:/sjw_alinlab1/home/jungwook/miniconda3/envs/gr00t-actlat/bin:/sjw_alinlab1/home/jungwook/miniconda3/condabin:/usr/local/sbin:/usr/local/bin:/usr/sbin:/usr/bin:/sbin:/bin:/usr/games:/usr/local/games:/snap/bin:/usr/local/cuda/bin:/sjw_alinlab1/home/jungwook/.local/bin:/sjw_alinlab1/home/jungwook/.cursor-server/extensions/ms-python.debugpy-2025.18.0-linux-x64/bundled/scripts/noConfigScripts:/sjw_alinlab1/home/jungwook/.local/bin
+ PATH=/sjw_alinlab1/home/jungwook/miniconda3/envs/gr00t-actlat/bin:/sjw_alinlab1/home/jungwook/.local/bin:/sjw_alinlab1/home/jungwook/.cursor-server/bin/linux-x64/e7a7e93f4d75f8272503ecf33cedbaae10114a10/bin/remote-cli:/sjw_alinlab1/home/jungwook/.local/bin:/sjw_alinlab1/home/jungwook/.nvm/versions/node/v20.20.2/bin:/sjw_alinlab1/home/jungwook/google-cloud-sdk/bin:/sjw_alinlab1/home/jungwook/.local/bin:/sjw_alinlab1/home/jungwook/miniconda3/envs/gr00t-actlat/bin:/sjw_alinlab1/home/jungwook/miniconda3/condabin:/usr/local/sbin:/usr/local/bin:/usr/sbin:/usr/bin:/sbin:/bin:/usr/games:/usr/local/games:/snap/bin:/usr/local/cuda/bin:/sjw_alinlab1/home/jungwook/.local/bin:/sjw_alinlab1/home/jungwook/.cursor-server/extensions/ms-python.debugpy-2025.18.0-linux-x64/bundled/scripts/noConfigScripts:/sjw_alinlab1/home/jungwook/.local/bin
+ EMB_CONFIG=/sjw_alinlab1/home/jungwook/action_tokenizer/sbatch_scripts/multiemb/v4_soupv2/embodiments_soupv2.json
+ TOK_CKPT_DIR=/rlwrld-unified-checkpoints/jungwook/action_tokenizer/joint_soupv2_v4_recon_dino_bn64_l1_mse_naiveln_vae_embtok
+ TOK_STEP=400000
+ python scripts/train_action_latent_tokenizer_v4_multiemb.py --resume --embodiments-config /sjw_alinlab1/home/jungwook/action_tokenizer/sbatch_scripts/multiemb/v4_soupv2/embodiments_soupv2.json --output-dir /rlwrld-unified-checkpoints/jungwook/action_tokenizer/joint_soupv2_v4_recon_dino_bn64_l1_mse_naiveln_vae_embtok --run-name actlat_v4_joint_soupv2_recon_dino_bn64_l1_mse_naiveln_vae_embtok --num-gpus 8 --batch-size 64 --max-steps 400000 --save-steps 10000 --save-total-limit 100 --dataloader-num-workers 16 --token-dim 64 --encoder-depth 4 --decoder-depth 4 --dino-model facebook/dinov2-large --dino-channels 1024 --dino-final-norm naive --fusion-width 1024 --fusion-depth 6 --dino-decoder-depth 6 --lambda-recon 1.0 --lambda-dino 0.1 --use-vae --lambda-kl 1e-6 --recon-loss-type l1 --dino-loss-type mse --dino-w-l1 0.0 --dino-w-mse 1.0 --decoder-mode self_attention --use-embodiment-class-token --video-backend decord --use-fixed-val --wandb-project Action-Tokenizer-Joint-SoupV2-tokenizer --eval-steps 1000 --report-to wandb
/sjw_alinlab1/home/jungwook/miniconda3/envs/gr00t-actlat/lib/python3.10/site-packages/albumentations/__init__.py:13: UserWarning: A new version of Albumentations is available: 2.0.8 (you have 1.4.18). Upgrade using: pip install -U albumentations. To disable automatic update checks, set the environment variable NO_ALBUMENTATIONS_UPDATE to 1.
  check_for_updates()
2026-07-25 11:23:04.074011: I tensorflow/core/util/port.cc:113] oneDNN custom operations are on. You may see slightly different numerical results due to floating-point round-off errors from different computation orders. To turn them off, set the environment variable `TF_ENABLE_ONEDNN_OPTS=0`.
2026-07-25 11:23:04.477604: E external/local_xla/xla/stream_executor/cuda/cuda_dnn.cc:9261] Unable to register cuDNN factory: Attempting to register factory for plugin cuDNN when one has already been registered
2026-07-25 11:23:04.477690: E external/local_xla/xla/stream_executor/cuda/cuda_fft.cc:607] Unable to register cuFFT factory: Attempting to register factory for plugin cuFFT when one has already been registered
2026-07-25 11:23:04.552539: E external/local_xla/xla/stream_executor/cuda/cuda_blas.cc:1515] Unable to register cuBLAS factory: Attempting to register factory for plugin cuBLAS when one has already been registered
2026-07-25 11:23:04.669664: I tensorflow/core/platform/cpu_feature_guard.cc:182] This TensorFlow binary is optimized to use available CPU instructions in performance-critical operations.
To enable the following instructions: AVX2 AVX512F AVX512_VNNI AVX512_BF16 AVX_VNNI AMX_TILE AMX_INT8 AMX_BF16 FMA, in other operations, rebuild TensorFlow with the appropriate compiler flags.
2026-07-25 11:23:06.546356: W tensorflow/compiler/tf2tensorrt/utils/py_utils.cc:38] TF-TRT Warning: Could not find TensorRT
2026-07-25 11:23:12.587789: W tensorflow/core/common_runtime/gpu/gpu_device.cc:2256] Cannot dlopen some GPU libraries. Please make sure the missing libraries mentioned above are installed properly if you would like to use GPU. Follow the guide at https://www.tensorflow.org/install/gpu for how to download and setup the required libraries for your platform.
Skipping registering GPU devices...
`use_fast` is set to `True` but the image processor class does not have a fast version.  Falling back to the slow version.
W0725 11:23:21.379000 37310 site-packages/torch/distributed/run.py:793] 
W0725 11:23:21.379000 37310 site-packages/torch/distributed/run.py:793] *****************************************
W0725 11:23:21.379000 37310 site-packages/torch/distributed/run.py:793] Setting OMP_NUM_THREADS environment variable for each process to be 1 in default, to avoid your system being overloaded, please further tune the variable for optimal performance in your application as needed. 
W0725 11:23:21.379000 37310 site-packages/torch/distributed/run.py:793] *****************************************
/sjw_alinlab1/home/jungwook/miniconda3/envs/gr00t-actlat/lib/python3.10/site-packages/albumentations/__init__.py:13: UserWarning: A new version of Albumentations is available: 2.0.8 (you have 1.4.18). Upgrade using: pip install -U albumentations. To disable automatic update checks, set the environment variable NO_ALBUMENTATIONS_UPDATE to 1.
  check_for_updates()
/sjw_alinlab1/home/jungwook/miniconda3/envs/gr00t-actlat/lib/python3.10/site-packages/albumentations/__init__.py:13: UserWarning: A new version of Albumentations is available: 2.0.8 (you have 1.4.18). Upgrade using: pip install -U albumentations. To disable automatic update checks, set the environment variable NO_ALBUMENTATIONS_UPDATE to 1.
  check_for_updates()
/sjw_alinlab1/home/jungwook/miniconda3/envs/gr00t-actlat/lib/python3.10/site-packages/albumentations/__init__.py:13: UserWarning: A new version of Albumentations is available: 2.0.8 (you have 1.4.18). Upgrade using: pip install -U albumentations. To disable automatic update checks, set the environment variable NO_ALBUMENTATIONS_UPDATE to 1.
  check_for_updates()
/sjw_alinlab1/home/jungwook/miniconda3/envs/gr00t-actlat/lib/python3.10/site-packages/albumentations/__init__.py:13: UserWarning: A new version of Albumentations is available: 2.0.8 (you have 1.4.18). Upgrade using: pip install -U albumentations. To disable automatic update checks, set the environment variable NO_ALBUMENTATIONS_UPDATE to 1.
  check_for_updates()
/sjw_alinlab1/home/jungwook/miniconda3/envs/gr00t-actlat/lib/python3.10/site-packages/albumentations/__init__.py:13: UserWarning: A new version of Albumentations is available: 2.0.8 (you have 1.4.18). Upgrade using: pip install -U albumentations. To disable automatic update checks, set the environment variable NO_ALBUMENTATIONS_UPDATE to 1.
  check_for_updates()
/sjw_alinlab1/home/jungwook/miniconda3/envs/gr00t-actlat/lib/python3.10/site-packages/albumentations/__init__.py:13: UserWarning: A new version of Albumentations is available: 2.0.8 (you have 1.4.18). Upgrade using: pip install -U albumentations. To disable automatic update checks, set the environment variable NO_ALBUMENTATIONS_UPDATE to 1.
  check_for_updates()
/sjw_alinlab1/home/jungwook/miniconda3/envs/gr00t-actlat/lib/python3.10/site-packages/albumentations/__init__.py:13: UserWarning: A new version of Albumentations is available: 2.0.8 (you have 1.4.18). Upgrade using: pip install -U albumentations. To disable automatic update checks, set the environment variable NO_ALBUMENTATIONS_UPDATE to 1.
  check_for_updates()
/sjw_alinlab1/home/jungwook/miniconda3/envs/gr00t-actlat/lib/python3.10/site-packages/albumentations/__init__.py:13: UserWarning: A new version of Albumentations is available: 2.0.8 (you have 1.4.18). Upgrade using: pip install -U albumentations. To disable automatic update checks, set the environment variable NO_ALBUMENTATIONS_UPDATE to 1.
  check_for_updates()
2026-07-25 11:23:25.946984: I tensorflow/core/util/port.cc:113] oneDNN custom operations are on. You may see slightly different numerical results due to floating-point round-off errors from different computation orders. To turn them off, set the environment variable `TF_ENABLE_ONEDNN_OPTS=0`.
2026-07-25 11:23:25.947055: I tensorflow/core/util/port.cc:113] oneDNN custom operations are on. You may see slightly different numerical results due to floating-point round-off errors from different computation orders. To turn them off, set the environment variable `TF_ENABLE_ONEDNN_OPTS=0`.
2026-07-25 11:23:25.948762: I tensorflow/core/util/port.cc:113] oneDNN custom operations are on. You may see slightly different numerical results due to floating-point round-off errors from different computation orders. To turn them off, set the environment variable `TF_ENABLE_ONEDNN_OPTS=0`.
2026-07-25 11:23:25.949176: I tensorflow/core/util/port.cc:113] oneDNN custom operations are on. You may see slightly different numerical results due to floating-point round-off errors from different computation orders. To turn them off, set the environment variable `TF_ENABLE_ONEDNN_OPTS=0`.
2026-07-25 11:23:25.949367: I tensorflow/core/util/port.cc:113] oneDNN custom operations are on. You may see slightly different numerical results due to floating-point round-off errors from different computation orders. To turn them off, set the environment variable `TF_ENABLE_ONEDNN_OPTS=0`.
2026-07-25 11:23:25.964059: I tensorflow/core/util/port.cc:113] oneDNN custom operations are on. You may see slightly different numerical results due to floating-point round-off errors from different computation orders. To turn them off, set the environment variable `TF_ENABLE_ONEDNN_OPTS=0`.
2026-07-25 11:23:25.977576: E external/local_xla/xla/stream_executor/cuda/cuda_dnn.cc:9261] Unable to register cuDNN factory: Attempting to register factory for plugin cuDNN when one has already been registered
2026-07-25 11:23:25.977578: E external/local_xla/xla/stream_executor/cuda/cuda_dnn.cc:9261] Unable to register cuDNN factory: Attempting to register factory for plugin cuDNN when one has already been registered
2026-07-25 11:23:25.977578: E external/local_xla/xla/stream_executor/cuda/cuda_dnn.cc:9261] Unable to register cuDNN factory: Attempting to register factory for plugin cuDNN when one has already been registered
2026-07-25 11:23:25.977603: E external/local_xla/xla/stream_executor/cuda/cuda_fft.cc:607] Unable to register cuFFT factory: Attempting to register factory for plugin cuFFT when one has already been registered
2026-07-25 11:23:25.977606: E external/local_xla/xla/stream_executor/cuda/cuda_fft.cc:607] Unable to register cuFFT factory: Attempting to register factory for plugin cuFFT when one has already been registered
2026-07-25 11:23:25.977608: E external/local_xla/xla/stream_executor/cuda/cuda_fft.cc:607] Unable to register cuFFT factory: Attempting to register factory for plugin cuFFT when one has already been registered
2026-07-25 11:23:25.977617: E external/local_xla/xla/stream_executor/cuda/cuda_dnn.cc:9261] Unable to register cuDNN factory: Attempting to register factory for plugin cuDNN when one has already been registered
2026-07-25 11:23:25.977640: E external/local_xla/xla/stream_executor/cuda/cuda_fft.cc:607] Unable to register cuFFT factory: Attempting to register factory for plugin cuFFT when one has already been registered
2026-07-25 11:23:25.977636: E external/local_xla/xla/stream_executor/cuda/cuda_dnn.cc:9261] Unable to register cuDNN factory: Attempting to register factory for plugin cuDNN when one has already been registered
2026-07-25 11:23:25.977660: E external/local_xla/xla/stream_executor/cuda/cuda_fft.cc:607] Unable to register cuFFT factory: Attempting to register factory for plugin cuFFT when one has already been registered
2026-07-25 11:23:25.978579: E external/local_xla/xla/stream_executor/cuda/cuda_blas.cc:1515] Unable to register cuBLAS factory: Attempting to register factory for plugin cuBLAS when one has already been registered
2026-07-25 11:23:25.978620: E external/local_xla/xla/stream_executor/cuda/cuda_blas.cc:1515] Unable to register cuBLAS factory: Attempting to register factory for plugin cuBLAS when one has already been registered
2026-07-25 11:23:25.978649: E external/local_xla/xla/stream_executor/cuda/cuda_blas.cc:1515] Unable to register cuBLAS factory: Attempting to register factory for plugin cuBLAS when one has already been registered
2026-07-25 11:23:25.978652: E external/local_xla/xla/stream_executor/cuda/cuda_blas.cc:1515] Unable to register cuBLAS factory: Attempting to register factory for plugin cuBLAS when one has already been registered
2026-07-25 11:23:25.978652: E external/local_xla/xla/stream_executor/cuda/cuda_blas.cc:1515] Unable to register cuBLAS factory: Attempting to register factory for plugin cuBLAS when one has already been registered
2026-07-25 11:23:25.983128: I tensorflow/core/platform/cpu_feature_guard.cc:182] This TensorFlow binary is optimized to use available CPU instructions in performance-critical operations.
To enable the following instructions: AVX2 AVX512F AVX512_VNNI AVX512_BF16 AVX_VNNI AMX_TILE AMX_INT8 AMX_BF16 FMA, in other operations, rebuild TensorFlow with the appropriate compiler flags.
2026-07-25 11:23:25.983567: I tensorflow/core/platform/cpu_feature_guard.cc:182] This TensorFlow binary is optimized to use available CPU instructions in performance-critical operations.
To enable the following instructions: AVX2 AVX512F AVX512_VNNI AVX512_BF16 AVX_VNNI AMX_TILE AMX_INT8 AMX_BF16 FMA, in other operations, rebuild TensorFlow with the appropriate compiler flags.
2026-07-25 11:23:25.983568: I tensorflow/core/platform/cpu_feature_guard.cc:182] This TensorFlow binary is optimized to use available CPU instructions in performance-critical operations.
To enable the following instructions: AVX2 AVX512F AVX512_VNNI AVX512_BF16 AVX_VNNI AMX_TILE AMX_INT8 AMX_BF16 FMA, in other operations, rebuild TensorFlow with the appropriate compiler flags.
2026-07-25 11:23:25.983568: I tensorflow/core/platform/cpu_feature_guard.cc:182] This TensorFlow binary is optimized to use available CPU instructions in performance-critical operations.
To enable the following instructions: AVX2 AVX512F AVX512_VNNI AVX512_BF16 AVX_VNNI AMX_TILE AMX_INT8 AMX_BF16 FMA, in other operations, rebuild TensorFlow with the appropriate compiler flags.
2026-07-25 11:23:25.983568: I tensorflow/core/platform/cpu_feature_guard.cc:182] This TensorFlow binary is optimized to use available CPU instructions in performance-critical operations.
To enable the following instructions: AVX2 AVX512F AVX512_VNNI AVX512_BF16 AVX_VNNI AMX_TILE AMX_INT8 AMX_BF16 FMA, in other operations, rebuild TensorFlow with the appropriate compiler flags.
2026-07-25 11:23:25.993158: E external/local_xla/xla/stream_executor/cuda/cuda_dnn.cc:9261] Unable to register cuDNN factory: Attempting to register factory for plugin cuDNN when one has already been registered
2026-07-25 11:23:25.993183: E external/local_xla/xla/stream_executor/cuda/cuda_fft.cc:607] Unable to register cuFFT factory: Attempting to register factory for plugin cuFFT when one has already been registered
2026-07-25 11:23:25.993875: E external/local_xla/xla/stream_executor/cuda/cuda_blas.cc:1515] Unable to register cuBLAS factory: Attempting to register factory for plugin cuBLAS when one has already been registered
2026-07-25 11:23:25.998359: I tensorflow/core/platform/cpu_feature_guard.cc:182] This TensorFlow binary is optimized to use available CPU instructions in performance-critical operations.
To enable the following instructions: AVX2 AVX512F AVX512_VNNI AVX512_BF16 AVX_VNNI AMX_TILE AMX_INT8 AMX_BF16 FMA, in other operations, rebuild TensorFlow with the appropriate compiler flags.
2026-07-25 11:23:26.019358: I tensorflow/core/util/port.cc:113] oneDNN custom operations are on. You may see slightly different numerical results due to floating-point round-off errors from different computation orders. To turn them off, set the environment variable `TF_ENABLE_ONEDNN_OPTS=0`.
2026-07-25 11:23:26.062727: E external/local_xla/xla/stream_executor/cuda/cuda_dnn.cc:9261] Unable to register cuDNN factory: Attempting to register factory for plugin cuDNN when one has already been registered
2026-07-25 11:23:26.062752: E external/local_xla/xla/stream_executor/cuda/cuda_fft.cc:607] Unable to register cuFFT factory: Attempting to register factory for plugin cuFFT when one has already been registered
2026-07-25 11:23:26.063490: E external/local_xla/xla/stream_executor/cuda/cuda_blas.cc:1515] Unable to register cuBLAS factory: Attempting to register factory for plugin cuBLAS when one has already been registered
2026-07-25 11:23:26.067894: I tensorflow/core/platform/cpu_feature_guard.cc:182] This TensorFlow binary is optimized to use available CPU instructions in performance-critical operations.
To enable the following instructions: AVX2 AVX512F AVX512_VNNI AVX512_BF16 AVX_VNNI AMX_TILE AMX_INT8 AMX_BF16 FMA, in other operations, rebuild TensorFlow with the appropriate compiler flags.
2026-07-25 11:23:26.127450: I tensorflow/core/util/port.cc:113] oneDNN custom operations are on. You may see slightly different numerical results due to floating-point round-off errors from different computation orders. To turn them off, set the environment variable `TF_ENABLE_ONEDNN_OPTS=0`.
2026-07-25 11:23:26.176395: E external/local_xla/xla/stream_executor/cuda/cuda_dnn.cc:9261] Unable to register cuDNN factory: Attempting to register factory for plugin cuDNN when one has already been registered
2026-07-25 11:23:26.176428: E external/local_xla/xla/stream_executor/cuda/cuda_fft.cc:607] Unable to register cuFFT factory: Attempting to register factory for plugin cuFFT when one has already been registered
2026-07-25 11:23:26.177532: E external/local_xla/xla/stream_executor/cuda/cuda_blas.cc:1515] Unable to register cuBLAS factory: Attempting to register factory for plugin cuBLAS when one has already been registered
2026-07-25 11:23:26.184568: I tensorflow/core/platform/cpu_feature_guard.cc:182] This TensorFlow binary is optimized to use available CPU instructions in performance-critical operations.
To enable the following instructions: AVX2 AVX512F AVX512_VNNI AVX512_BF16 AVX_VNNI AMX_TILE AMX_INT8 AMX_BF16 FMA, in other operations, rebuild TensorFlow with the appropriate compiler flags.
2026-07-25 11:23:27.118726: W tensorflow/compiler/tf2tensorrt/utils/py_utils.cc:38] TF-TRT Warning: Could not find TensorRT
2026-07-25 11:23:27.118788: W tensorflow/compiler/tf2tensorrt/utils/py_utils.cc:38] TF-TRT Warning: Could not find TensorRT
2026-07-25 11:23:27.118802: W tensorflow/compiler/tf2tensorrt/utils/py_utils.cc:38] TF-TRT Warning: Could not find TensorRT
2026-07-25 11:23:27.118802: W tensorflow/compiler/tf2tensorrt/utils/py_utils.cc:38] TF-TRT Warning: Could not find TensorRT
2026-07-25 11:23:27.118826: W tensorflow/compiler/tf2tensorrt/utils/py_utils.cc:38] TF-TRT Warning: Could not find TensorRT
2026-07-25 11:23:27.118826: W tensorflow/compiler/tf2tensorrt/utils/py_utils.cc:38] TF-TRT Warning: Could not find TensorRT
2026-07-25 11:23:27.134701: W tensorflow/compiler/tf2tensorrt/utils/py_utils.cc:38] TF-TRT Warning: Could not find TensorRT
2026-07-25 11:23:27.363682: W tensorflow/compiler/tf2tensorrt/utils/py_utils.cc:38] TF-TRT Warning: Could not find TensorRT
2026-07-25 11:23:31.965716: W tensorflow/core/common_runtime/gpu/gpu_device.cc:2256] Cannot dlopen some GPU libraries. Please make sure the missing libraries mentioned above are installed properly if you would like to use GPU. Follow the guide at https://www.tensorflow.org/install/gpu for how to download and setup the required libraries for your platform.
Skipping registering GPU devices...
2026-07-25 11:23:33.376740: W tensorflow/core/common_runtime/gpu/gpu_device.cc:2256] Cannot dlopen some GPU libraries. Please make sure the missing libraries mentioned above are installed properly if you would like to use GPU. Follow the guide at https://www.tensorflow.org/install/gpu for how to download and setup the required libraries for your platform.
Skipping registering GPU devices...
2026-07-25 11:23:33.479149: W tensorflow/core/common_runtime/gpu/gpu_device.cc:2256] Cannot dlopen some GPU libraries. Please make sure the missing libraries mentioned above are installed properly if you would like to use GPU. Follow the guide at https://www.tensorflow.org/install/gpu for how to download and setup the required libraries for your platform.
Skipping registering GPU devices...
2026-07-25 11:23:33.603234: W tensorflow/core/common_runtime/gpu/gpu_device.cc:2256] Cannot dlopen some GPU libraries. Please make sure the missing libraries mentioned above are installed properly if you would like to use GPU. Follow the guide at https://www.tensorflow.org/install/gpu for how to download and setup the required libraries for your platform.
Skipping registering GPU devices...
2026-07-25 11:23:33.613416: W tensorflow/core/common_runtime/gpu/gpu_device.cc:2256] Cannot dlopen some GPU libraries. Please make sure the missing libraries mentioned above are installed properly if you would like to use GPU. Follow the guide at https://www.tensorflow.org/install/gpu for how to download and setup the required libraries for your platform.
Skipping registering GPU devices...
2026-07-25 11:23:33.736846: W tensorflow/core/common_runtime/gpu/gpu_device.cc:2256] Cannot dlopen some GPU libraries. Please make sure the missing libraries mentioned above are installed properly if you would like to use GPU. Follow the guide at https://www.tensorflow.org/install/gpu for how to download and setup the required libraries for your platform.
Skipping registering GPU devices...
2026-07-25 11:23:33.737169: W tensorflow/core/common_runtime/gpu/gpu_device.cc:2256] Cannot dlopen some GPU libraries. Please make sure the missing libraries mentioned above are installed properly if you would like to use GPU. Follow the guide at https://www.tensorflow.org/install/gpu for how to download and setup the required libraries for your platform.
Skipping registering GPU devices...
2026-07-25 11:23:33.737337: W tensorflow/core/common_runtime/gpu/gpu_device.cc:2256] Cannot dlopen some GPU libraries. Please make sure the missing libraries mentioned above are installed properly if you would like to use GPU. Follow the guide at https://www.tensorflow.org/install/gpu for how to download and setup the required libraries for your platform.
Skipping registering GPU devices...
`use_fast` is set to `True` but the image processor class does not have a fast version.  Falling back to the slow version.
`use_fast` is set to `True` but the image processor class does not have a fast version.  Falling back to the slow version.
`use_fast` is set to `True` but the image processor class does not have a fast version.  Falling back to the slow version.
`use_fast` is set to `True` but the image processor class does not have a fast version.  Falling back to the slow version.
`use_fast` is set to `True` but the image processor class does not have a fast version.  Falling back to the slow version.
`use_fast` is set to `True` but the image processor class does not have a fast version.  Falling back to the slow version.
`use_fast` is set to `True` but the image processor class does not have a fast version.  Falling back to the slow version.
`use_fast` is set to `True` but the image processor class does not have a fast version.  Falling back to the slow version.
/sjw_alinlab1/home/jungwook/action_tokenizer/gr00t/data/dataset.py:1352: RuntimeWarning: invalid value encountered in sqrt
  overall_std = np.sqrt(overall_variance).tolist()
/sjw_alinlab1/home/jungwook/action_tokenizer/gr00t/data/dataset.py:1352: RuntimeWarning: invalid value encountered in sqrt
  overall_std = np.sqrt(overall_variance).tolist()
/sjw_alinlab1/home/jungwook/action_tokenizer/gr00t/data/dataset.py:1352: RuntimeWarning: invalid value encountered in sqrt
  overall_std = np.sqrt(overall_variance).tolist()
/sjw_alinlab1/home/jungwook/action_tokenizer/gr00t/data/dataset.py:1352: RuntimeWarning: invalid value encountered in sqrt
  overall_std = np.sqrt(overall_variance).tolist()
/sjw_alinlab1/home/jungwook/action_tokenizer/gr00t/data/dataset.py:1352: RuntimeWarning: invalid value encountered in sqrt
  overall_std = np.sqrt(overall_variance).tolist()
/sjw_alinlab1/home/jungwook/action_tokenizer/gr00t/data/dataset.py:1352: RuntimeWarning: invalid value encountered in sqrt
  overall_std = np.sqrt(overall_variance).tolist()
/sjw_alinlab1/home/jungwook/action_tokenizer/gr00t/data/dataset.py:1352: RuntimeWarning: invalid value encountered in sqrt
  overall_std = np.sqrt(overall_variance).tolist()
/sjw_alinlab1/home/jungwook/action_tokenizer/gr00t/data/dataset.py:1352: RuntimeWarning: invalid value encountered in sqrt
  overall_std = np.sqrt(overall_variance).tolist()
wandb: Using wandb-core as the SDK backend. Please refer to https://wandb.me/wandb-core for more information.
wandb: Currently logged in as: jungwook2357 (jungwook2357-seoul-national-university). Use `wandb login --relogin` to force relogin
wandb: Tracking run with wandb version 0.18.0
wandb: Run data is saved locally in /rlwrld-unified-checkpoints/jungwook/action_tokenizer/joint_soupv2_v4_recon_dino_bn64_l1_mse_naiveln_vae_embtok/wandb/run-20260725_112404-yu3ibdrc
wandb: Run `wandb offline` to turn off syncing.
wandb: Syncing run actlat_v4_joint_soupv2_recon_dino_bn64_l1_mse_naiveln_vae_embtok
wandb: ⭐️ View project at https://wandb.ai/jungwook2357-seoul-national-university/Action-Tokenizer-Joint-SoupV2-tokenizer
wandb: 🚀 View run at https://wandb.ai/jungwook2357-seoul-national-university/Action-Tokenizer-Joint-SoupV2-tokenizer/runs/yu3ibdrc
  0%|          | 0/400000 [00:00<?, ?it/s][rank1]:[W725 11:24:28.260804061 reducer.cpp:1400] Warning: find_unused_parameters=True was specified in DDP constructor, but did not find any unused parameters in the forward pass. This flag results in an extra traversal of the autograd graph every iteration,  which can adversely affect performance. If your model indeed never has any unused parameters in the forward pass, consider turning this flag off. Note that this warning may be a false positive if your model has flow control causing later iterations to have unused parameters. (function operator())
[rank6]:[W725 11:24:28.295932029 reducer.cpp:1400] Warning: find_unused_parameters=True was specified in DDP constructor, but did not find any unused parameters in the forward pass. This flag results in an extra traversal of the autograd graph every iteration,  which can adversely affect performance. If your model indeed never has any unused parameters in the forward pass, consider turning this flag off. Note that this warning may be a false positive if your model has flow control causing later iterations to have unused parameters. (function operator())
[rank5]:[W725 11:24:29.323431972 reducer.cpp:1400] Warning: find_unused_parameters=True was specified in DDP constructor, but did not find any unused parameters in the forward pass. This flag results in an extra traversal of the autograd graph every iteration,  which can adversely affect performance. If your model indeed never has any unused parameters in the forward pass, consider turning this flag off. Note that this warning may be a false positive if your model has flow control causing later iterations to have unused parameters. (function operator())
[rank4]:[W725 11:24:29.357735035 reducer.cpp:1400] Warning: find_unused_parameters=True was specified in DDP constructor, but did not find any unused parameters in the forward pass. This flag results in an extra traversal of the autograd graph every iteration,  which can adversely affect performance. If your model indeed never has any unused parameters in the forward pass, consider turning this flag off. Note that this warning may be a false positive if your model has flow control causing later iterations to have unused parameters. (function operator())
[rank7]:[W725 11:24:29.447514064 reducer.cpp:1400] Warning: find_unused_parameters=True was specified in DDP constructor, but did not find any unused parameters in the forward pass. This flag results in an extra traversal of the autograd graph every iteration,  which can adversely affect performance. If your model indeed never has any unused parameters in the forward pass, consider turning this flag off. Note that this warning may be a false positive if your model has flow control causing later iterations to have unused parameters. (function operator())
[rank3]:[W725 11:24:29.473384983 reducer.cpp:1400] Warning: find_unused_parameters=True was specified in DDP constructor, but did not find any unused parameters in the forward pass. This flag results in an extra traversal of the autograd graph every iteration,  which can adversely affect performance. If your model indeed never has any unused parameters in the forward pass, consider turning this flag off. Note that this warning may be a false positive if your model has flow control causing later iterations to have unused parameters. (function operator())
[rank2]:[W725 11:24:29.484938937 reducer.cpp:1400] Warning: find_unused_parameters=True was specified in DDP constructor, but did not find any unused parameters in the forward pass. This flag results in an extra traversal of the autograd graph every iteration,  which can adversely affect performance. If your model indeed never has any unused parameters in the forward pass, consider turning this flag off. Note that this warning may be a false positive if your model has flow control causing later iterations to have unused parameters. (function operator())
[rank0]:[W725 11:24:29.672702770 reducer.cpp:1400] Warning: find_unused_parameters=True was specified in DDP constructor, but did not find any unused parameters in the forward pass. This flag results in an extra traversal of the autograd graph every iteration,  which can adversely affect performance. If your model indeed never has any unused parameters in the forward pass, consider turning this flag off. Note that this warning may be a false positive if your model has flow control causing later iterations to have unused parameters. (function operator())
  0%|          | 1/400000 [00:25<2869:52:23, 25.83s/it]  0%|          | 2/400000 [00:26<1213:16:21, 10.92s/it]  0%|          | 3/400000 [00:26<677:15:04,  6.10s/it]   0%|          | 4/400000 [00:27<426:58:59,  3.84s/it]  0%|          | 5/400000 [00:27<289:26:14,  2.60s/it]  0%|          | 6/400000 [00:27<207:40:08,  1.87s/it]  0%|          | 7/400000 [00:28<158:48:58,  1.43s/it]  0%|          | 8/400000 [00:29<129:16:58,  1.16s/it]  0%|          | 9/400000 [00:29<109:02:47,  1.02it/s]  0%|          | 10/400000 [00:30<95:32:24,  1.16it/s]                                                        0%|          | 10/400000 [00:30<95:32:24,  1.16it/s]  0%|          | 11/400000 [00:30<87:44:24,  1.27it/s]  0%|          | 12/400000 [00:31<83:03:29,  1.34it/s]  0%|          | 13/400000 [00:32<79:26:21,  1.40it/s]  0%|          | 14/400000 [00:32<76:58:21,  1.44it/s]  0%|          | 15/400000 [00:33<74:20:32,  1.49it/s]  0%|          | 16/400000 [00:34<74:05:54,  1.50it/s]  0%|          | 17/400000 [00:34<73:17:26,  1.52it/s]  0%|          | 18/400000 [00:35<73:10:48,  1.52it/s]  0%|          | 19/400000 [00:35<72:50:25,  1.53it/s]  0%|          | 20/400000 [00:36<72:18:14,  1.54it/s]                                                        0%|          | 20/400000 [00:36<72:18:14,  1.54it/s]  0%|          | 21/400000 [00:37<73:43:15,  1.51it/s]  0%|          | 22/400000 [00:38<74:36:19,  1.49it/s]  0%|          | 23/400000 [00:38<73:55:54,  1.50it/s]  0%|          | 24/400000 [00:39<74:11:13,  1.50it/s]  0%|          | 25/400000 [00:39<73:48:33,  1.51it/s]  0%|          | 26/400000 [00:40<74:01:07,  1.50it/s]  0%|          | 27/400000 [00:41<73:10:52,  1.52it/s]  0%|          | 28/400000 [00:42<76:21:58,  1.45it/s]  0%|          | 29/400000 [00:42<75:54:33,  1.46it/s]  0%|          | 30/400000 [00:43<75:58:50,  1.46it/s]                                                        0%|          | 30/400000 [00:43<75:58:50,  1.46it/s]  0%|          | 31/400000 [00:44<88:53:21,  1.25it/s]  0%|          | 32/400000 [00:45<85:33:20,  1.30it/s]  0%|          | 33/400000 [00:45<83:59:11,  1.32it/s]  0%|          | 34/400000 [00:46<81:52:42,  1.36it/s]  0%|          | 35/400000 [00:47<80:36:47,  1.38it/s]  0%|          | 36/400000 [00:47<78:58:35,  1.41it/s]  0%|          | 37/400000 [00:48<77:11:11,  1.44it/s]  0%|          | 38/400000 [00:49<73:26:37,  1.51it/s]  0%|          | 39/400000 [00:49<71:54:47,  1.54it/s]  0%|          | 40/400000 [00:50<83:43:54,  1.33it/s]                                                        0%|          | 40/400000 [00:50<83:43:54,  1.33it/s]  0%|          | 41/400000 [00:51<77:56:31,  1.43it/s]  0%|          | 42/400000 [00:52<90:09:01,  1.23it/s]  0%|          | 43/400000 [00:53<84:34:09,  1.31it/s]  0%|          | 44/400000 [00:54<88:54:33,  1.25it/s]  0%|          | 45/400000 [00:54<84:19:31,  1.32it/s]  0%|          | 46/400000 [00:55<81:23:27,  1.36it/s]  0%|          | 47/400000 [00:56<79:13:53,  1.40it/s]  0%|          | 48/400000 [00:56<81:54:32,  1.36it/s]  0%|          | 49/400000 [00:57<79:32:59,  1.40it/s]  0%|          | 50/400000 [00:58<78:43:36,  1.41it/s]                                                        0%|          | 50/400000 [00:58<78:43:36,  1.41it/s]  0%|          | 51/400000 [00:58<78:11:08,  1.42it/s]  0%|          | 52/400000 [00:59<88:22:34,  1.26it/s]  0%|          | 53/400000 [01:00<85:56:27,  1.29it/s]  0%|          | 54/400000 [01:01<81:55:28,  1.36it/s]  0%|          | 55/400000 [01:02<86:12:25,  1.29it/s]  0%|          | 56/400000 [01:02<81:02:41,  1.37it/s]  0%|          | 57/400000 [01:03<80:46:16,  1.38it/s]  0%|          | 58/400000 [01:04<90:39:07,  1.23it/s]  0%|          | 59/400000 [01:05<84:39:42,  1.31it/s]  0%|          | 60/400000 [01:05<81:56:57,  1.36it/s]                                                        0%|          | 60/400000 [01:05<81:56:57,  1.36it/s]  0%|          | 61/400000 [01:06<84:42:12,  1.31it/s]  0%|          | 62/400000 [01:07<81:58:13,  1.36it/s]  0%|          | 63/400000 [01:07<77:59:11,  1.42it/s]  0%|          | 64/400000 [01:08<76:34:24,  1.45it/s]  0%|          | 65/400000 [01:09<75:44:58,  1.47it/s]  0%|          | 66/400000 [01:09<73:41:08,  1.51it/s]  0%|          | 67/400000 [01:10<73:20:54,  1.51it/s]  0%|          | 68/400000 [01:11<73:00:51,  1.52it/s]  0%|          | 69/400000 [01:11<77:57:09,  1.43it/s]  0%|          | 70/400000 [01:12<78:08:36,  1.42it/s]                                                        0%|          | 70/400000 [01:12<78:08:36,  1.42it/s]  0%|          | 71/400000 [01:13<77:50:33,  1.43it/s]  0%|          | 72/400000 [01:14<77:38:14,  1.43it/s]  0%|          | 73/400000 [01:14<76:57:37,  1.44it/s]  0%|          | 74/400000 [01:15<76:56:17,  1.44it/s]  0%|          | 75/400000 [01:16<76:12:36,  1.46it/s]  0%|          | 76/400000 [01:16<74:52:33,  1.48it/s]  0%|          | 77/400000 [01:17<74:52:55,  1.48it/s]  0%|          | 78/400000 [01:18<85:25:26,  1.30it/s]  0%|          | 79/400000 [01:19<80:59:37,  1.37it/s]  0%|          | 80/400000 [01:19<79:29:16,  1.40it/s]                                                        0%|          | 80/400000 [01:19<79:29:16,  1.40it/s]  0%|          | 81/400000 [01:20<77:23:16,  1.44it/s]  0%|          | 82/400000 [01:21<76:42:22,  1.45it/s]  0%|          | 83/400000 [01:21<75:28:01,  1.47it/s]  0%|          | 84/400000 [01:22<75:42:28,  1.47it/s]  0%|          | 85/400000 [01:23<75:14:49,  1.48it/s]  0%|          | 86/400000 [01:23<74:31:21,  1.49it/s]  0%|          | 87/400000 [01:24<75:05:52,  1.48it/s]  0%|          | 88/400000 [01:25<74:25:42,  1.49it/s]  0%|          | 89/400000 [01:26<83:59:04,  1.32it/s]  0%|          | 90/400000 [01:26<79:57:01,  1.39it/s]                                                        0%|          | 90/400000 [01:26<79:57:01,  1.39it/s]  0%|          | 91/400000 [01:27<81:25:22,  1.36it/s]  0%|          | 92/400000 [01:28<80:11:53,  1.39it/s]  0%|          | 93/400000 [01:29<90:29:06,  1.23it/s]  0%|          | 94/400000 [01:29<85:20:07,  1.30it/s]  0%|          | 95/400000 [01:30<80:30:43,  1.38it/s]  0%|          | 96/400000 [01:31<77:07:43,  1.44it/s]  0%|          | 97/400000 [01:31<79:58:58,  1.39it/s]  0%|          | 98/400000 [01:32<80:41:38,  1.38it/s]  0%|          | 99/400000 [01:33<78:58:34,  1.41it/s]  0%|          | 100/400000 [01:33<76:45:32,  1.45it/s]                                                         0%|          | 100/400000 [01:33<76:45:32,  1.45it/s]  0%|          | 101/400000 [01:34<75:15:57,  1.48it/s]  0%|          | 102/400000 [01:35<75:23:48,  1.47it/s]  0%|          | 103/400000 [01:35<74:55:07,  1.48it/s]  0%|          | 104/400000 [01:36<73:38:17,  1.51it/s]  0%|          | 105/400000 [01:37<73:52:32,  1.50it/s]  0%|          | 106/400000 [01:37<73:21:02,  1.51it/s]  0%|          | 107/400000 [01:38<72:31:24,  1.53it/s]  0%|          | 108/400000 [01:39<72:35:12,  1.53it/s]  0%|          | 109/400000 [01:39<72:27:12,  1.53it/s]  0%|          | 110/400000 [01:40<72:13:31,  1.54it/s]                                                         0%|          | 110/400000 [01:40<72:13:31,  1.54it/s]  0%|          | 111/400000 [01:41<72:09:54,  1.54it/s]  0%|          | 112/400000 [01:41<72:20:43,  1.54it/s]  0%|          | 113/400000 [01:42<73:18:20,  1.52it/s]  0%|          | 114/400000 [01:43<74:50:15,  1.48it/s]  0%|          | 115/400000 [01:43<74:43:29,  1.49it/s]  0%|          | 116/400000 [01:44<75:23:02,  1.47it/s]  0%|          | 117/400000 [01:45<74:50:19,  1.48it/s]  0%|          | 118/400000 [01:45<75:30:49,  1.47it/s]  0%|          | 119/400000 [01:46<74:55:36,  1.48it/s]  0%|          | 120/400000 [01:47<74:41:11,  1.49it/s]                                                         0%|          | 120/400000 [01:47<74:41:11,  1.49it/s]  0%|          | 121/400000 [01:47<75:10:22,  1.48it/s]  0%|          | 122/400000 [01:48<76:44:24,  1.45it/s]  0%|          | 123/400000 [01:49<77:10:49,  1.44it/s]  0%|          | 124/400000 [01:49<77:53:57,  1.43it/s]  0%|          | 125/400000 [01:50<78:47:32,  1.41it/s]  0%|          | 126/400000 [01:51<78:03:30,  1.42it/s]  0%|          | 127/400000 [01:52<75:25:07,  1.47it/s]  0%|          | 128/400000 [01:52<76:07:55,  1.46it/s]  0%|          | 129/400000 [01:53<75:31:13,  1.47it/s]  0%|          | 130/400000 [01:54<75:15:41,  1.48it/s]                                                         0%|          | 130/400000 [01:54<75:15:41,  1.48it/s]  0%|          | 131/400000 [01:54<75:35:56,  1.47it/s]  0%|          | 132/400000 [01:55<74:16:53,  1.50it/s]  0%|          | 133/400000 [01:56<74:29:30,  1.49it/s]  0%|          | 134/400000 [01:56<73:10:17,  1.52it/s]  0%|          | 135/400000 [01:57<73:23:07,  1.51it/s]  0%|          | 136/400000 [01:58<73:43:48,  1.51it/s]  0%|          | 137/400000 [01:58<74:20:18,  1.49it/s]  0%|          | 138/400000 [01:59<75:17:31,  1.48it/s]  0%|          | 139/400000 [02:00<74:57:51,  1.48it/s]  0%|          | 140/400000 [02:00<75:25:12,  1.47it/s]                                                         0%|          | 140/400000 [02:00<75:25:12,  1.47it/s]  0%|          | 141/400000 [02:01<77:21:14,  1.44it/s]  0%|          | 142/400000 [02:02<75:31:09,  1.47it/s]  0%|          | 143/400000 [02:02<75:35:28,  1.47it/s]  0%|          | 144/400000 [02:03<75:55:55,  1.46it/s]  0%|          | 145/400000 [02:04<76:41:50,  1.45it/s]  0%|          | 146/400000 [02:04<77:36:31,  1.43it/s]  0%|          | 147/400000 [02:06<100:21:57,  1.11it/s]  0%|          | 148/400000 [02:06<91:53:11,  1.21it/s]   0%|          | 149/400000 [02:07<86:31:33,  1.28it/s]  0%|          | 150/400000 [02:08<82:19:12,  1.35it/s]                                                         0%|          | 150/400000 [02:08<82:19:12,  1.35it/s]  0%|          | 151/400000 [02:09<80:42:47,  1.38it/s]  0%|          | 152/400000 [02:09<86:16:44,  1.29it/s]  0%|          | 153/400000 [02:10<85:20:43,  1.30it/s]  0%|          | 154/400000 [02:11<82:13:25,  1.35it/s]  0%|          | 155/400000 [02:11<79:10:55,  1.40it/s]  0%|          | 156/400000 [02:12<76:27:27,  1.45it/s]  0%|          | 157/400000 [02:13<75:42:15,  1.47it/s]  0%|          | 158/400000 [02:13<74:15:52,  1.50it/s]  0%|          | 159/400000 [02:14<74:29:51,  1.49it/s]  0%|          | 160/400000 [02:15<78:41:43,  1.41it/s]                                                         0%|          | 160/400000 [02:15<78:41:43,  1.41it/s]  0%|          | 161/400000 [02:16<86:28:03,  1.28it/s]  0%|          | 162/400000 [02:16<81:39:53,  1.36it/s]  0%|          | 163/400000 [02:17<78:09:06,  1.42it/s]  0%|          | 164/400000 [02:18<75:27:57,  1.47it/s]  0%|          | 165/400000 [02:18<76:41:19,  1.45it/s]  0%|          | 166/400000 [02:19<75:20:15,  1.47it/s]  0%|          | 167/400000 [02:20<74:43:07,  1.49it/s]  0%|          | 168/400000 [02:20<76:10:24,  1.46it/s]  0%|          | 169/400000 [02:21<75:25:01,  1.47it/s]  0%|          | 170/400000 [02:22<83:36:36,  1.33it/s]                                                         0%|          | 170/400000 [02:22<83:36:36,  1.33it/s]  0%|          | 171/400000 [02:23<81:28:51,  1.36it/s]  0%|          | 172/400000 [02:23<79:05:34,  1.40it/s]  0%|          | 173/400000 [02:24<78:08:49,  1.42it/s]  0%|          | 174/400000 [02:25<76:23:14,  1.45it/s]  0%|          | 175/400000 [02:25<72:21:12,  1.54it/s]  0%|          | 176/400000 [02:26<72:38:26,  1.53it/s]  0%|          | 177/400000 [02:27<73:07:37,  1.52it/s]  0%|          | 178/400000 [02:27<71:59:10,  1.54it/s]  0%|          | 179/400000 [02:28<76:01:08,  1.46it/s]  0%|          | 180/400000 [02:29<76:35:07,  1.45it/s]                                                         0%|          | 180/400000 [02:29<76:35:07,  1.45it/s]  0%|          | 181/400000 [02:29<75:57:49,  1.46it/s]  0%|          | 182/400000 [02:30<74:58:21,  1.48it/s]  0%|          | 183/400000 [02:31<74:17:06,  1.50it/s]  0%|          | 184/400000 [02:31<73:01:38,  1.52it/s]  0%|          | 185/400000 [02:32<74:34:01,  1.49it/s]  0%|          | 186/400000 [02:33<85:03:47,  1.31it/s]  0%|          | 187/400000 [02:34<87:17:34,  1.27it/s]  0%|          | 188/400000 [02:35<85:27:43,  1.30it/s]  0%|          | 189/400000 [02:35<81:54:53,  1.36it/s]  0%|          | 190/400000 [02:36<78:47:53,  1.41it/s]                                                         0%|          | 190/400000 [02:36<78:47:53,  1.41it/s]  0%|          | 191/400000 [02:37<77:08:38,  1.44it/s]  0%|          | 192/400000 [02:37<75:48:45,  1.46it/s]  0%|          | 193/400000 [02:38<74:17:45,  1.49it/s]  0%|          | 194/400000 [02:39<75:15:47,  1.48it/s]  0%|          | 195/400000 [02:39<73:45:57,  1.51it/s]  0%|          | 196/400000 [02:40<74:27:24,  1.49it/s]  0%|          | 197/400000 [02:41<73:45:46,  1.51it/s]  0%|          | 198/400000 [02:41<73:55:35,  1.50it/s]  0%|          | 199/400000 [02:42<74:48:02,  1.48it/s]  0%|          | 200/400000 [02:43<74:14:24,  1.50it/s]                                                         0%|          | 200/400000 [02:43<74:14:24,  1.50it/s]  0%|          | 201/400000 [02:43<74:42:48,  1.49it/s]  0%|          | 202/400000 [02:44<74:43:58,  1.49it/s]  0%|          | 203/400000 [02:45<73:29:01,  1.51it/s]  0%|          | 204/400000 [02:45<74:15:36,  1.50it/s]  0%|          | 205/400000 [02:46<74:01:53,  1.50it/s]  0%|          | 206/400000 [02:47<74:17:23,  1.49it/s]  0%|          | 207/400000 [02:47<74:30:28,  1.49it/s]  0%|          | 208/400000 [02:48<73:04:06,  1.52it/s]  0%|          | 209/400000 [02:49<77:14:03,  1.44it/s]  0%|          | 210/400000 [02:49<77:07:01,  1.44it/s]                                                         0%|          | 210/400000 [02:49<77:07:01,  1.44it/s]  0%|          | 211/400000 [02:50<88:37:02,  1.25it/s]  0%|          | 212/400000 [02:51<84:40:49,  1.31it/s]  0%|          | 213/400000 [02:52<81:03:59,  1.37it/s]  0%|          | 214/400000 [02:52<79:00:57,  1.41it/s]  0%|          | 215/400000 [02:53<75:55:45,  1.46it/s]  0%|          | 216/400000 [02:54<77:20:43,  1.44it/s]  0%|          | 217/400000 [02:55<80:49:59,  1.37it/s]  0%|          | 218/400000 [02:55<80:56:58,  1.37it/s]  0%|          | 219/400000 [02:56<79:40:21,  1.39it/s]  0%|          | 220/400000 [02:57<77:09:31,  1.44it/s]                                                         0%|          | 220/400000 [02:57<77:09:31,  1.44it/s]  0%|          | 221/400000 [02:57<79:21:11,  1.40it/s]  0%|          | 222/400000 [02:58<77:49:37,  1.43it/s]  0%|          | 223/400000 [02:59<76:43:54,  1.45it/s]  0%|          | 224/400000 [02:59<77:31:02,  1.43it/s]  0%|          | 225/400000 [03:00<86:58:19,  1.28it/s]  0%|          | 226/400000 [03:01<90:14:49,  1.23it/s]  0%|          | 227/400000 [03:02<85:49:46,  1.29it/s]  0%|          | 228/400000 [03:03<81:42:06,  1.36it/s]  0%|          | 229/400000 [03:03<78:52:27,  1.41it/s]  0%|          | 230/400000 [03:04<76:59:52,  1.44it/s]                                                         0%|          | 230/400000 [03:04<76:59:52,  1.44it/s]  0%|          | 231/400000 [03:05<75:45:40,  1.47it/s]  0%|          | 232/400000 [03:05<73:49:51,  1.50it/s]  0%|          | 233/400000 [03:06<72:54:01,  1.52it/s]  0%|          | 234/400000 [03:06<73:01:48,  1.52it/s]  0%|          | 235/400000 [03:07<85:29:30,  1.30it/s]  0%|          | 236/400000 [03:08<87:38:14,  1.27it/s]  0%|          | 237/400000 [03:09<85:15:34,  1.30it/s]  0%|          | 238/400000 [03:10<81:20:50,  1.37it/s]  0%|          | 239/400000 [03:10<78:42:44,  1.41it/s]  0%|          | 240/400000 [03:11<76:27:15,  1.45it/s]                                                         0%|          | 240/400000 [03:11<76:27:15,  1.45it/s]  0%|          | 241/400000 [03:12<74:32:22,  1.49it/s]  0%|          | 242/400000 [03:12<76:24:12,  1.45it/s]  0%|          | 243/400000 [03:13<79:27:44,  1.40it/s]  0%|          | 244/400000 [03:14<79:10:54,  1.40it/s]  0%|          | 245/400000 [03:14<76:27:31,  1.45it/s]  0%|          | 246/400000 [03:15<74:21:47,  1.49it/s]  0%|          | 247/400000 [03:16<81:23:25,  1.36it/s]  0%|          | 248/400000 [03:17<77:49:13,  1.43it/s]  0%|          | 249/400000 [03:17<75:19:16,  1.47it/s]  0%|          | 250/400000 [03:18<75:17:48,  1.47it/s]                                                         0%|          | 250/400000 [03:18<75:17:48,  1.47it/s]  0%|          | 251/400000 [03:19<84:59:27,  1.31it/s]  0%|          | 252/400000 [03:20<92:35:26,  1.20it/s]  0%|          | 253/400000 [03:21<96:05:58,  1.16it/s]  0%|          | 254/400000 [03:21<87:37:56,  1.27it/s]  0%|          | 255/400000 [03:22<83:50:41,  1.32it/s]  0%|          | 256/400000 [03:23<89:52:16,  1.24it/s]  0%|          | 257/400000 [03:24<88:29:23,  1.25it/s]  0%|          | 258/400000 [03:24<83:08:54,  1.34it/s]  0%|          | 259/400000 [03:25<80:02:41,  1.39it/s]  0%|          | 260/400000 [03:26<76:15:47,  1.46it/s]                                                         0%|          | 260/400000 [03:26<76:15:47,  1.46it/s]  0%|          | 261/400000 [03:26<74:26:10,  1.49it/s]  0%|          | 262/400000 [03:27<71:33:15,  1.55it/s]  0%|          | 263/400000 [03:28<70:40:55,  1.57it/s]  0%|          | 264/400000 [03:28<71:07:30,  1.56it/s]  0%|          | 265/400000 [03:29<71:05:41,  1.56it/s]  0%|          | 266/400000 [03:29<70:52:13,  1.57it/s]  0%|          | 267/400000 [03:30<70:52:27,  1.57it/s]  0%|          | 268/400000 [03:31<70:02:34,  1.59it/s]  0%|          | 269/400000 [03:31<71:03:26,  1.56it/s]  0%|          | 270/400000 [03:32<70:50:58,  1.57it/s]                                                         0%|          | 270/400000 [03:32<70:50:58,  1.57it/s]  0%|          | 271/400000 [03:33<71:12:27,  1.56it/s]  0%|          | 272/400000 [03:33<71:48:33,  1.55it/s]  0%|          | 273/400000 [03:34<83:52:00,  1.32it/s]  0%|          | 274/400000 [03:35<86:27:29,  1.28it/s]  0%|          | 275/400000 [03:36<82:19:20,  1.35it/s]  0%|          | 276/400000 [03:36<79:32:27,  1.40it/s]  0%|          | 277/400000 [03:37<76:49:18,  1.45it/s]  0%|          | 278/400000 [03:38<76:32:07,  1.45it/s]  0%|          | 279/400000 [03:38<75:42:18,  1.47it/s]  0%|          | 280/400000 [03:39<74:03:20,  1.50it/s]                                                         0%|          | 280/400000 [03:39<74:03:20,  1.50it/s]  0%|          | 281/400000 [03:40<72:28:49,  1.53it/s]  0%|          | 282/400000 [03:40<72:55:47,  1.52it/s]  0%|          | 283/400000 [03:41<78:40:44,  1.41it/s]  0%|          | 284/400000 [03:42<79:05:42,  1.40it/s]  0%|          | 285/400000 [03:43<77:20:13,  1.44it/s]  0%|          | 286/400000 [03:43<75:25:53,  1.47it/s]  0%|          | 287/400000 [03:44<75:45:04,  1.47it/s]  0%|          | 288/400000 [03:45<75:32:30,  1.47it/s]  0%|          | 289/400000 [03:45<74:20:43,  1.49it/s]  0%|          | 290/400000 [03:46<75:52:32,  1.46it/s]                                                         0%|          | 290/400000 [03:46<75:52:32,  1.46it/s]  0%|          | 291/400000 [03:47<77:24:21,  1.43it/s]  0%|          | 292/400000 [03:47<77:29:52,  1.43it/s]  0%|          | 293/400000 [03:48<75:56:07,  1.46it/s]  0%|          | 294/400000 [03:49<74:31:14,  1.49it/s]  0%|          | 295/400000 [03:49<75:16:37,  1.47it/s]  0%|          | 296/400000 [03:50<75:00:27,  1.48it/s]  0%|          | 297/400000 [03:51<74:23:58,  1.49it/s]  0%|          | 298/400000 [03:51<73:52:58,  1.50it/s]  0%|          | 299/400000 [03:52<79:29:29,  1.40it/s]  0%|          | 300/400000 [03:53<81:12:50,  1.37it/s]                                                         0%|          | 300/400000 [03:53<81:12:50,  1.37it/s]  0%|          | 301/400000 [03:54<81:44:54,  1.36it/s]  0%|          | 302/400000 [03:54<79:46:32,  1.39it/s]  0%|          | 303/400000 [03:55<77:57:54,  1.42it/s]  0%|          | 304/400000 [03:56<76:27:55,  1.45it/s]  0%|          | 305/400000 [03:56<74:26:06,  1.49it/s]  0%|          | 306/400000 [03:57<74:30:57,  1.49it/s]  0%|          | 307/400000 [03:58<73:04:22,  1.52it/s]  0%|          | 308/400000 [03:58<74:38:02,  1.49it/s]  0%|          | 309/400000 [03:59<80:28:48,  1.38it/s]  0%|          | 310/400000 [04:00<83:09:14,  1.34it/s]                                                         0%|          | 310/400000 [04:00<83:09:14,  1.34it/s]  0%|          | 311/400000 [04:01<81:25:15,  1.36it/s]  0%|          | 312/400000 [04:01<78:31:39,  1.41it/s]  0%|          | 313/400000 [04:02<76:58:36,  1.44it/s]  0%|          | 314/400000 [04:03<76:09:39,  1.46it/s]  0%|          | 315/400000 [04:03<74:42:02,  1.49it/s]  0%|          | 316/400000 [04:04<76:10:03,  1.46it/s]  0%|          | 317/400000 [04:05<77:51:49,  1.43it/s]  0%|          | 318/400000 [04:06<90:32:35,  1.23it/s]  0%|          | 319/400000 [04:06<85:05:18,  1.30it/s]  0%|          | 320/400000 [04:07<80:44:20,  1.38it/s]                                                         0%|          | 320/400000 [04:07<80:44:20,  1.38it/s]  0%|          | 321/400000 [04:08<78:09:50,  1.42it/s]  0%|          | 322/400000 [04:08<75:30:33,  1.47it/s]  0%|          | 323/400000 [04:09<73:45:09,  1.51it/s]  0%|          | 324/400000 [04:10<74:43:14,  1.49it/s]  0%|          | 325/400000 [04:10<74:25:03,  1.49it/s]  0%|          | 326/400000 [04:11<76:54:25,  1.44it/s]  0%|          | 327/400000 [04:12<79:30:48,  1.40it/s]  0%|          | 328/400000 [04:13<77:42:12,  1.43it/s]  0%|          | 329/400000 [04:13<76:12:00,  1.46it/s]  0%|          | 330/400000 [04:14<79:10:34,  1.40it/s]                                                         0%|          | 330/400000 [04:14<79:10:34,  1.40it/s]  0%|          | 331/400000 [04:15<81:06:57,  1.37it/s]  0%|          | 332/400000 [04:15<81:28:06,  1.36it/s]  0%|          | 333/400000 [04:16<77:15:15,  1.44it/s]  0%|          | 334/400000 [04:17<74:33:15,  1.49it/s]  0%|          | 335/400000 [04:17<73:16:09,  1.52it/s]  0%|          | 336/400000 [04:18<73:58:46,  1.50it/s]  0%|          | 337/400000 [04:19<73:37:48,  1.51it/s]  0%|          | 338/400000 [04:19<73:14:26,  1.52it/s]  0%|          | 339/400000 [04:20<72:36:05,  1.53it/s]  0%|          | 340/400000 [04:21<73:32:10,  1.51it/s]                                                         0%|          | 340/400000 [04:21<73:32:10,  1.51it/s]  0%|          | 341/400000 [04:21<75:46:56,  1.46it/s]  0%|          | 342/400000 [04:22<75:56:28,  1.46it/s]  0%|          | 343/400000 [04:23<75:02:26,  1.48it/s]  0%|          | 344/400000 [04:23<74:11:24,  1.50it/s]  0%|          | 345/400000 [04:24<73:18:29,  1.51it/s]  0%|          | 346/400000 [04:25<72:50:08,  1.52it/s]  0%|          | 347/400000 [04:26<81:06:15,  1.37it/s]  0%|          | 348/400000 [04:27<88:50:36,  1.25it/s]  0%|          | 349/400000 [04:27<89:54:26,  1.23it/s]  0%|          | 350/400000 [04:28<86:37:30,  1.28it/s]                                                         0%|          | 350/400000 [04:28<86:37:30,  1.28it/s]  0%|          | 351/400000 [04:29<81:38:32,  1.36it/s]  0%|          | 352/400000 [04:29<78:07:40,  1.42it/s]  0%|          | 353/400000 [04:30<75:54:28,  1.46it/s]  0%|          | 354/400000 [04:31<80:19:02,  1.38it/s]  0%|          | 355/400000 [04:32<81:31:43,  1.36it/s]  0%|          | 356/400000 [04:32<79:23:21,  1.40it/s]  0%|          | 357/400000 [04:33<78:45:44,  1.41it/s]  0%|          | 358/400000 [04:34<78:13:30,  1.42it/s]  0%|          | 359/400000 [04:34<77:51:15,  1.43it/s]  0%|          | 360/400000 [04:35<76:24:07,  1.45it/s]                                                         0%|          | 360/400000 [04:35<76:24:07,  1.45it/s]  0%|          | 361/400000 [04:36<75:13:53,  1.48it/s]  0%|          | 362/400000 [04:36<78:55:28,  1.41it/s]  0%|          | 363/400000 [04:37<78:22:00,  1.42it/s]  0%|          | 364/400000 [04:38<77:11:47,  1.44it/s]  0%|          | 365/400000 [04:38<77:02:48,  1.44it/s]  0%|          | 366/400000 [04:39<75:36:59,  1.47it/s]  0%|          | 367/400000 [04:40<74:26:05,  1.49it/s]  0%|          | 368/400000 [04:40<73:26:16,  1.51it/s]  0%|          | 369/400000 [04:41<73:13:20,  1.52it/s]  0%|          | 370/400000 [04:42<78:21:13,  1.42it/s]                                                         0%|          | 370/400000 [04:42<78:21:13,  1.42it/s]  0%|          | 371/400000 [04:43<80:13:20,  1.38it/s]  0%|          | 372/400000 [04:43<78:56:41,  1.41it/s]  0%|          | 373/400000 [04:44<77:46:39,  1.43it/s]  0%|          | 374/400000 [04:45<75:51:12,  1.46it/s]  0%|          | 375/400000 [04:45<71:26:07,  1.55it/s]  0%|          | 376/400000 [04:46<71:55:49,  1.54it/s]  0%|          | 377/400000 [04:46<72:39:05,  1.53it/s]  0%|          | 378/400000 [04:47<72:15:03,  1.54it/s]  0%|          | 379/400000 [04:48<76:24:37,  1.45it/s]  0%|          | 380/400000 [04:49<80:56:50,  1.37it/s]                                                         0%|          | 380/400000 [04:49<80:56:50,  1.37it/s]  0%|          | 381/400000 [04:49<80:24:51,  1.38it/s]  0%|          | 382/400000 [04:50<78:04:17,  1.42it/s]  0%|          | 383/400000 [04:51<75:47:16,  1.46it/s]  0%|          | 384/400000 [04:51<75:09:36,  1.48it/s]  0%|          | 385/400000 [04:52<75:08:14,  1.48it/s]  0%|          | 386/400000 [04:53<75:31:43,  1.47it/s]  0%|          | 387/400000 [04:53<74:24:28,  1.49it/s]  0%|          | 388/400000 [04:54<75:15:51,  1.47it/s]  0%|          | 389/400000 [04:55<76:18:05,  1.45it/s]  0%|          | 390/400000 [04:56<76:23:44,  1.45it/s]                                                         0%|          | 390/400000 [04:56<76:23:44,  1.45it/s]  0%|          | 391/400000 [04:56<75:52:05,  1.46it/s]  0%|          | 392/400000 [04:57<75:51:44,  1.46it/s]  0%|          | 393/400000 [04:58<79:13:04,  1.40it/s]  0%|          | 394/400000 [04:58<79:28:25,  1.40it/s]  0%|          | 395/400000 [04:59<79:07:05,  1.40it/s]  0%|          | 396/400000 [05:00<78:21:54,  1.42it/s]  0%|          | 397/400000 [05:00<76:56:38,  1.44it/s]  0%|          | 398/400000 [05:01<75:39:51,  1.47it/s]  0%|          | 399/400000 [05:02<75:28:01,  1.47it/s]  0%|          | 400/400000 [05:02<77:14:35,  1.44it/s]                                                         0%|          | 400/400000 [05:03<77:14:35,  1.44it/s]  0%|          | 401/400000 [05:03<78:55:39,  1.41it/s]  0%|          | 402/400000 [05:04<76:07:22,  1.46it/s]  0%|          | 403/400000 [05:05<75:52:12,  1.46it/s]  0%|          | 404/400000 [05:05<75:17:55,  1.47it/s]  0%|          | 405/400000 [05:06<78:09:19,  1.42it/s]  0%|          | 406/400000 [05:07<80:42:25,  1.38it/s]  0%|          | 407/400000 [05:08<81:09:16,  1.37it/s]  0%|          | 408/400000 [05:08<79:14:22,  1.40it/s]  0%|          | 409/400000 [05:09<77:11:09,  1.44it/s]  0%|          | 410/400000 [05:09<75:00:06,  1.48it/s]                                                         0%|          | 410/400000 [05:09<75:00:06,  1.48it/s]  0%|          | 411/400000 [05:10<74:50:59,  1.48it/s]  0%|          | 412/400000 [05:11<74:22:38,  1.49it/s]  0%|          | 413/400000 [05:12<76:17:53,  1.45it/s]  0%|          | 414/400000 [05:12<76:36:41,  1.45it/s]  0%|          | 415/400000 [05:13<76:53:36,  1.44it/s]  0%|          | 416/400000 [05:14<75:58:54,  1.46it/s]  0%|          | 417/400000 [05:14<75:20:18,  1.47it/s]  0%|          | 418/400000 [05:15<74:40:48,  1.49it/s]  0%|          | 419/400000 [05:16<73:08:52,  1.52it/s]  0%|          | 420/400000 [05:16<81:17:53,  1.37it/s]                                                         0%|          | 420/400000 [05:16<81:17:53,  1.37it/s]  0%|          | 421/400000 [05:17<82:25:19,  1.35it/s]  0%|          | 422/400000 [05:18<81:52:34,  1.36it/s]  0%|          | 423/400000 [05:19<79:19:41,  1.40it/s]  0%|          | 424/400000 [05:19<77:35:21,  1.43it/s]  0%|          | 425/400000 [05:20<75:43:41,  1.47it/s]  0%|          | 426/400000 [05:21<75:02:31,  1.48it/s]  0%|          | 427/400000 [05:21<76:17:25,  1.45it/s]  0%|          | 428/400000 [05:22<75:21:34,  1.47it/s]  0%|          | 429/400000 [05:23<74:21:44,  1.49it/s]  0%|          | 430/400000 [05:23<78:25:35,  1.42it/s]                                                         0%|          | 430/400000 [05:23<78:25:35,  1.42it/s]  0%|          | 431/400000 [05:24<79:08:26,  1.40it/s]  0%|          | 432/400000 [05:25<77:54:07,  1.42it/s]  0%|          | 433/400000 [05:25<76:08:31,  1.46it/s]  0%|          | 434/400000 [05:26<75:28:21,  1.47it/s]  0%|          | 435/400000 [05:27<74:40:49,  1.49it/s]  0%|          | 436/400000 [05:27<75:40:01,  1.47it/s]  0%|          | 437/400000 [05:28<74:14:13,  1.50it/s]  0%|          | 438/400000 [05:29<73:59:49,  1.50it/s]  0%|          | 439/400000 [05:29<73:46:20,  1.50it/s]  0%|          | 440/400000 [05:30<73:57:37,  1.50it/s]                                                         0%|          | 440/400000 [05:30<73:57:37,  1.50it/s]  0%|          | 441/400000 [05:31<73:08:17,  1.52it/s]  0%|          | 442/400000 [05:31<72:58:23,  1.52it/s]  0%|          | 443/400000 [05:32<72:42:22,  1.53it/s]  0%|          | 444/400000 [05:33<73:44:30,  1.51it/s]  0%|          | 445/400000 [05:34<82:06:37,  1.35it/s]  0%|          | 446/400000 [05:35<88:52:08,  1.25it/s]  0%|          | 447/400000 [05:35<88:40:16,  1.25it/s]  0%|          | 448/400000 [05:36<84:52:01,  1.31it/s]  0%|          | 449/400000 [05:37<81:44:11,  1.36it/s]  0%|          | 450/400000 [05:37<80:17:19,  1.38it/s]                                                         0%|          | 450/400000 [05:37<80:17:19,  1.38it/s]  0%|          | 451/400000 [05:38<80:49:08,  1.37it/s]  0%|          | 452/400000 [05:39<78:43:32,  1.41it/s]  0%|          | 453/400000 [05:39<77:26:04,  1.43it/s]  0%|          | 454/400000 [05:40<75:07:25,  1.48it/s]  0%|          | 455/400000 [05:41<74:48:49,  1.48it/s]  0%|          | 456/400000 [05:41<73:53:14,  1.50it/s]  0%|          | 457/400000 [05:42<73:57:51,  1.50it/s]  0%|          | 458/400000 [05:43<74:30:27,  1.49it/s]  0%|          | 459/400000 [05:44<76:59:43,  1.44it/s]  0%|          | 460/400000 [05:44<77:54:50,  1.42it/s]                                                         0%|          | 460/400000 [05:44<77:54:50,  1.42it/s]  0%|          | 461/400000 [05:45<77:51:04,  1.43it/s]  0%|          | 462/400000 [05:46<79:16:00,  1.40it/s]  0%|          | 463/400000 [05:47<84:35:58,  1.31it/s]  0%|          | 464/400000 [05:47<85:19:34,  1.30it/s]  0%|          | 465/400000 [05:48<80:44:50,  1.37it/s]  0%|          | 466/400000 [05:49<77:58:03,  1.42it/s]  0%|          | 467/400000 [05:49<75:47:09,  1.46it/s]  0%|          | 468/400000 [05:50<74:43:55,  1.49it/s]  0%|          | 469/400000 [05:51<74:45:41,  1.48it/s]  0%|          | 470/400000 [05:51<74:41:42,  1.49it/s]                                                         0%|          | 470/400000 [05:51<74:41:42,  1.49it/s]  0%|          | 471/400000 [05:52<73:43:40,  1.51it/s]  0%|          | 472/400000 [05:53<73:50:52,  1.50it/s]  0%|          | 473/400000 [05:53<76:37:46,  1.45it/s]  0%|          | 474/400000 [05:54<76:03:07,  1.46it/s]  0%|          | 475/400000 [05:55<76:30:03,  1.45it/s]  0%|          | 476/400000 [05:55<78:15:26,  1.42it/s]  0%|          | 477/400000 [05:56<76:54:56,  1.44it/s]  0%|          | 478/400000 [05:57<74:35:56,  1.49it/s]  0%|          | 479/400000 [05:57<73:50:24,  1.50it/s]  0%|          | 480/400000 [05:58<72:38:36,  1.53it/s]                                                         0%|          | 480/400000 [05:58<72:38:36,  1.53it/s]  0%|          | 481/400000 [05:59<76:17:15,  1.45it/s]  0%|          | 482/400000 [06:00<78:33:03,  1.41it/s]  0%|          | 483/400000 [06:00<78:18:34,  1.42it/s]  0%|          | 484/400000 [06:01<77:13:23,  1.44it/s]  0%|          | 485/400000 [06:02<76:55:44,  1.44it/s]  0%|          | 486/400000 [06:02<75:02:59,  1.48it/s]  0%|          | 487/400000 [06:03<74:16:23,  1.49it/s]  0%|          | 488/400000 [06:04<74:14:51,  1.49it/s]  0%|          | 489/400000 [06:04<73:15:54,  1.51it/s]  0%|          | 490/400000 [06:05<76:18:13,  1.45it/s]                                                         0%|          | 490/400000 [06:05<76:18:13,  1.45it/s]  0%|          | 491/400000 [06:06<79:31:22,  1.40it/s]  0%|          | 492/400000 [06:07<82:26:29,  1.35it/s]  0%|          | 493/400000 [06:07<82:19:14,  1.35it/s]  0%|          | 494/400000 [06:08<79:12:29,  1.40it/s]  0%|          | 495/400000 [06:09<77:08:29,  1.44it/s]  0%|          | 496/400000 [06:09<75:44:33,  1.47it/s]  0%|          | 497/400000 [06:10<76:32:10,  1.45it/s]  0%|          | 498/400000 [06:11<73:51:11,  1.50it/s]  0%|          | 499/400000 [06:11<74:12:09,  1.50it/s]  0%|          | 500/400000 [06:12<74:09:33,  1.50it/s]                                                         0%|          | 500/400000 [06:12<74:09:33,  1.50it/s]  0%|          | 501/400000 [06:13<73:43:28,  1.51it/s]  0%|          | 502/400000 [06:13<73:55:42,  1.50it/s]  0%|          | 503/400000 [06:14<73:41:08,  1.51it/s]  0%|          | 504/400000 [06:15<74:13:00,  1.50it/s]  0%|          | 505/400000 [06:15<74:44:23,  1.48it/s]  0%|          | 506/400000 [06:16<74:30:14,  1.49it/s]  0%|          | 507/400000 [06:17<74:51:18,  1.48it/s]  0%|          | 508/400000 [06:17<74:22:26,  1.49it/s]  0%|          | 509/400000 [06:18<74:08:10,  1.50it/s]  0%|          | 510/400000 [06:19<73:27:51,  1.51it/s]                                                         0%|          | 510/400000 [06:19<73:27:51,  1.51it/s]  0%|          | 511/400000 [06:19<75:49:32,  1.46it/s]  0%|          | 512/400000 [06:20<74:35:14,  1.49it/s]  0%|          | 513/400000 [06:21<76:20:12,  1.45it/s]  0%|          | 514/400000 [06:21<75:16:03,  1.47it/s]  0%|          | 515/400000 [06:22<74:41:28,  1.49it/s]  0%|          | 516/400000 [06:23<74:29:14,  1.49it/s]  0%|          | 517/400000 [06:23<73:38:44,  1.51it/s]  0%|          | 518/400000 [06:24<78:42:18,  1.41it/s]  0%|          | 519/400000 [06:25<78:06:19,  1.42it/s]  0%|          | 520/400000 [06:25<77:54:27,  1.42it/s]                                                         0%|          | 520/400000 [06:25<77:54:27,  1.42it/s]  0%|          | 521/400000 [06:26<77:39:55,  1.43it/s]  0%|          | 522/400000 [06:27<77:44:38,  1.43it/s]  0%|          | 523/400000 [06:28<77:24:05,  1.43it/s]  0%|          | 524/400000 [06:28<76:00:06,  1.46it/s]  0%|          | 525/400000 [06:29<78:41:46,  1.41it/s]  0%|          | 526/400000 [06:30<77:17:14,  1.44it/s]  0%|          | 527/400000 [06:30<75:41:45,  1.47it/s]  0%|          | 528/400000 [06:31<75:14:29,  1.47it/s]  0%|          | 529/400000 [06:32<74:52:46,  1.48it/s]  0%|          | 530/400000 [06:32<81:09:47,  1.37it/s]                                                         0%|          | 530/400000 [06:33<81:09:47,  1.37it/s]  0%|          | 531/400000 [06:33<82:42:31,  1.34it/s]  0%|          | 532/400000 [06:34<79:47:30,  1.39it/s]  0%|          | 533/400000 [06:35<78:21:26,  1.42it/s]  0%|          | 534/400000 [06:35<76:59:58,  1.44it/s]  0%|          | 535/400000 [06:36<75:54:26,  1.46it/s]  0%|          | 536/400000 [06:37<76:08:25,  1.46it/s]  0%|          | 537/400000 [06:37<77:03:00,  1.44it/s]  0%|          | 538/400000 [06:38<77:31:06,  1.43it/s]  0%|          | 539/400000 [06:39<77:14:33,  1.44it/s]  0%|          | 540/400000 [06:39<76:55:21,  1.44it/s]                                                         0%|          | 540/400000 [06:39<76:55:21,  1.44it/s]  0%|          | 541/400000 [06:40<75:42:53,  1.47it/s]  0%|          | 542/400000 [06:41<75:21:51,  1.47it/s]  0%|          | 543/400000 [06:41<74:21:12,  1.49it/s]  0%|          | 544/400000 [06:42<73:54:48,  1.50it/s]  0%|          | 545/400000 [06:43<73:19:38,  1.51it/s]  0%|          | 546/400000 [06:43<76:07:23,  1.46it/s]  0%|          | 547/400000 [06:44<77:59:11,  1.42it/s]  0%|          | 548/400000 [06:45<78:54:16,  1.41it/s]  0%|          | 549/400000 [06:46<77:45:52,  1.43it/s]  0%|          | 550/400000 [06:46<77:29:54,  1.43it/s]                                                         0%|          | 550/400000 [06:46<77:29:54,  1.43it/s]  0%|          | 551/400000 [06:47<76:29:14,  1.45it/s]  0%|          | 552/400000 [06:48<77:49:42,  1.43it/s]  0%|          | 553/400000 [06:48<78:19:21,  1.42it/s]  0%|          | 554/400000 [06:49<78:07:35,  1.42it/s]  0%|          | 555/400000 [06:50<77:34:49,  1.43it/s]  0%|          | 556/400000 [06:50<74:54:07,  1.48it/s]  0%|          | 557/400000 [06:51<74:35:13,  1.49it/s]  0%|          | 558/400000 [06:52<75:32:22,  1.47it/s]  0%|          | 559/400000 [06:52<76:15:22,  1.46it/s]  0%|          | 560/400000 [06:53<74:23:04,  1.49it/s]                                                         0%|          | 560/400000 [06:53<74:23:04,  1.49it/s]  0%|          | 561/400000 [06:54<74:45:12,  1.48it/s]  0%|          | 562/400000 [06:54<74:52:17,  1.48it/s]  0%|          | 563/400000 [06:55<77:02:45,  1.44it/s]  0%|          | 564/400000 [06:56<76:48:42,  1.44it/s]  0%|          | 565/400000 [06:57<76:47:12,  1.44it/s]  0%|          | 566/400000 [06:57<76:32:30,  1.45it/s]  0%|          | 567/400000 [06:58<76:51:29,  1.44it/s]  0%|          | 568/400000 [06:59<75:22:41,  1.47it/s]  0%|          | 569/400000 [06:59<74:54:30,  1.48it/s]  0%|          | 570/400000 [07:00<75:34:47,  1.47it/s]                                                         0%|          | 570/400000 [07:00<75:34:47,  1.47it/s]  0%|          | 571/400000 [07:01<75:23:22,  1.47it/s]  0%|          | 572/400000 [07:01<74:38:08,  1.49it/s]  0%|          | 573/400000 [07:02<81:56:55,  1.35it/s]  0%|          | 574/400000 [07:03<89:33:19,  1.24it/s]  0%|          | 575/400000 [07:04<89:57:13,  1.23it/s]  0%|          | 576/400000 [07:05<85:42:15,  1.29it/s]  0%|          | 577/400000 [07:05<81:16:49,  1.37it/s]  0%|          | 578/400000 [07:06<78:30:20,  1.41it/s]  0%|          | 579/400000 [07:07<75:55:07,  1.46it/s]  0%|          | 580/400000 [07:07<74:09:09,  1.50it/s]                                                         0%|          | 580/400000 [07:07<74:09:09,  1.50it/s]  0%|          | 581/400000 [07:08<82:40:30,  1.34it/s]  0%|          | 582/400000 [07:09<83:58:03,  1.32it/s]  0%|          | 583/400000 [07:10<81:22:15,  1.36it/s]  0%|          | 584/400000 [07:10<78:50:05,  1.41it/s]  0%|          | 585/400000 [07:11<76:13:13,  1.46it/s]  0%|          | 586/400000 [07:12<73:53:36,  1.50it/s]  0%|          | 587/400000 [07:12<74:18:04,  1.49it/s]  0%|          | 588/400000 [07:13<74:02:58,  1.50it/s]  0%|          | 589/400000 [07:14<75:20:58,  1.47it/s]  0%|          | 590/400000 [07:14<73:11:53,  1.52it/s]                                                         0%|          | 590/400000 [07:14<73:11:53,  1.52it/s]  0%|          | 591/400000 [07:15<73:24:22,  1.51it/s]  0%|          | 592/400000 [07:16<73:34:46,  1.51it/s]  0%|          | 593/400000 [07:16<72:44:40,  1.53it/s]  0%|          | 594/400000 [07:17<73:01:13,  1.52it/s]  0%|          | 595/400000 [07:17<73:22:30,  1.51it/s]  0%|          | 596/400000 [07:18<72:08:49,  1.54it/s]  0%|          | 597/400000 [07:19<71:58:44,  1.54it/s]  0%|          | 598/400000 [07:20<75:22:31,  1.47it/s]  0%|          | 599/400000 [07:20<77:00:03,  1.44it/s]  0%|          | 600/400000 [07:21<77:41:10,  1.43it/s]                                                         0%|          | 600/400000 [07:21<77:41:10,  1.43it/s]  0%|          | 601/400000 [07:22<75:28:50,  1.47it/s]  0%|          | 602/400000 [07:22<76:38:16,  1.45it/s]  0%|          | 603/400000 [07:23<77:23:08,  1.43it/s]  0%|          | 604/400000 [07:24<75:15:38,  1.47it/s]  0%|          | 605/400000 [07:25<82:35:58,  1.34it/s]  0%|          | 606/400000 [07:25<83:49:41,  1.32it/s]  0%|          | 607/400000 [07:26<80:18:37,  1.38it/s]  0%|          | 608/400000 [07:27<79:06:47,  1.40it/s]  0%|          | 609/400000 [07:27<77:01:25,  1.44it/s]  0%|          | 610/400000 [07:28<76:48:09,  1.44it/s]                                                         0%|          | 610/400000 [07:28<76:48:09,  1.44it/s]  0%|          | 611/400000 [07:29<75:32:07,  1.47it/s]  0%|          | 612/400000 [07:29<73:32:53,  1.51it/s]  0%|          | 613/400000 [07:30<80:13:29,  1.38it/s]  0%|          | 614/400000 [07:31<87:04:08,  1.27it/s]  0%|          | 615/400000 [07:32<89:22:52,  1.24it/s]  0%|          | 616/400000 [07:33<87:53:31,  1.26it/s]  0%|          | 617/400000 [07:33<82:51:11,  1.34it/s]  0%|          | 618/400000 [07:34<79:32:33,  1.39it/s]  0%|          | 619/400000 [07:35<76:14:33,  1.46it/s]  0%|          | 620/400000 [07:35<76:44:49,  1.45it/s]                                                         0%|          | 620/400000 [07:35<76:44:49,  1.45it/s]  0%|          | 621/400000 [07:36<85:27:34,  1.30it/s]  0%|          | 622/400000 [07:37<84:55:58,  1.31it/s]  0%|          | 623/400000 [07:38<82:15:39,  1.35it/s]  0%|          | 624/400000 [07:38<78:55:34,  1.41it/s]  0%|          | 625/400000 [07:39<76:39:44,  1.45it/s]  0%|          | 626/400000 [07:40<74:22:07,  1.49it/s]  0%|          | 627/400000 [07:40<72:23:13,  1.53it/s]  0%|          | 628/400000 [07:41<71:21:03,  1.55it/s]  0%|          | 629/400000 [07:42<84:43:25,  1.31it/s]  0%|          | 630/400000 [07:43<91:09:15,  1.22it/s]                                                         0%|          | 630/400000 [07:43<91:09:15,  1.22it/s]  0%|          | 631/400000 [07:44<90:25:24,  1.23it/s]  0%|          | 632/400000 [07:44<86:32:43,  1.28it/s]  0%|          | 633/400000 [07:45<81:36:55,  1.36it/s]  0%|          | 634/400000 [07:46<79:15:26,  1.40it/s]  0%|          | 635/400000 [07:46<76:21:25,  1.45it/s]  0%|          | 636/400000 [07:47<74:37:02,  1.49it/s]  0%|          | 637/400000 [07:48<73:04:32,  1.52it/s]  0%|          | 638/400000 [07:48<74:38:28,  1.49it/s]  0%|          | 639/400000 [07:49<74:55:37,  1.48it/s]  0%|          | 640/400000 [07:50<74:05:51,  1.50it/s]                                                         0%|          | 640/400000 [07:50<74:05:51,  1.50it/s]  0%|          | 641/400000 [07:50<73:21:35,  1.51it/s]  0%|          | 642/400000 [07:51<74:15:21,  1.49it/s]  0%|          | 643/400000 [07:52<74:52:26,  1.48it/s]  0%|          | 644/400000 [07:52<74:04:29,  1.50it/s]  0%|          | 645/400000 [07:53<74:33:27,  1.49it/s]  0%|          | 646/400000 [07:54<73:34:13,  1.51it/s]  0%|          | 647/400000 [07:54<73:58:17,  1.50it/s]  0%|          | 648/400000 [07:55<77:10:07,  1.44it/s]  0%|          | 649/400000 [07:56<78:33:18,  1.41it/s]  0%|          | 650/400000 [07:56<80:11:27,  1.38it/s]                                                         0%|          | 650/400000 [07:56<80:11:27,  1.38it/s]  0%|          | 651/400000 [07:57<79:56:55,  1.39it/s]  0%|          | 652/400000 [07:58<78:09:38,  1.42it/s]  0%|          | 653/400000 [07:59<87:43:20,  1.26it/s]  0%|          | 654/400000 [08:00<86:40:22,  1.28it/s]  0%|          | 655/400000 [08:00<82:53:11,  1.34it/s]  0%|          | 656/400000 [08:01<79:45:26,  1.39it/s]  0%|          | 657/400000 [08:02<78:45:35,  1.41it/s]  0%|          | 658/400000 [08:02<77:15:01,  1.44it/s]  0%|          | 659/400000 [08:03<74:25:48,  1.49it/s]  0%|          | 660/400000 [08:04<74:03:03,  1.50it/s]                                                         0%|          | 660/400000 [08:04<74:03:03,  1.50it/s]  0%|          | 661/400000 [08:04<80:20:37,  1.38it/s]  0%|          | 662/400000 [08:05<83:41:27,  1.33it/s]  0%|          | 663/400000 [08:06<81:06:25,  1.37it/s]  0%|          | 664/400000 [08:07<79:19:24,  1.40it/s]  0%|          | 665/400000 [08:07<77:06:25,  1.44it/s]  0%|          | 666/400000 [08:08<77:18:43,  1.43it/s]  0%|          | 667/400000 [08:09<76:06:50,  1.46it/s]  0%|          | 668/400000 [08:09<75:06:27,  1.48it/s]  0%|          | 669/400000 [08:10<74:40:32,  1.49it/s]  0%|          | 670/400000 [08:11<73:18:46,  1.51it/s]                                                         0%|          | 670/400000 [08:11<73:18:46,  1.51it/s]  0%|          | 671/400000 [08:11<72:30:58,  1.53it/s]  0%|          | 672/400000 [08:12<72:49:50,  1.52it/s]  0%|          | 673/400000 [08:13<73:18:08,  1.51it/s]  0%|          | 674/400000 [08:13<72:15:42,  1.54it/s]  0%|          | 675/400000 [08:14<72:30:35,  1.53it/s]  0%|          | 676/400000 [08:14<72:31:04,  1.53it/s]  0%|          | 677/400000 [08:15<74:07:01,  1.50it/s]  0%|          | 678/400000 [08:16<73:54:13,  1.50it/s]  0%|          | 679/400000 [08:17<76:23:41,  1.45it/s]  0%|          | 680/400000 [08:17<74:48:18,  1.48it/s]                                                         0%|          | 680/400000 [08:17<74:48:18,  1.48it/s]  0%|          | 681/400000 [08:18<74:19:52,  1.49it/s]  0%|          | 682/400000 [08:19<74:03:24,  1.50it/s]  0%|          | 683/400000 [08:19<76:56:42,  1.44it/s]  0%|          | 684/400000 [08:20<84:25:10,  1.31it/s]  0%|          | 685/400000 [08:21<87:04:52,  1.27it/s]  0%|          | 686/400000 [08:22<87:31:53,  1.27it/s]  0%|          | 687/400000 [08:23<84:32:39,  1.31it/s]  0%|          | 688/400000 [08:23<81:49:04,  1.36it/s]  0%|          | 689/400000 [08:24<81:30:24,  1.36it/s]  0%|          | 690/400000 [08:25<79:59:11,  1.39it/s]                                                         0%|          | 690/400000 [08:25<79:59:11,  1.39it/s]  0%|          | 691/400000 [08:25<77:34:27,  1.43it/s]  0%|          | 692/400000 [08:26<75:59:32,  1.46it/s]  0%|          | 693/400000 [08:27<74:21:36,  1.49it/s]  0%|          | 694/400000 [08:27<78:07:31,  1.42it/s]  0%|          | 695/400000 [08:28<75:37:23,  1.47it/s]  0%|          | 696/400000 [08:29<73:54:17,  1.50it/s]  0%|          | 697/400000 [08:29<74:24:49,  1.49it/s]  0%|          | 698/400000 [08:30<72:21:10,  1.53it/s]  0%|          | 699/400000 [08:31<71:41:14,  1.55it/s]  0%|          | 700/400000 [08:31<71:11:03,  1.56it/s]                                                         0%|          | 700/400000 [08:31<71:11:03,  1.56it/s]  0%|          | 701/400000 [08:32<72:13:00,  1.54it/s]  0%|          | 702/400000 [08:33<80:35:39,  1.38it/s]  0%|          | 703/400000 [08:34<82:52:36,  1.34it/s]  0%|          | 704/400000 [08:34<81:26:40,  1.36it/s]  0%|          | 705/400000 [08:35<80:53:41,  1.37it/s]  0%|          | 706/400000 [08:36<79:23:34,  1.40it/s]  0%|          | 707/400000 [08:36<77:26:07,  1.43it/s]  0%|          | 708/400000 [08:37<76:09:57,  1.46it/s]  0%|          | 709/400000 [08:38<75:24:01,  1.47it/s]  0%|          | 710/400000 [08:38<76:06:09,  1.46it/s]                                                         0%|          | 710/400000 [08:38<76:06:09,  1.46it/s]  0%|          | 711/400000 [08:39<76:14:36,  1.45it/s]  0%|          | 712/400000 [08:40<73:50:29,  1.50it/s]  0%|          | 713/400000 [08:40<71:54:34,  1.54it/s]  0%|          | 714/400000 [08:41<71:47:42,  1.54it/s]  0%|          | 715/400000 [08:42<71:28:30,  1.55it/s]  0%|          | 716/400000 [08:42<71:17:17,  1.56it/s]  0%|          | 717/400000 [08:43<77:57:01,  1.42it/s]  0%|          | 718/400000 [08:44<79:42:21,  1.39it/s]  0%|          | 719/400000 [08:44<77:20:29,  1.43it/s]  0%|          | 720/400000 [08:45<76:12:05,  1.46it/s]                                                         0%|          | 720/400000 [08:45<76:12:05,  1.46it/s]  0%|          | 721/400000 [08:46<74:50:03,  1.48it/s]  0%|          | 722/400000 [08:47<83:59:16,  1.32it/s]  0%|          | 723/400000 [08:48<89:28:34,  1.24it/s]  0%|          | 724/400000 [08:48<92:08:21,  1.20it/s]  0%|          | 725/400000 [08:49<87:17:04,  1.27it/s]  0%|          | 726/400000 [08:50<83:21:24,  1.33it/s]  0%|          | 727/400000 [08:50<78:58:35,  1.40it/s]  0%|          | 728/400000 [08:51<75:21:54,  1.47it/s]  0%|          | 729/400000 [08:52<75:09:02,  1.48it/s]  0%|          | 730/400000 [08:53<80:12:20,  1.38it/s]                                                         0%|          | 730/400000 [08:53<80:12:20,  1.38it/s]  0%|          | 731/400000 [08:53<81:31:57,  1.36it/s]  0%|          | 732/400000 [08:54<80:18:50,  1.38it/s]  0%|          | 733/400000 [08:55<77:57:38,  1.42it/s]  0%|          | 734/400000 [08:55<75:59:05,  1.46it/s]  0%|          | 735/400000 [08:56<75:00:51,  1.48it/s]  0%|          | 736/400000 [08:57<73:38:35,  1.51it/s]  0%|          | 737/400000 [08:57<73:39:40,  1.51it/s]  0%|          | 738/400000 [08:58<73:06:12,  1.52it/s]  0%|          | 739/400000 [08:59<71:41:48,  1.55it/s]  0%|          | 740/400000 [08:59<71:30:45,  1.55it/s]                                                         0%|          | 740/400000 [08:59<71:30:45,  1.55it/s]  0%|          | 741/400000 [09:00<72:04:35,  1.54it/s]  0%|          | 742/400000 [09:01<73:42:25,  1.50it/s]  0%|          | 743/400000 [09:01<73:42:44,  1.50it/s]  0%|          | 744/400000 [09:02<75:08:38,  1.48it/s]  0%|          | 745/400000 [09:03<81:49:39,  1.36it/s]  0%|          | 746/400000 [09:04<83:24:50,  1.33it/s]  0%|          | 747/400000 [09:04<81:06:25,  1.37it/s]  0%|          | 748/400000 [09:05<78:22:37,  1.41it/s]  0%|          | 749/400000 [09:06<77:06:15,  1.44it/s]  0%|          | 750/400000 [09:06<76:36:39,  1.45it/s]                                                         0%|          | 750/400000 [09:06<76:36:39,  1.45it/s]  0%|          | 751/400000 [09:07<87:14:16,  1.27it/s]  0%|          | 752/400000 [09:08<87:44:19,  1.26it/s]  0%|          | 753/400000 [09:09<84:47:47,  1.31it/s]  0%|          | 754/400000 [09:09<81:05:19,  1.37it/s]  0%|          | 755/400000 [09:10<78:14:32,  1.42it/s]  0%|          | 756/400000 [09:11<76:21:49,  1.45it/s]  0%|          | 757/400000 [09:11<74:16:43,  1.49it/s]  0%|          | 758/400000 [09:12<75:03:57,  1.48it/s]  0%|          | 759/400000 [09:13<78:36:53,  1.41it/s]  0%|          | 760/400000 [09:14<82:00:08,  1.35it/s]                                                         0%|          | 760/400000 [09:14<82:00:08,  1.35it/s]  0%|          | 761/400000 [09:14<79:11:13,  1.40it/s]  0%|          | 762/400000 [09:15<78:53:27,  1.41it/s]  0%|          | 763/400000 [09:16<78:07:55,  1.42it/s]  0%|          | 764/400000 [09:16<75:13:13,  1.47it/s]  0%|          | 765/400000 [09:17<74:53:09,  1.48it/s]  0%|          | 766/400000 [09:18<73:37:39,  1.51it/s]  0%|          | 767/400000 [09:18<72:22:14,  1.53it/s]  0%|          | 768/400000 [09:19<71:37:10,  1.55it/s]  0%|          | 769/400000 [09:19<70:30:02,  1.57it/s]  0%|          | 770/400000 [09:20<70:02:49,  1.58it/s]                                                         0%|          | 770/400000 [09:20<70:02:49,  1.58it/s]  0%|          | 771/400000 [09:21<71:18:51,  1.56it/s]  0%|          | 772/400000 [09:22<83:41:47,  1.32it/s]  0%|          | 773/400000 [09:23<87:03:09,  1.27it/s]  0%|          | 774/400000 [09:23<85:38:20,  1.29it/s]  0%|          | 775/400000 [09:24<84:28:27,  1.31it/s]  0%|          | 776/400000 [09:25<82:44:59,  1.34it/s]  0%|          | 777/400000 [09:26<80:15:40,  1.38it/s]  0%|          | 778/400000 [09:26<78:12:18,  1.42it/s]  0%|          | 779/400000 [09:27<75:46:14,  1.46it/s]  0%|          | 780/400000 [09:28<76:24:04,  1.45it/s]                                                         0%|          | 780/400000 [09:28<76:24:04,  1.45it/s]  0%|          | 781/400000 [09:28<76:22:25,  1.45it/s]  0%|          | 782/400000 [09:29<76:52:05,  1.44it/s]  0%|          | 783/400000 [09:30<75:42:40,  1.46it/s]  0%|          | 784/400000 [09:30<82:25:55,  1.35it/s]  0%|          | 785/400000 [09:31<82:04:00,  1.35it/s]  0%|          | 786/400000 [09:32<80:15:46,  1.38it/s]  0%|          | 787/400000 [09:33<77:37:42,  1.43it/s]  0%|          | 788/400000 [09:33<76:37:03,  1.45it/s]  0%|          | 789/400000 [09:34<74:07:18,  1.50it/s]  0%|          | 790/400000 [09:34<73:55:51,  1.50it/s]                                                         0%|          | 790/400000 [09:34<73:55:51,  1.50it/s]  0%|          | 791/400000 [09:35<72:51:11,  1.52it/s]  0%|          | 792/400000 [09:36<72:14:36,  1.53it/s]  0%|          | 793/400000 [09:37<76:33:09,  1.45it/s]  0%|          | 794/400000 [09:38<88:18:29,  1.26it/s]  0%|          | 795/400000 [09:38<90:27:11,  1.23it/s]  0%|          | 796/400000 [09:39<87:49:50,  1.26it/s]  0%|          | 797/400000 [09:40<82:11:25,  1.35it/s]  0%|          | 798/400000 [09:40<77:17:07,  1.43it/s]  0%|          | 799/400000 [09:41<75:26:11,  1.47it/s]  0%|          | 800/400000 [09:42<75:19:00,  1.47it/s]                                                         0%|          | 800/400000 [09:42<75:19:00,  1.47it/s]  0%|          | 801/400000 [09:42<75:15:23,  1.47it/s]  0%|          | 802/400000 [09:43<73:55:35,  1.50it/s]  0%|          | 803/400000 [09:44<73:44:38,  1.50it/s]  0%|          | 804/400000 [09:44<73:25:48,  1.51it/s]  0%|          | 805/400000 [09:45<72:48:59,  1.52it/s]  0%|          | 806/400000 [09:46<73:55:20,  1.50it/s]  0%|          | 807/400000 [09:46<77:17:48,  1.43it/s]  0%|          | 808/400000 [09:47<78:03:07,  1.42it/s]  0%|          | 809/400000 [09:48<76:08:37,  1.46it/s]  0%|          | 810/400000 [09:48<74:10:53,  1.49it/s]                                                         0%|          | 810/400000 [09:48<74:10:53,  1.49it/s]  0%|          | 811/400000 [09:49<74:48:23,  1.48it/s]  0%|          | 812/400000 [09:50<82:02:25,  1.35it/s]  0%|          | 813/400000 [09:51<82:29:16,  1.34it/s]  0%|          | 814/400000 [09:51<79:46:56,  1.39it/s]  0%|          | 815/400000 [09:52<76:56:16,  1.44it/s]  0%|          | 816/400000 [09:53<75:42:45,  1.46it/s]  0%|          | 817/400000 [09:53<73:54:53,  1.50it/s]  0%|          | 818/400000 [09:54<72:30:39,  1.53it/s]  0%|          | 819/400000 [09:55<72:09:07,  1.54it/s]  0%|          | 820/400000 [09:55<74:53:02,  1.48it/s]                                                         0%|          | 820/400000 [09:55<74:53:02,  1.48it/s]  0%|          | 821/400000 [09:56<82:51:54,  1.34it/s]  0%|          | 822/400000 [09:57<84:17:53,  1.32it/s]  0%|          | 823/400000 [09:58<81:49:24,  1.36it/s]  0%|          | 824/400000 [09:58<80:50:11,  1.37it/s]  0%|          | 825/400000 [09:59<78:44:12,  1.41it/s]  0%|          | 826/400000 [10:00<75:55:40,  1.46it/s]  0%|          | 827/400000 [10:00<73:44:25,  1.50it/s]  0%|          | 828/400000 [10:01<74:47:57,  1.48it/s]  0%|          | 829/400000 [10:02<72:44:08,  1.52it/s]  0%|          | 830/400000 [10:02<74:06:45,  1.50it/s]                                                         0%|          | 830/400000 [10:02<74:06:45,  1.50it/s]  0%|          | 831/400000 [10:03<86:39:27,  1.28it/s]  0%|          | 832/400000 [10:04<91:58:34,  1.21it/s]  0%|          | 833/400000 [10:05<91:42:50,  1.21it/s]  0%|          | 834/400000 [10:06<85:53:07,  1.29it/s]  0%|          | 835/400000 [10:06<81:13:35,  1.37it/s]  0%|          | 836/400000 [10:07<78:44:09,  1.41it/s]  0%|          | 837/400000 [10:08<76:28:23,  1.45it/s]  0%|          | 838/400000 [10:08<73:59:37,  1.50it/s]  0%|          | 839/400000 [10:09<72:27:06,  1.53it/s]  0%|          | 840/400000 [10:10<73:17:39,  1.51it/s]                                                         0%|          | 840/400000 [10:10<73:17:39,  1.51it/s]  0%|          | 841/400000 [10:10<72:19:42,  1.53it/s]  0%|          | 842/400000 [10:11<72:30:46,  1.53it/s]  0%|          | 843/400000 [10:12<73:59:50,  1.50it/s]  0%|          | 844/400000 [10:12<74:16:19,  1.49it/s]  0%|          | 845/400000 [10:13<73:32:20,  1.51it/s]  0%|          | 846/400000 [10:14<73:57:44,  1.50it/s]  0%|          | 847/400000 [10:14<80:06:22,  1.38it/s]  0%|          | 848/400000 [10:15<80:06:10,  1.38it/s]  0%|          | 849/400000 [10:16<79:04:42,  1.40it/s]  0%|          | 850/400000 [10:17<77:47:16,  1.43it/s]                                                         0%|          | 850/400000 [10:17<77:47:16,  1.43it/s]  0%|          | 851/400000 [10:17<77:42:01,  1.43it/s]  0%|          | 852/400000 [10:18<76:28:02,  1.45it/s]  0%|          | 853/400000 [10:19<77:43:25,  1.43it/s]  0%|          | 854/400000 [10:20<83:42:15,  1.32it/s]  0%|          | 855/400000 [10:20<82:04:04,  1.35it/s]  0%|          | 856/400000 [10:21<80:05:46,  1.38it/s]  0%|          | 857/400000 [10:22<78:55:00,  1.40it/s]  0%|          | 858/400000 [10:22<76:24:46,  1.45it/s]  0%|          | 859/400000 [10:23<74:33:54,  1.49it/s]  0%|          | 860/400000 [10:24<74:08:45,  1.50it/s]                                                         0%|          | 860/400000 [10:24<74:08:45,  1.50it/s]  0%|          | 861/400000 [10:24<72:51:57,  1.52it/s]  0%|          | 862/400000 [10:25<72:31:36,  1.53it/s]  0%|          | 863/400000 [10:25<71:42:16,  1.55it/s]  0%|          | 864/400000 [10:26<71:22:24,  1.55it/s]  0%|          | 865/400000 [10:27<78:44:14,  1.41it/s]  0%|          | 866/400000 [10:28<82:32:47,  1.34it/s]  0%|          | 867/400000 [10:28<79:57:10,  1.39it/s]  0%|          | 868/400000 [10:29<77:14:48,  1.44it/s]  0%|          | 869/400000 [10:30<75:36:55,  1.47it/s]  0%|          | 870/400000 [10:30<74:05:54,  1.50it/s]                                                         0%|          | 870/400000 [10:30<74:05:54,  1.50it/s]  0%|          | 871/400000 [10:31<73:33:20,  1.51it/s]  0%|          | 872/400000 [10:32<72:19:42,  1.53it/s]  0%|          | 873/400000 [10:33<81:08:58,  1.37it/s]  0%|          | 874/400000 [10:33<83:04:58,  1.33it/s]  0%|          | 875/400000 [10:34<84:44:02,  1.31it/s]  0%|          | 876/400000 [10:35<85:20:42,  1.30it/s]  0%|          | 877/400000 [10:36<82:04:39,  1.35it/s]  0%|          | 878/400000 [10:36<80:14:23,  1.38it/s]  0%|          | 879/400000 [10:37<77:05:37,  1.44it/s]  0%|          | 880/400000 [10:38<75:25:26,  1.47it/s]                                                         0%|          | 880/400000 [10:38<75:25:26,  1.47it/s]  0%|          | 881/400000 [10:38<74:19:04,  1.49it/s]  0%|          | 882/400000 [10:39<72:29:48,  1.53it/s]  0%|          | 883/400000 [10:40<72:35:35,  1.53it/s]  0%|          | 884/400000 [10:40<76:06:04,  1.46it/s]  0%|          | 885/400000 [10:41<77:04:21,  1.44it/s]  0%|          | 886/400000 [10:42<76:13:41,  1.45it/s]  0%|          | 887/400000 [10:42<75:40:36,  1.46it/s]  0%|          | 888/400000 [10:43<75:18:01,  1.47it/s]  0%|          | 889/400000 [10:44<74:29:21,  1.49it/s]  0%|          | 890/400000 [10:44<78:44:43,  1.41it/s]                                                         0%|          | 890/400000 [10:44<78:44:43,  1.41it/s]  0%|          | 891/400000 [10:45<79:42:06,  1.39it/s]  0%|          | 892/400000 [10:46<77:50:27,  1.42it/s]  0%|          | 893/400000 [10:46<75:59:40,  1.46it/s]  0%|          | 894/400000 [10:47<74:26:29,  1.49it/s]  0%|          | 895/400000 [10:48<74:49:24,  1.48it/s]  0%|          | 896/400000 [10:48<75:08:41,  1.48it/s]  0%|          | 897/400000 [10:49<73:35:12,  1.51it/s]  0%|          | 898/400000 [10:50<73:20:46,  1.51it/s]  0%|          | 899/400000 [10:50<72:33:06,  1.53it/s]  0%|          | 900/400000 [10:51<72:40:46,  1.53it/s]                                                         0%|          | 900/400000 [10:51<72:40:46,  1.53it/s]  0%|          | 901/400000 [10:52<81:04:42,  1.37it/s]  0%|          | 902/400000 [10:53<84:06:40,  1.32it/s]  0%|          | 903/400000 [10:54<82:28:22,  1.34it/s]  0%|          | 904/400000 [10:54<79:42:58,  1.39it/s]  0%|          | 905/400000 [10:55<76:51:43,  1.44it/s]  0%|          | 906/400000 [10:55<76:12:47,  1.45it/s]  0%|          | 907/400000 [10:56<79:13:01,  1.40it/s]  0%|          | 908/400000 [10:57<76:31:46,  1.45it/s]  0%|          | 909/400000 [10:58<77:56:37,  1.42it/s]  0%|          | 910/400000 [10:58<76:23:12,  1.45it/s]                                                         0%|          | 910/400000 [10:58<76:23:12,  1.45it/s]  0%|          | 911/400000 [10:59<75:40:57,  1.46it/s]  0%|          | 912/400000 [11:00<79:57:43,  1.39it/s]  0%|          | 913/400000 [11:01<80:44:33,  1.37it/s]  0%|          | 914/400000 [11:01<79:18:46,  1.40it/s]  0%|          | 915/400000 [11:02<77:32:13,  1.43it/s]  0%|          | 916/400000 [11:03<76:00:59,  1.46it/s]  0%|          | 917/400000 [11:03<74:29:29,  1.49it/s]  0%|          | 918/400000 [11:04<73:51:30,  1.50it/s]  0%|          | 919/400000 [11:04<73:28:11,  1.51it/s]  0%|          | 920/400000 [11:05<72:19:29,  1.53it/s]                                                         0%|          | 920/400000 [11:05<72:19:29,  1.53it/s]  0%|          | 921/400000 [11:06<71:57:07,  1.54it/s]  0%|          | 922/400000 [11:06<71:56:30,  1.54it/s]  0%|          | 923/400000 [11:07<73:20:14,  1.51it/s]  0%|          | 924/400000 [11:08<73:25:52,  1.51it/s]  0%|          | 925/400000 [11:08<75:21:18,  1.47it/s]  0%|          | 926/400000 [11:09<76:04:45,  1.46it/s]  0%|          | 927/400000 [11:10<75:07:20,  1.48it/s]  0%|          | 928/400000 [11:11<75:22:23,  1.47it/s]  0%|          | 929/400000 [11:11<75:09:36,  1.47it/s]  0%|          | 930/400000 [11:12<77:08:38,  1.44it/s]                                                         0%|          | 930/400000 [11:12<77:08:38,  1.44it/s]  0%|          | 931/400000 [11:13<78:58:17,  1.40it/s]  0%|          | 932/400000 [11:13<77:29:26,  1.43it/s]  0%|          | 933/400000 [11:14<75:37:23,  1.47it/s]  0%|          | 934/400000 [11:15<75:26:57,  1.47it/s]  0%|          | 935/400000 [11:15<77:58:25,  1.42it/s]  0%|          | 936/400000 [11:16<79:44:07,  1.39it/s]  0%|          | 937/400000 [11:17<77:27:58,  1.43it/s]  0%|          | 938/400000 [11:17<76:04:55,  1.46it/s]  0%|          | 939/400000 [11:18<75:53:54,  1.46it/s]  0%|          | 940/400000 [11:19<75:23:05,  1.47it/s]                                                         0%|          | 940/400000 [11:19<75:23:05,  1.47it/s]  0%|          | 941/400000 [11:19<74:44:54,  1.48it/s]  0%|          | 942/400000 [11:20<76:02:06,  1.46it/s]  0%|          | 943/400000 [11:21<76:12:42,  1.45it/s]  0%|          | 944/400000 [11:22<76:08:43,  1.46it/s]  0%|          | 945/400000 [11:22<74:09:14,  1.49it/s]  0%|          | 946/400000 [11:23<73:01:44,  1.52it/s]  0%|          | 947/400000 [11:23<71:54:21,  1.54it/s]  0%|          | 948/400000 [11:24<71:34:58,  1.55it/s]  0%|          | 949/400000 [11:25<84:57:20,  1.30it/s]  0%|          | 950/400000 [11:26<90:52:59,  1.22it/s]                                                         0%|          | 950/400000 [11:26<90:52:59,  1.22it/s]  0%|          | 951/400000 [11:27<91:22:06,  1.21it/s]  0%|          | 952/400000 [11:28<87:18:58,  1.27it/s]  0%|          | 953/400000 [11:28<83:54:55,  1.32it/s]  0%|          | 954/400000 [11:29<81:18:38,  1.36it/s]  0%|          | 955/400000 [11:30<77:42:24,  1.43it/s]  0%|          | 956/400000 [11:30<74:24:29,  1.49it/s]  0%|          | 957/400000 [11:31<73:32:49,  1.51it/s]  0%|          | 958/400000 [11:31<72:18:40,  1.53it/s]  0%|          | 959/400000 [11:32<72:58:14,  1.52it/s]  0%|          | 960/400000 [11:33<72:51:22,  1.52it/s]                                                         0%|          | 960/400000 [11:33<72:51:22,  1.52it/s]  0%|          | 961/400000 [11:33<72:27:48,  1.53it/s]  0%|          | 962/400000 [11:34<71:49:46,  1.54it/s]  0%|          | 963/400000 [11:35<80:36:12,  1.38it/s]  0%|          | 964/400000 [11:36<81:02:36,  1.37it/s]  0%|          | 965/400000 [11:36<79:57:10,  1.39it/s]  0%|          | 966/400000 [11:37<77:33:52,  1.43it/s]  0%|          | 967/400000 [11:40<138:22:26,  1.25s/it]  0%|          | 968/400000 [11:40<115:23:02,  1.04s/it]  0%|          | 969/400000 [11:41<100:28:17,  1.10it/s]  0%|          | 970/400000 [11:41<89:35:37,  1.24it/s]                                                          0%|          | 970/400000 [11:41<89:35:37,  1.24it/s]  0%|          | 971/400000 [11:42<88:29:47,  1.25it/s]  0%|          | 972/400000 [11:43<87:55:44,  1.26it/s]  0%|          | 973/400000 [11:44<85:28:14,  1.30it/s]  0%|          | 974/400000 [11:44<80:54:33,  1.37it/s]  0%|          | 975/400000 [11:45<77:16:46,  1.43it/s]  0%|          | 976/400000 [11:45<73:56:43,  1.50it/s]  0%|          | 977/400000 [11:46<71:10:05,  1.56it/s]  0%|          | 978/400000 [11:48<124:02:02,  1.12s/it]  0%|          | 979/400000 [11:50<149:13:00,  1.35s/it]  0%|          | 980/400000 [11:51<119:43:50,  1.08s/it]                                                          0%|          | 980/400000 [11:51<119:43:50,  1.08s/it]  0%|          | 981/400000 [11:51<100:14:58,  1.11it/s]  0%|          | 982/400000 [11:52<86:58:09,  1.27it/s]   0%|          | 983/400000 [11:52<77:27:32,  1.43it/s]  0%|          | 984/400000 [11:53<79:56:03,  1.39it/s]  0%|          | 985/400000 [11:54<80:06:47,  1.38it/s]  0%|          | 986/400000 [11:54<76:55:39,  1.44it/s]  0%|          | 987/400000 [11:55<75:10:50,  1.47it/s]  0%|          | 988/400000 [11:56<73:14:53,  1.51it/s]  0%|          | 989/400000 [11:56<70:17:34,  1.58it/s]  0%|          | 990/400000 [11:57<69:38:37,  1.59it/s]                                                         0%|          | 990/400000 [11:57<69:38:37,  1.59it/s]  0%|          | 991/400000 [11:58<84:35:43,  1.31it/s]  0%|          | 992/400000 [11:59<86:57:13,  1.27it/s]  0%|          | 993/400000 [11:59<83:49:44,  1.32it/s]  0%|          | 994/400000 [12:00<78:56:19,  1.40it/s]  0%|          | 995/400000 [12:02<123:20:43,  1.11s/it]  0%|          | 996/400000 [12:02<103:37:20,  1.07it/s]  0%|          | 997/400000 [12:04<134:10:39,  1.21s/it]  0%|          | 998/400000 [12:05<111:52:30,  1.01s/it]  0%|          | 999/400000 [12:05<95:50:14,  1.16it/s]   0%|          | 1000/400000 [12:06<85:56:04,  1.29it/s]                                                          0%|          | 1000/400000 [12:06<85:56:04,  1.29it/s]
  0%|          | 0/122 [00:00<?, ?it/s][A
  2%|▏         | 2/122 [00:13<13:21,  6.68s/it][A
  2%|▏         | 3/122 [00:13<07:50,  3.96s/it][A
  3%|▎         | 4/122 [00:13<04:58,  2.53s/it][A
  4%|▍         | 5/122 [00:13<03:19,  1.71s/it][A
  5%|▍         | 6/122 [00:13<02:18,  1.20s/it][A
  6%|▌         | 7/122 [00:14<01:39,  1.15it/s][A
  7%|▋         | 8/122 [00:14<01:14,  1.54it/s][A
  7%|▋         | 9/122 [00:14<00:57,  1.98it/s][A
  8%|▊         | 10/122 [00:14<00:46,  2.43it/s][A
  9%|▉         | 11/122 [00:14<00:40,  2.77it/s][A
 10%|▉         | 12/122 [00:15<00:37,  2.93it/s][A
 11%|█         | 13/122 [00:15<00:36,  2.97it/s][A
 11%|█▏        | 14/122 [00:16<00:39,  2.72it/s][A
 12%|█▏        | 15/122 [00:16<00:42,  2.49it/s][A
 13%|█▎        | 16/122 [00:16<00:41,  2.55it/s][A
 14%|█▍        | 17/122 [00:17<00:40,  2.60it/s][A
 15%|█▍        | 18/122 [00:17<00:41,  2.50it/s][A
 16%|█▌        | 19/122 [00:18<00:43,  2.35it/s][A
 16%|█▋        | 20/122 [00:18<00:43,  2.33it/s][A
 17%|█▋        | 21/122 [00:19<00:44,  2.27it/s][A
 18%|█▊        | 22/122 [00:19<00:44,  2.26it/s][A
 19%|█▉        | 23/122 [00:19<00:44,  2.23it/s][A
 20%|█▉        | 24/122 [00:20<00:44,  2.22it/s][A
 20%|██        | 25/122 [00:20<00:43,  2.24it/s][A
 21%|██▏       | 26/122 [00:21<00:42,  2.23it/s][A
 22%|██▏       | 27/122 [00:21<00:39,  2.38it/s][A
 23%|██▎       | 28/122 [00:22<00:39,  2.39it/s][A
 24%|██▍       | 29/122 [00:22<00:36,  2.51it/s][A
 25%|██▍       | 30/122 [00:22<00:35,  2.57it/s][A
 25%|██▌       | 31/122 [00:23<00:34,  2.60it/s][A
 26%|██▌       | 32/122 [00:23<00:33,  2.65it/s][A
 27%|██▋       | 33/122 [00:24<00:57,  1.56it/s][A
 28%|██▊       | 34/122 [00:25<00:48,  1.82it/s][A
 29%|██▊       | 35/122 [00:25<00:43,  2.01it/s][A
 30%|██▉       | 36/122 [00:25<00:40,  2.13it/s][A
 30%|███       | 37/122 [00:26<00:37,  2.24it/s][A
 31%|███       | 38/122 [00:26<00:36,  2.32it/s][A
 32%|███▏      | 39/122 [00:27<00:34,  2.41it/s][A
 33%|███▎      | 40/122 [00:27<00:33,  2.46it/s][A
 34%|███▎      | 41/122 [00:27<00:32,  2.49it/s][A
 34%|███▍      | 42/122 [00:28<00:31,  2.51it/s][A
 35%|███▌      | 43/122 [00:28<00:31,  2.54it/s][A
 36%|███▌      | 44/122 [00:29<00:30,  2.55it/s][A
 37%|███▋      | 45/122 [00:29<00:30,  2.54it/s][A
 38%|███▊      | 46/122 [00:29<00:29,  2.58it/s][A
 39%|███▊      | 47/122 [00:30<00:28,  2.67it/s][A
 39%|███▉      | 48/122 [00:30<00:26,  2.76it/s][A
 40%|████      | 49/122 [00:31<00:41,  1.77it/s][A
 41%|████      | 50/122 [00:32<00:42,  1.68it/s][A
 42%|████▏     | 51/122 [00:33<00:48,  1.45it/s][A
 43%|████▎     | 52/122 [00:33<00:39,  1.75it/s][A
 43%|████▎     | 53/122 [00:33<00:35,  1.92it/s][A
 44%|████▍     | 54/122 [00:35<01:05,  1.04it/s][A
 45%|████▌     | 55/122 [00:36<00:52,  1.27it/s][A
 46%|████▌     | 56/122 [00:36<00:43,  1.52it/s][A
 47%|████▋     | 57/122 [00:36<00:37,  1.75it/s][A
 48%|████▊     | 58/122 [00:37<00:32,  1.99it/s][A
 48%|████▊     | 59/122 [00:38<00:43,  1.44it/s][A
 49%|████▉     | 60/122 [00:39<00:47,  1.29it/s][A
 50%|█████     | 61/122 [00:39<00:35,  1.73it/s][A
 51%|█████     | 62/122 [00:39<00:26,  2.22it/s][A
 52%|█████▏    | 63/122 [00:39<00:21,  2.79it/s][A
 52%|█████▏    | 64/122 [00:39<00:17,  3.36it/s][A
 53%|█████▎    | 65/122 [00:40<00:27,  2.10it/s][A
 54%|█████▍    | 66/122 [00:45<01:34,  1.69s/it][A
 55%|█████▍    | 67/122 [00:47<01:38,  1.80s/it][A
 56%|█████▌    | 68/122 [00:47<01:10,  1.31s/it][A
 57%|█████▋    | 69/122 [00:47<00:51,  1.04it/s][A
 57%|█████▋    | 70/122 [00:47<00:37,  1.37it/s][A
 58%|█████▊    | 71/122 [00:51<01:25,  1.68s/it][A
 59%|█████▉    | 72/122 [00:52<01:02,  1.25s/it][A
 60%|█████▉    | 73/122 [00:52<00:47,  1.04it/s][A
 61%|██████    | 74/122 [00:52<00:36,  1.32it/s][A
 61%|██████▏   | 75/122 [00:55<01:05,  1.38s/it][A
 62%|██████▏   | 76/122 [00:55<00:49,  1.07s/it][A
 63%|██████▎   | 77/122 [00:56<00:38,  1.18it/s][A
 64%|██████▍   | 78/122 [00:56<00:30,  1.44it/s][A
 65%|██████▍   | 79/122 [00:56<00:25,  1.69it/s][A
 66%|██████▌   | 80/122 [00:57<00:21,  1.96it/s][A
 66%|██████▋   | 81/122 [00:57<00:18,  2.20it/s][A
 67%|██████▋   | 82/122 [00:57<00:15,  2.53it/s][A
 68%|██████▊   | 83/122 [00:58<00:15,  2.54it/s][A
 69%|██████▉   | 84/122 [00:58<00:20,  1.81it/s][A
 70%|██████▉   | 85/122 [00:59<00:18,  2.04it/s][A
 70%|███████   | 86/122 [01:02<00:50,  1.40s/it][A
 71%|███████▏  | 87/122 [01:03<00:36,  1.05s/it][A
 72%|███████▏  | 88/122 [01:05<00:45,  1.34s/it][A
 73%|███████▎  | 89/122 [01:05<00:33,  1.03s/it][A
 74%|███████▍  | 90/122 [01:07<00:42,  1.32s/it][A
 75%|███████▍  | 91/122 [01:07<00:31,  1.02s/it][A
 75%|███████▌  | 92/122 [01:07<00:23,  1.27it/s][A
 76%|███████▌  | 93/122 [01:10<00:35,  1.23s/it][A
 77%|███████▋  | 94/122 [01:10<00:26,  1.06it/s][A
 78%|███████▊  | 95/122 [01:10<00:20,  1.31it/s][A
 79%|███████▊  | 96/122 [01:11<00:16,  1.56it/s][A
 80%|███████▉  | 97/122 [01:11<00:13,  1.79it/s][A
 80%|████████  | 98/122 [01:11<00:11,  2.08it/s][A
 81%|████████  | 99/122 [01:12<00:09,  2.32it/s][A
 82%|████████▏ | 100/122 [01:15<00:30,  1.39s/it][A
 83%|████████▎ | 101/122 [01:16<00:22,  1.06s/it][A
 84%|████████▎ | 102/122 [01:16<00:16,  1.18it/s][A
 84%|████████▍ | 103/122 [01:18<00:23,  1.25s/it][A
 85%|████████▌ | 104/122 [01:20<00:25,  1.40s/it][A
 86%|████████▌ | 105/122 [01:20<00:18,  1.06s/it][A
 87%|████████▋ | 106/122 [01:21<00:13,  1.17it/s][A
 88%|████████▊ | 107/122 [01:21<00:10,  1.42it/s][A
 89%|████████▊ | 108/122 [01:21<00:08,  1.74it/s][A
 89%|████████▉ | 109/122 [01:21<00:06,  2.03it/s][A
 90%|█████████ | 110/122 [01:22<00:05,  2.33it/s][A
 91%|█████████ | 111/122 [01:22<00:04,  2.39it/s][A
 92%|█████████▏| 112/122 [01:23<00:04,  2.37it/s][A
 93%|█████████▎| 113/122 [01:23<00:03,  2.36it/s][A
 93%|█████████▎| 114/122 [01:23<00:03,  2.35it/s][A
 94%|█████████▍| 115/122 [01:24<00:02,  2.37it/s][A
 95%|█████████▌| 116/122 [01:24<00:02,  2.41it/s][A
 96%|█████████▌| 117/122 [01:25<00:02,  2.43it/s][A
 97%|█████████▋| 118/122 [01:25<00:01,  2.43it/s][A
 98%|█████████▊| 119/122 [01:25<00:01,  2.45it/s][A
 98%|█████████▊| 120/122 [01:26<00:00,  2.45it/s][A
 99%|█████████▉| 121/122 [01:26<00:00,  2.46it/s][A
100%|██████████| 122/122 [01:27<00:00,  2.46it/s][A                                                        
                                                 [A  0%|          | 1000/400000 [13:40<85:56:04,  1.29it/s]
100%|██████████| 122/122 [01:27<00:00,  2.46it/s][A
                                                 [A                                                          0%|          | 1000/400000 [15:00<85:56:04,  1.29it/s]  0%|          | 1001/400000 [15:06<6055:22:04, 54.64s/it]  0%|          | 1002/400000 [15:07<4256:58:42, 38.41s/it]  0%|          | 1003/400000 [15:07<2998:33:51, 27.05s/it]  0%|          | 1004/400000 [15:09<2158:15:55, 19.47s/it]  0%|          | 1005/400000 [15:10<1526:55:17, 13.78s/it]  0%|          | 1006/400000 [15:10<1085:55:12,  9.80s/it]  0%|          | 1007/400000 [15:11<783:19:44,  7.07s/it]   0%|          | 1008/400000 [15:11<568:07:33,  5.13s/it]  0%|          | 1009/400000 [15:12<418:29:47,  3.78s/it]  0%|          | 1010/400000 [15:13<313:21:34,  2.83s/it]                                                           0%|          | 1010/400000 [15:13<313:21:34,  2.83s/it]  0%|          | 1011/400000 [15:13<241:16:57,  2.18s/it]  0%|          | 1012/400000 [15:14<189:38:46,  1.71s/it]  0%|          | 1013/400000 [15:16<192:55:49,  1.74s/it]  0%|          | 1014/400000 [15:16<153:01:08,  1.38s/it]  0%|          | 1015/400000 [15:17<124:48:53,  1.13s/it]  0%|          | 1016/400000 [15:17<106:16:30,  1.04it/s]  0%|          | 1017/400000 [15:18<92:30:47,  1.20it/s]   0%|          | 1018/400000 [15:19<93:32:40,  1.18it/s]  0%|          | 1019/400000 [15:20<88:58:03,  1.25it/s]  0%|          | 1020/400000 [15:20<84:05:05,  1.32it/s]                                                          0%|          | 1020/400000 [15:20<84:05:05,  1.32it/s]  0%|          | 1021/400000 [15:21<79:00:02,  1.40it/s]  0%|          | 1022/400000 [15:21<75:21:55,  1.47it/s]  0%|          | 1023/400000 [15:22<74:14:04,  1.49it/s]  0%|          | 1024/400000 [15:23<72:09:27,  1.54it/s]  0%|          | 1025/400000 [15:23<72:13:47,  1.53it/s]  0%|          | 1026/400000 [15:24<70:54:45,  1.56it/s]  0%|          | 1027/400000 [15:25<70:45:37,  1.57it/s]  0%|          | 1028/400000 [15:25<70:50:39,  1.56it/s]  0%|          | 1029/400000 [15:26<72:26:50,  1.53it/s]  0%|          | 1030/400000 [15:27<71:29:43,  1.55it/s]                                                          0%|          | 1030/400000 [15:27<71:29:43,  1.55it/s]  0%|          | 1031/400000 [15:28<84:50:34,  1.31it/s]  0%|          | 1032/400000 [15:28<89:41:36,  1.24it/s]  0%|          | 1033/400000 [15:29<87:53:15,  1.26it/s]  0%|          | 1034/400000 [15:30<83:02:30,  1.33it/s]  0%|          | 1035/400000 [15:31<78:28:47,  1.41it/s]  0%|          | 1036/400000 [15:31<74:52:11,  1.48it/s]  0%|          | 1037/400000 [15:32<72:33:45,  1.53it/s]  0%|          | 1038/400000 [15:32<74:13:20,  1.49it/s]  0%|          | 1039/400000 [15:33<73:41:43,  1.50it/s]  0%|          | 1040/400000 [15:34<73:04:03,  1.52it/s]                                                          0%|          | 1040/400000 [15:34<73:04:03,  1.52it/s]  0%|          | 1041/400000 [15:34<71:18:57,  1.55it/s]  0%|          | 1042/400000 [15:35<73:44:03,  1.50it/s]  0%|          | 1043/400000 [15:36<82:02:30,  1.35it/s]  0%|          | 1044/400000 [15:37<84:29:26,  1.31it/s]  0%|          | 1045/400000 [15:37<83:23:13,  1.33it/s]  0%|          | 1046/400000 [15:38<81:39:32,  1.36it/s]  0%|          | 1047/400000 [15:39<76:52:34,  1.44it/s]  0%|          | 1048/400000 [15:39<73:54:04,  1.50it/s]  0%|          | 1049/400000 [15:40<73:50:56,  1.50it/s]  0%|          | 1050/400000 [15:41<86:17:02,  1.28it/s]                                                          0%|          | 1050/400000 [15:41<86:17:02,  1.28it/s]  0%|          | 1051/400000 [15:42<87:58:16,  1.26it/s]  0%|          | 1052/400000 [15:43<84:57:32,  1.30it/s]  0%|          | 1053/400000 [15:43<81:35:31,  1.36it/s]  0%|          | 1054/400000 [15:44<80:12:09,  1.38it/s]  0%|          | 1055/400000 [15:45<77:17:27,  1.43it/s]  0%|          | 1056/400000 [15:45<75:49:48,  1.46it/s]  0%|          | 1057/400000 [15:46<74:10:45,  1.49it/s]  0%|          | 1058/400000 [15:47<72:48:13,  1.52it/s]  0%|          | 1059/400000 [15:47<77:23:02,  1.43it/s]  0%|          | 1060/400000 [15:48<81:58:22,  1.35it/s]                                                          0%|          | 1060/400000 [15:48<81:58:22,  1.35it/s]  0%|          | 1061/400000 [15:49<81:38:00,  1.36it/s]  0%|          | 1062/400000 [15:50<77:08:16,  1.44it/s]  0%|          | 1063/400000 [15:50<74:55:46,  1.48it/s]  0%|          | 1064/400000 [15:51<73:13:04,  1.51it/s]  0%|          | 1065/400000 [15:51<72:20:15,  1.53it/s]  0%|          | 1066/400000 [15:52<71:28:19,  1.55it/s]  0%|          | 1067/400000 [15:53<78:54:34,  1.40it/s]  0%|          | 1068/400000 [15:54<80:55:38,  1.37it/s]  0%|          | 1069/400000 [15:54<80:12:14,  1.38it/s]  0%|          | 1070/400000 [15:55<77:26:30,  1.43it/s]                                                          0%|          | 1070/400000 [15:55<77:26:30,  1.43it/s]  0%|          | 1071/400000 [15:56<75:50:36,  1.46it/s]  0%|          | 1072/400000 [15:56<74:34:35,  1.49it/s]  0%|          | 1073/400000 [15:57<73:14:12,  1.51it/s]  0%|          | 1074/400000 [15:58<75:06:24,  1.48it/s]  0%|          | 1075/400000 [15:58<75:16:28,  1.47it/s]  0%|          | 1076/400000 [15:59<73:16:44,  1.51it/s]  0%|          | 1077/400000 [16:00<74:53:22,  1.48it/s]  0%|          | 1078/400000 [16:00<74:38:58,  1.48it/s]  0%|          | 1079/400000 [16:01<74:40:52,  1.48it/s]  0%|          | 1080/400000 [16:02<75:53:43,  1.46it/s]                                                          0%|          | 1080/400000 [16:02<75:53:43,  1.46it/s]  0%|          | 1081/400000 [16:02<74:30:35,  1.49it/s]  0%|          | 1082/400000 [16:03<74:54:21,  1.48it/s]  0%|          | 1083/400000 [16:04<73:57:00,  1.50it/s]  0%|          | 1084/400000 [16:04<72:51:13,  1.52it/s]  0%|          | 1085/400000 [16:05<73:11:13,  1.51it/s]  0%|          | 1086/400000 [16:06<72:19:02,  1.53it/s]  0%|          | 1087/400000 [16:06<72:53:48,  1.52it/s]  0%|          | 1088/400000 [16:07<72:05:17,  1.54it/s]  0%|          | 1089/400000 [16:08<73:34:41,  1.51it/s]  0%|          | 1090/400000 [16:08<74:55:47,  1.48it/s]                                                          0%|          | 1090/400000 [16:08<74:55:47,  1.48it/s]  0%|          | 1091/400000 [16:09<75:20:56,  1.47it/s]  0%|          | 1092/400000 [16:10<74:25:22,  1.49it/s]  0%|          | 1093/400000 [16:10<73:31:59,  1.51it/s]  0%|          | 1094/400000 [16:11<74:17:04,  1.49it/s]  0%|          | 1095/400000 [16:12<82:49:21,  1.34it/s]  0%|          | 1096/400000 [16:13<83:38:34,  1.32it/s]  0%|          | 1097/400000 [16:13<80:07:55,  1.38it/s]  0%|          | 1098/400000 [16:14<77:23:14,  1.43it/s]  0%|          | 1099/400000 [16:15<76:51:08,  1.44it/s]  0%|          | 1100/400000 [16:15<74:55:16,  1.48it/s]                                                          0%|          | 1100/400000 [16:15<74:55:16,  1.48it/s]  0%|          | 1101/400000 [16:16<75:35:39,  1.47it/s]  0%|          | 1102/400000 [16:17<75:03:01,  1.48it/s]  0%|          | 1103/400000 [16:17<79:01:34,  1.40it/s]  0%|          | 1104/400000 [16:18<79:26:09,  1.39it/s]  0%|          | 1105/400000 [16:19<77:58:55,  1.42it/s]  0%|          | 1106/400000 [16:20<75:52:09,  1.46it/s]  0%|          | 1107/400000 [16:20<75:44:58,  1.46it/s]  0%|          | 1108/400000 [16:21<75:14:57,  1.47it/s]  0%|          | 1109/400000 [16:22<78:24:59,  1.41it/s]  0%|          | 1110/400000 [16:23<89:29:42,  1.24it/s]                                                          0%|          | 1110/400000 [16:23<89:29:42,  1.24it/s]  0%|          | 1111/400000 [16:23<88:13:26,  1.26it/s]  0%|          | 1112/400000 [16:24<85:43:53,  1.29it/s]  0%|          | 1113/400000 [16:25<82:05:07,  1.35it/s]  0%|          | 1114/400000 [16:25<77:16:41,  1.43it/s]  0%|          | 1115/400000 [16:26<75:06:50,  1.48it/s]  0%|          | 1116/400000 [16:27<73:48:49,  1.50it/s]  0%|          | 1117/400000 [16:27<71:45:58,  1.54it/s]  0%|          | 1118/400000 [16:28<71:57:11,  1.54it/s]  0%|          | 1119/400000 [16:29<74:23:26,  1.49it/s]  0%|          | 1120/400000 [16:29<77:43:15,  1.43it/s]                                                          0%|          | 1120/400000 [16:29<77:43:15,  1.43it/s]  0%|          | 1121/400000 [16:30<80:17:41,  1.38it/s]  0%|          | 1122/400000 [16:31<79:43:10,  1.39it/s]  0%|          | 1123/400000 [16:32<77:14:37,  1.43it/s]  0%|          | 1124/400000 [16:32<75:47:31,  1.46it/s]  0%|          | 1125/400000 [16:33<74:43:23,  1.48it/s]  0%|          | 1126/400000 [16:34<74:19:59,  1.49it/s]  0%|          | 1127/400000 [16:34<76:29:57,  1.45it/s]  0%|          | 1128/400000 [16:35<75:03:34,  1.48it/s]  0%|          | 1129/400000 [16:36<75:59:50,  1.46it/s]  0%|          | 1130/400000 [16:36<80:47:05,  1.37it/s]                                                          0%|          | 1130/400000 [16:36<80:47:05,  1.37it/s]  0%|          | 1131/400000 [16:37<82:48:53,  1.34it/s]  0%|          | 1132/400000 [16:38<80:57:09,  1.37it/s]  0%|          | 1133/400000 [16:39<78:42:47,  1.41it/s]  0%|          | 1134/400000 [16:39<77:43:15,  1.43it/s]  0%|          | 1135/400000 [16:40<82:19:02,  1.35it/s]  0%|          | 1136/400000 [16:41<83:34:38,  1.33it/s]  0%|          | 1137/400000 [16:42<81:58:05,  1.35it/s]  0%|          | 1138/400000 [16:42<79:03:07,  1.40it/s]  0%|          | 1139/400000 [16:43<77:06:31,  1.44it/s]  0%|          | 1140/400000 [16:44<74:27:28,  1.49it/s]                                                          0%|          | 1140/400000 [16:44<74:27:28,  1.49it/s]  0%|          | 1141/400000 [16:44<74:42:26,  1.48it/s]  0%|          | 1142/400000 [16:45<85:54:49,  1.29it/s]  0%|          | 1143/400000 [16:46<91:33:50,  1.21it/s]  0%|          | 1144/400000 [16:47<91:38:53,  1.21it/s]  0%|          | 1145/400000 [16:48<86:42:05,  1.28it/s]  0%|          | 1146/400000 [16:48<82:26:33,  1.34it/s]  0%|          | 1147/400000 [16:49<77:13:37,  1.43it/s]  0%|          | 1148/400000 [16:50<74:44:37,  1.48it/s]  0%|          | 1149/400000 [16:50<73:22:57,  1.51it/s]  0%|          | 1150/400000 [16:51<72:08:37,  1.54it/s]                                                          0%|          | 1150/400000 [16:51<72:08:37,  1.54it/s]  0%|          | 1151/400000 [16:52<73:08:18,  1.51it/s]  0%|          | 1152/400000 [16:52<71:40:09,  1.55it/s]  0%|          | 1153/400000 [16:53<71:47:40,  1.54it/s]  0%|          | 1154/400000 [16:54<81:21:26,  1.36it/s]  0%|          | 1155/400000 [16:55<85:31:07,  1.30it/s]  0%|          | 1156/400000 [16:55<83:32:33,  1.33it/s]  0%|          | 1157/400000 [16:56<79:51:38,  1.39it/s]  0%|          | 1158/400000 [16:57<77:11:13,  1.44it/s]  0%|          | 1159/400000 [16:57<76:13:40,  1.45it/s]  0%|          | 1160/400000 [16:58<73:27:34,  1.51it/s]                                                          0%|          | 1160/400000 [16:58<73:27:34,  1.51it/s]  0%|          | 1161/400000 [16:58<73:14:43,  1.51it/s]  0%|          | 1162/400000 [16:59<72:01:38,  1.54it/s]  0%|          | 1163/400000 [17:00<70:50:05,  1.56it/s]  0%|          | 1164/400000 [17:00<70:04:54,  1.58it/s]  0%|          | 1165/400000 [17:01<79:36:44,  1.39it/s]  0%|          | 1166/400000 [17:02<84:53:26,  1.31it/s]  0%|          | 1167/400000 [17:03<83:28:54,  1.33it/s]  0%|          | 1168/400000 [17:04<80:06:17,  1.38it/s]  0%|          | 1169/400000 [17:04<78:28:45,  1.41it/s]  0%|          | 1170/400000 [17:05<76:10:50,  1.45it/s]                                                          0%|          | 1170/400000 [17:05<76:10:50,  1.45it/s]  0%|          | 1171/400000 [17:06<75:50:44,  1.46it/s]  0%|          | 1172/400000 [17:06<75:34:06,  1.47it/s]  0%|          | 1173/400000 [17:07<75:02:08,  1.48it/s]  0%|          | 1174/400000 [17:07<74:05:49,  1.50it/s]  0%|          | 1175/400000 [17:08<73:29:21,  1.51it/s]  0%|          | 1176/400000 [17:09<75:17:03,  1.47it/s]  0%|          | 1177/400000 [17:10<87:43:04,  1.26it/s]  0%|          | 1178/400000 [17:11<95:31:42,  1.16it/s]  0%|          | 1179/400000 [17:12<93:12:58,  1.19it/s]  0%|          | 1180/400000 [17:12<89:14:34,  1.24it/s]                                                          0%|          | 1180/400000 [17:12<89:14:34,  1.24it/s]  0%|          | 1181/400000 [17:13<82:52:59,  1.34it/s]  0%|          | 1182/400000 [17:14<78:20:19,  1.41it/s]  0%|          | 1183/400000 [17:14<75:48:21,  1.46it/s]  0%|          | 1184/400000 [17:15<72:49:31,  1.52it/s]  0%|          | 1185/400000 [17:16<72:11:37,  1.53it/s]  0%|          | 1186/400000 [17:16<73:50:08,  1.50it/s]  0%|          | 1187/400000 [17:17<74:10:15,  1.49it/s]  0%|          | 1188/400000 [17:18<74:27:50,  1.49it/s]  0%|          | 1189/400000 [17:18<73:42:54,  1.50it/s]  0%|          | 1190/400000 [17:19<74:06:01,  1.50it/s]                                                          0%|          | 1190/400000 [17:19<74:06:01,  1.50it/s]  0%|          | 1191/400000 [17:20<75:55:43,  1.46it/s]  0%|          | 1192/400000 [17:20<73:43:47,  1.50it/s]  0%|          | 1193/400000 [17:21<72:59:24,  1.52it/s]  0%|          | 1194/400000 [17:22<73:04:32,  1.52it/s]  0%|          | 1195/400000 [17:22<72:28:25,  1.53it/s]  0%|          | 1196/400000 [17:23<71:42:30,  1.54it/s]  0%|          | 1197/400000 [17:24<71:46:29,  1.54it/s]  0%|          | 1198/400000 [17:24<81:56:16,  1.35it/s]  0%|          | 1199/400000 [17:25<85:19:14,  1.30it/s]  0%|          | 1200/400000 [17:26<89:22:49,  1.24it/s]                                                          0%|          | 1200/400000 [17:26<89:22:49,  1.24it/s]  0%|          | 1201/400000 [17:27<85:49:51,  1.29it/s]  0%|          | 1202/400000 [17:28<82:41:29,  1.34it/s]  0%|          | 1203/400000 [17:28<78:45:05,  1.41it/s]  0%|          | 1204/400000 [17:29<75:59:03,  1.46it/s]  0%|          | 1205/400000 [17:29<75:07:43,  1.47it/s]  0%|          | 1206/400000 [17:30<82:15:38,  1.35it/s]  0%|          | 1207/400000 [17:31<88:54:21,  1.25it/s]  0%|          | 1208/400000 [17:32<89:02:46,  1.24it/s]  0%|          | 1209/400000 [17:33<90:19:25,  1.23it/s]  0%|          | 1210/400000 [17:34<83:48:06,  1.32it/s]                                                          0%|          | 1210/400000 [17:34<83:48:06,  1.32it/s]  0%|          | 1211/400000 [17:34<79:36:53,  1.39it/s]  0%|          | 1212/400000 [17:35<77:27:38,  1.43it/s]  0%|          | 1213/400000 [17:36<74:59:52,  1.48it/s]  0%|          | 1214/400000 [17:36<72:30:01,  1.53it/s]  0%|          | 1215/400000 [17:37<73:41:00,  1.50it/s]  0%|          | 1216/400000 [17:37<71:22:57,  1.55it/s]  0%|          | 1217/400000 [17:38<71:03:34,  1.56it/s]  0%|          | 1218/400000 [17:39<69:57:25,  1.58it/s]  0%|          | 1219/400000 [17:39<70:07:26,  1.58it/s]  0%|          | 1220/400000 [17:40<70:09:10,  1.58it/s]                                                          0%|          | 1220/400000 [17:40<70:09:10,  1.58it/s]  0%|          | 1221/400000 [17:41<80:46:51,  1.37it/s]  0%|          | 1222/400000 [17:42<84:39:04,  1.31it/s]  0%|          | 1223/400000 [17:43<86:13:42,  1.28it/s]  0%|          | 1224/400000 [17:43<84:39:13,  1.31it/s]  0%|          | 1225/400000 [17:44<82:32:05,  1.34it/s]  0%|          | 1226/400000 [17:45<79:42:55,  1.39it/s]  0%|          | 1227/400000 [17:45<76:57:07,  1.44it/s]  0%|          | 1228/400000 [17:46<75:43:42,  1.46it/s]  0%|          | 1229/400000 [17:47<73:38:25,  1.50it/s]  0%|          | 1230/400000 [17:47<78:19:04,  1.41it/s]                                                          0%|          | 1230/400000 [17:47<78:19:04,  1.41it/s]  0%|          | 1231/400000 [17:48<80:58:28,  1.37it/s]  0%|          | 1232/400000 [17:49<78:33:58,  1.41it/s]  0%|          | 1233/400000 [17:49<77:40:53,  1.43it/s]  0%|          | 1234/400000 [17:50<75:36:59,  1.46it/s]  0%|          | 1235/400000 [17:51<72:59:22,  1.52it/s]  0%|          | 1236/400000 [17:51<72:47:15,  1.52it/s]  0%|          | 1237/400000 [17:52<80:34:37,  1.37it/s]  0%|          | 1238/400000 [17:53<86:13:10,  1.28it/s]  0%|          | 1239/400000 [17:54<88:01:46,  1.26it/s]  0%|          | 1240/400000 [17:55<86:22:45,  1.28it/s]                                                          0%|          | 1240/400000 [17:55<86:22:45,  1.28it/s]  0%|          | 1241/400000 [17:55<83:57:20,  1.32it/s]  0%|          | 1242/400000 [17:56<81:32:12,  1.36it/s]  0%|          | 1243/400000 [17:57<79:02:09,  1.40it/s]  0%|          | 1244/400000 [17:57<76:15:57,  1.45it/s]  0%|          | 1245/400000 [17:58<73:20:45,  1.51it/s]  0%|          | 1246/400000 [17:59<71:57:40,  1.54it/s]  0%|          | 1247/400000 [17:59<73:10:49,  1.51it/s]  0%|          | 1248/400000 [18:00<70:26:14,  1.57it/s]  0%|          | 1249/400000 [18:01<77:59:13,  1.42it/s]  0%|          | 1250/400000 [18:02<80:00:28,  1.38it/s]                                                          0%|          | 1250/400000 [18:02<80:00:28,  1.38it/s]  0%|          | 1251/400000 [18:02<79:04:19,  1.40it/s]  0%|          | 1252/400000 [18:03<77:00:58,  1.44it/s]  0%|          | 1253/400000 [18:04<75:25:50,  1.47it/s]  0%|          | 1254/400000 [18:04<74:16:28,  1.49it/s]  0%|          | 1255/400000 [18:05<73:06:43,  1.51it/s]  0%|          | 1256/400000 [18:05<72:10:54,  1.53it/s]  0%|          | 1257/400000 [18:06<72:22:16,  1.53it/s]  0%|          | 1258/400000 [18:07<73:55:45,  1.50it/s]  0%|          | 1259/400000 [18:07<74:32:56,  1.49it/s]  0%|          | 1260/400000 [18:08<80:21:05,  1.38it/s]                                                          0%|          | 1260/400000 [18:08<80:21:05,  1.38it/s]  0%|          | 1261/400000 [18:09<82:27:50,  1.34it/s]  0%|          | 1262/400000 [18:10<87:47:46,  1.26it/s]  0%|          | 1263/400000 [18:11<86:25:57,  1.28it/s]  0%|          | 1264/400000 [18:11<83:48:15,  1.32it/s]  0%|          | 1265/400000 [18:12<79:58:52,  1.38it/s]  0%|          | 1266/400000 [18:13<76:37:44,  1.45it/s]  0%|          | 1267/400000 [18:13<74:02:44,  1.50it/s]  0%|          | 1268/400000 [18:14<72:37:02,  1.53it/s]  0%|          | 1269/400000 [18:15<71:50:24,  1.54it/s]  0%|          | 1270/400000 [18:15<73:18:16,  1.51it/s]                                                          0%|          | 1270/400000 [18:15<73:18:16,  1.51it/s]  0%|          | 1271/400000 [18:16<73:46:27,  1.50it/s]  0%|          | 1272/400000 [18:17<86:02:38,  1.29it/s]  0%|          | 1273/400000 [18:18<86:59:04,  1.27it/s]  0%|          | 1274/400000 [18:19<84:24:52,  1.31it/s]  0%|          | 1275/400000 [18:19<83:11:01,  1.33it/s]  0%|          | 1276/400000 [18:20<79:28:31,  1.39it/s]  0%|          | 1277/400000 [18:21<76:24:05,  1.45it/s]  0%|          | 1278/400000 [18:21<73:33:53,  1.51it/s]  0%|          | 1279/400000 [18:22<74:28:39,  1.49it/s]  0%|          | 1280/400000 [18:22<74:26:31,  1.49it/s]                                                          0%|          | 1280/400000 [18:22<74:26:31,  1.49it/s]  0%|          | 1281/400000 [18:23<74:07:22,  1.49it/s]  0%|          | 1282/400000 [18:24<74:47:51,  1.48it/s]  0%|          | 1283/400000 [18:24<73:23:35,  1.51it/s]  0%|          | 1284/400000 [18:25<73:47:21,  1.50it/s]  0%|          | 1285/400000 [18:26<81:12:12,  1.36it/s]  0%|          | 1286/400000 [18:27<81:54:53,  1.35it/s]  0%|          | 1287/400000 [18:27<80:17:17,  1.38it/s]  0%|          | 1288/400000 [18:28<77:59:47,  1.42it/s]  0%|          | 1289/400000 [18:29<76:42:57,  1.44it/s]  0%|          | 1290/400000 [18:29<76:25:04,  1.45it/s]                                                          0%|          | 1290/400000 [18:29<76:25:04,  1.45it/s]  0%|          | 1291/400000 [18:30<75:18:39,  1.47it/s]  0%|          | 1292/400000 [18:31<73:22:29,  1.51it/s]  0%|          | 1293/400000 [18:31<74:22:31,  1.49it/s]  0%|          | 1294/400000 [18:32<75:23:28,  1.47it/s]  0%|          | 1295/400000 [18:33<74:37:25,  1.48it/s]  0%|          | 1296/400000 [18:33<73:23:18,  1.51it/s]  0%|          | 1297/400000 [18:34<72:29:21,  1.53it/s]  0%|          | 1298/400000 [18:35<72:14:42,  1.53it/s]  0%|          | 1299/400000 [18:35<72:31:53,  1.53it/s]  0%|          | 1300/400000 [18:36<72:42:35,  1.52it/s]                                                          0%|          | 1300/400000 [18:36<72:42:35,  1.52it/s]  0%|          | 1301/400000 [18:37<72:30:16,  1.53it/s]  0%|          | 1302/400000 [18:37<73:41:24,  1.50it/s]  0%|          | 1303/400000 [18:38<72:41:38,  1.52it/s]  0%|          | 1304/400000 [18:39<72:26:10,  1.53it/s]  0%|          | 1305/400000 [18:39<72:17:23,  1.53it/s]  0%|          | 1306/400000 [18:40<72:54:14,  1.52it/s]  0%|          | 1307/400000 [18:41<76:38:29,  1.45it/s]  0%|          | 1308/400000 [18:41<77:15:21,  1.43it/s]  0%|          | 1309/400000 [18:42<77:44:08,  1.42it/s]  0%|          | 1310/400000 [18:43<75:32:33,  1.47it/s]                                                          0%|          | 1310/400000 [18:43<75:32:33,  1.47it/s]  0%|          | 1311/400000 [18:43<74:46:23,  1.48it/s]  0%|          | 1312/400000 [18:44<74:05:02,  1.49it/s]  0%|          | 1313/400000 [18:45<75:06:08,  1.47it/s]  0%|          | 1314/400000 [18:46<78:09:39,  1.42it/s]  0%|          | 1315/400000 [18:46<79:40:08,  1.39it/s]  0%|          | 1316/400000 [18:47<77:26:22,  1.43it/s]  0%|          | 1317/400000 [18:48<75:14:50,  1.47it/s]  0%|          | 1318/400000 [18:48<73:57:53,  1.50it/s]  0%|          | 1319/400000 [18:49<74:40:28,  1.48it/s]  0%|          | 1320/400000 [18:50<75:38:00,  1.46it/s]                                                          0%|          | 1320/400000 [18:50<75:38:00,  1.46it/s]  0%|          | 1321/400000 [18:51<87:56:18,  1.26it/s]  0%|          | 1322/400000 [18:52<88:24:03,  1.25it/s]  0%|          | 1323/400000 [18:52<84:59:49,  1.30it/s]  0%|          | 1324/400000 [18:53<82:13:11,  1.35it/s]  0%|          | 1325/400000 [18:54<78:15:33,  1.42it/s]  0%|          | 1326/400000 [18:54<77:38:38,  1.43it/s]  0%|          | 1327/400000 [18:55<75:55:54,  1.46it/s]  0%|          | 1328/400000 [18:56<84:20:59,  1.31it/s]  0%|          | 1329/400000 [18:57<88:31:03,  1.25it/s]  0%|          | 1330/400000 [18:57<86:42:05,  1.28it/s]                                                          0%|          | 1330/400000 [18:57<86:42:05,  1.28it/s]  0%|          | 1331/400000 [18:58<86:26:52,  1.28it/s]  0%|          | 1332/400000 [18:59<87:11:15,  1.27it/s]  0%|          | 1333/400000 [19:00<80:29:19,  1.38it/s]  0%|          | 1334/400000 [19:00<77:50:28,  1.42it/s]  0%|          | 1335/400000 [19:01<77:16:45,  1.43it/s]  0%|          | 1336/400000 [19:02<75:36:13,  1.46it/s]  0%|          | 1337/400000 [19:02<73:35:22,  1.50it/s]  0%|          | 1338/400000 [19:03<72:29:23,  1.53it/s]  0%|          | 1339/400000 [19:04<73:28:55,  1.51it/s]  0%|          | 1340/400000 [19:04<75:26:07,  1.47it/s]                                                          0%|          | 1340/400000 [19:04<75:26:07,  1.47it/s]  0%|          | 1341/400000 [19:05<75:22:17,  1.47it/s]  0%|          | 1342/400000 [19:06<76:10:41,  1.45it/s]  0%|          | 1343/400000 [19:06<73:49:42,  1.50it/s]  0%|          | 1344/400000 [19:07<74:15:37,  1.49it/s]  0%|          | 1345/400000 [19:08<74:16:17,  1.49it/s]  0%|          | 1346/400000 [19:08<76:54:46,  1.44it/s]  0%|          | 1347/400000 [19:09<78:45:05,  1.41it/s]  0%|          | 1348/400000 [19:10<78:16:38,  1.41it/s]  0%|          | 1349/400000 [19:10<76:16:14,  1.45it/s]  0%|          | 1350/400000 [19:11<73:52:56,  1.50it/s]                                                          0%|          | 1350/400000 [19:11<73:52:56,  1.50it/s]  0%|          | 1351/400000 [19:12<73:35:11,  1.50it/s]  0%|          | 1352/400000 [19:12<72:45:53,  1.52it/s]  0%|          | 1353/400000 [19:13<72:31:22,  1.53it/s]  0%|          | 1354/400000 [19:14<72:18:32,  1.53it/s]  0%|          | 1355/400000 [19:14<72:49:01,  1.52it/s]  0%|          | 1356/400000 [19:15<74:58:12,  1.48it/s]  0%|          | 1357/400000 [19:16<82:30:10,  1.34it/s]  0%|          | 1358/400000 [19:17<88:23:16,  1.25it/s]  0%|          | 1359/400000 [19:18<86:11:38,  1.28it/s]  0%|          | 1360/400000 [19:19<91:52:33,  1.21it/s]                                                          0%|          | 1360/400000 [19:19<91:52:33,  1.21it/s]  0%|          | 1361/400000 [19:19<86:08:42,  1.29it/s]  0%|          | 1362/400000 [19:20<80:47:28,  1.37it/s]  0%|          | 1363/400000 [19:21<79:04:15,  1.40it/s]  0%|          | 1364/400000 [19:21<76:57:27,  1.44it/s]  0%|          | 1365/400000 [19:22<75:07:48,  1.47it/s]  0%|          | 1366/400000 [19:22<73:07:05,  1.51it/s]  0%|          | 1367/400000 [19:23<72:46:50,  1.52it/s]  0%|          | 1368/400000 [19:24<72:26:05,  1.53it/s]  0%|          | 1369/400000 [19:25<81:13:23,  1.36it/s]  0%|          | 1370/400000 [19:26<91:21:22,  1.21it/s]                                                          0%|          | 1370/400000 [19:26<91:21:22,  1.21it/s]  0%|          | 1371/400000 [19:27<92:46:09,  1.19it/s]  0%|          | 1372/400000 [19:27<89:01:58,  1.24it/s]  0%|          | 1373/400000 [19:28<85:40:33,  1.29it/s]  0%|          | 1374/400000 [19:29<80:16:19,  1.38it/s]  0%|          | 1375/400000 [19:29<76:02:44,  1.46it/s]  0%|          | 1376/400000 [19:30<73:44:11,  1.50it/s]  0%|          | 1377/400000 [19:30<71:29:50,  1.55it/s]  0%|          | 1378/400000 [19:31<71:55:48,  1.54it/s]  0%|          | 1379/400000 [19:32<70:53:30,  1.56it/s]  0%|          | 1380/400000 [19:32<69:52:30,  1.58it/s]                                                          0%|          | 1380/400000 [19:32<69:52:30,  1.58it/s]  0%|          | 1381/400000 [19:33<69:19:56,  1.60it/s]  0%|          | 1382/400000 [19:34<74:36:54,  1.48it/s]  0%|          | 1383/400000 [19:35<80:31:33,  1.38it/s]  0%|          | 1384/400000 [19:35<85:02:34,  1.30it/s]  0%|          | 1385/400000 [19:36<82:28:59,  1.34it/s]  0%|          | 1386/400000 [19:37<80:56:13,  1.37it/s]  0%|          | 1387/400000 [19:37<80:00:05,  1.38it/s]  0%|          | 1388/400000 [19:38<77:08:53,  1.44it/s]  0%|          | 1389/400000 [19:39<74:06:35,  1.49it/s]  0%|          | 1390/400000 [19:39<76:28:26,  1.45it/s]                                                          0%|          | 1390/400000 [19:39<76:28:26,  1.45it/s]  0%|          | 1391/400000 [19:40<78:38:16,  1.41it/s]  0%|          | 1392/400000 [19:41<78:18:08,  1.41it/s]  0%|          | 1393/400000 [19:42<75:51:49,  1.46it/s]  0%|          | 1394/400000 [19:42<74:17:21,  1.49it/s]  0%|          | 1395/400000 [19:43<73:55:00,  1.50it/s]  0%|          | 1396/400000 [19:44<74:03:29,  1.50it/s]  0%|          | 1397/400000 [19:44<72:55:13,  1.52it/s]  0%|          | 1398/400000 [19:45<72:19:55,  1.53it/s]  0%|          | 1399/400000 [19:45<72:39:28,  1.52it/s]  0%|          | 1400/400000 [19:46<79:51:06,  1.39it/s]                                                          0%|          | 1400/400000 [19:46<79:51:06,  1.39it/s]  0%|          | 1401/400000 [19:47<87:55:12,  1.26it/s]  0%|          | 1402/400000 [19:48<94:31:55,  1.17it/s]  0%|          | 1403/400000 [19:49<93:20:07,  1.19it/s]  0%|          | 1404/400000 [19:50<88:55:09,  1.25it/s]  0%|          | 1405/400000 [19:50<83:17:42,  1.33it/s]  0%|          | 1406/400000 [19:51<78:15:50,  1.41it/s]  0%|          | 1407/400000 [19:52<78:03:19,  1.42it/s]  0%|          | 1408/400000 [19:53<88:21:28,  1.25it/s]  0%|          | 1409/400000 [19:54<87:34:43,  1.26it/s]  0%|          | 1410/400000 [19:54<84:59:03,  1.30it/s]                                                          0%|          | 1410/400000 [19:54<84:59:03,  1.30it/s]  0%|          | 1411/400000 [19:55<81:03:14,  1.37it/s]  0%|          | 1412/400000 [19:56<77:34:03,  1.43it/s]  0%|          | 1413/400000 [19:56<75:17:34,  1.47it/s]  0%|          | 1414/400000 [19:57<76:07:57,  1.45it/s]  0%|          | 1415/400000 [19:58<76:59:12,  1.44it/s]  0%|          | 1416/400000 [19:58<76:43:41,  1.44it/s]  0%|          | 1417/400000 [19:59<78:03:33,  1.42it/s]  0%|          | 1418/400000 [20:00<77:46:42,  1.42it/s]  0%|          | 1419/400000 [20:00<75:24:06,  1.47it/s]  0%|          | 1420/400000 [20:01<73:24:56,  1.51it/s]                                                          0%|          | 1420/400000 [20:01<73:24:56,  1.51it/s]  0%|          | 1421/400000 [20:02<74:00:02,  1.50it/s]  0%|          | 1422/400000 [20:02<74:55:20,  1.48it/s]  0%|          | 1423/400000 [20:03<75:46:36,  1.46it/s]  0%|          | 1424/400000 [20:04<73:50:23,  1.50it/s]  0%|          | 1425/400000 [20:04<73:04:48,  1.51it/s]  0%|          | 1426/400000 [20:05<72:05:12,  1.54it/s]  0%|          | 1427/400000 [20:06<71:45:37,  1.54it/s]  0%|          | 1428/400000 [20:07<81:10:54,  1.36it/s]  0%|          | 1429/400000 [20:07<82:29:29,  1.34it/s]  0%|          | 1430/400000 [20:08<81:56:59,  1.35it/s]                                                          0%|          | 1430/400000 [20:08<81:56:59,  1.35it/s]  0%|          | 1431/400000 [20:09<79:47:46,  1.39it/s]  0%|          | 1432/400000 [20:09<76:33:10,  1.45it/s]  0%|          | 1433/400000 [20:10<74:47:35,  1.48it/s]  0%|          | 1434/400000 [20:11<75:00:48,  1.48it/s]  0%|          | 1435/400000 [20:11<74:00:43,  1.50it/s]  0%|          | 1436/400000 [20:12<73:12:19,  1.51it/s]  0%|          | 1437/400000 [20:13<72:17:17,  1.53it/s]  0%|          | 1438/400000 [20:13<71:56:43,  1.54it/s]  0%|          | 1439/400000 [20:14<71:32:54,  1.55it/s]  0%|          | 1440/400000 [20:15<77:21:18,  1.43it/s]                                                          0%|          | 1440/400000 [20:15<77:21:18,  1.43it/s]  0%|          | 1441/400000 [20:15<79:08:57,  1.40it/s]  0%|          | 1442/400000 [20:16<77:00:15,  1.44it/s]  0%|          | 1443/400000 [20:17<75:28:53,  1.47it/s]  0%|          | 1444/400000 [20:17<73:53:47,  1.50it/s]  0%|          | 1445/400000 [20:18<73:36:35,  1.50it/s]  0%|          | 1446/400000 [20:19<79:01:16,  1.40it/s]  0%|          | 1447/400000 [20:20<79:21:20,  1.40it/s]  0%|          | 1448/400000 [20:20<80:43:51,  1.37it/s]  0%|          | 1449/400000 [20:21<78:46:14,  1.41it/s]  0%|          | 1450/400000 [20:22<77:29:24,  1.43it/s]                                                          0%|          | 1450/400000 [20:22<77:29:24,  1.43it/s]  0%|          | 1451/400000 [20:22<75:58:54,  1.46it/s]  0%|          | 1452/400000 [20:23<75:10:40,  1.47it/s]  0%|          | 1453/400000 [20:24<76:03:34,  1.46it/s]  0%|          | 1454/400000 [20:24<76:39:35,  1.44it/s]  0%|          | 1455/400000 [20:25<75:00:37,  1.48it/s]  0%|          | 1456/400000 [20:26<74:36:53,  1.48it/s]  0%|          | 1457/400000 [20:26<73:22:46,  1.51it/s]  0%|          | 1458/400000 [20:27<74:26:33,  1.49it/s]  0%|          | 1459/400000 [20:28<74:39:17,  1.48it/s]  0%|          | 1460/400000 [20:29<83:00:38,  1.33it/s]                                                          0%|          | 1460/400000 [20:29<83:00:38,  1.33it/s]  0%|          | 1461/400000 [20:29<84:03:49,  1.32it/s]  0%|          | 1462/400000 [20:30<82:21:32,  1.34it/s]  0%|          | 1463/400000 [20:31<80:07:00,  1.38it/s]  0%|          | 1464/400000 [20:31<78:21:21,  1.41it/s]  0%|          | 1465/400000 [20:32<77:56:06,  1.42it/s]  0%|          | 1466/400000 [20:33<76:24:06,  1.45it/s]  0%|          | 1467/400000 [20:33<75:13:04,  1.47it/s]  0%|          | 1468/400000 [20:34<75:23:29,  1.47it/s]  0%|          | 1469/400000 [20:35<75:16:36,  1.47it/s]  0%|          | 1470/400000 [20:36<75:32:56,  1.47it/s]                                                          0%|          | 1470/400000 [20:36<75:32:56,  1.47it/s]  0%|          | 1471/400000 [20:36<74:19:06,  1.49it/s]  0%|          | 1472/400000 [20:37<73:33:55,  1.50it/s]  0%|          | 1473/400000 [20:38<76:16:40,  1.45it/s]  0%|          | 1474/400000 [20:38<79:15:10,  1.40it/s]  0%|          | 1475/400000 [20:39<80:07:56,  1.38it/s]  0%|          | 1476/400000 [20:40<78:05:25,  1.42it/s]  0%|          | 1477/400000 [20:40<77:27:22,  1.43it/s]  0%|          | 1478/400000 [20:41<75:46:29,  1.46it/s]  0%|          | 1479/400000 [20:42<76:28:06,  1.45it/s]  0%|          | 1480/400000 [20:42<76:43:33,  1.44it/s]                                                          0%|          | 1480/400000 [20:42<76:43:33,  1.44it/s]  0%|          | 1481/400000 [20:43<76:00:50,  1.46it/s]  0%|          | 1482/400000 [20:44<74:11:56,  1.49it/s]  0%|          | 1483/400000 [20:45<81:51:28,  1.35it/s]  0%|          | 1484/400000 [20:46<88:35:12,  1.25it/s]  0%|          | 1485/400000 [20:46<87:48:11,  1.26it/s]  0%|          | 1486/400000 [20:47<84:04:41,  1.32it/s]  0%|          | 1487/400000 [20:48<80:26:16,  1.38it/s]  0%|          | 1488/400000 [20:48<77:21:36,  1.43it/s]  0%|          | 1489/400000 [20:49<76:45:35,  1.44it/s]  0%|          | 1490/400000 [20:50<74:46:40,  1.48it/s]                                                          0%|          | 1490/400000 [20:50<74:46:40,  1.48it/s]  0%|          | 1491/400000 [20:50<72:34:29,  1.53it/s]  0%|          | 1492/400000 [20:51<71:41:08,  1.54it/s]  0%|          | 1493/400000 [20:52<74:01:05,  1.50it/s]  0%|          | 1494/400000 [20:52<78:11:44,  1.42it/s]  0%|          | 1495/400000 [20:53<78:56:34,  1.40it/s]  0%|          | 1496/400000 [20:54<76:22:06,  1.45it/s]  0%|          | 1497/400000 [20:54<74:37:19,  1.48it/s]  0%|          | 1498/400000 [20:55<83:27:31,  1.33it/s]  0%|          | 1499/400000 [20:56<84:22:35,  1.31it/s]  0%|          | 1500/400000 [20:57<81:26:37,  1.36it/s]                                                          0%|          | 1500/400000 [20:57<81:26:37,  1.36it/s]  0%|          | 1501/400000 [20:57<78:43:08,  1.41it/s]  0%|          | 1502/400000 [20:58<76:45:00,  1.44it/s]  0%|          | 1503/400000 [20:59<74:20:50,  1.49it/s]  0%|          | 1504/400000 [21:00<77:35:28,  1.43it/s]  0%|          | 1505/400000 [21:00<78:07:04,  1.42it/s]  0%|          | 1506/400000 [21:01<76:27:15,  1.45it/s]  0%|          | 1507/400000 [21:02<75:01:28,  1.48it/s]  0%|          | 1508/400000 [21:02<73:54:16,  1.50it/s]  0%|          | 1509/400000 [21:03<73:44:26,  1.50it/s]  0%|          | 1510/400000 [21:03<72:55:03,  1.52it/s]                                                          0%|          | 1510/400000 [21:04<72:55:03,  1.52it/s]  0%|          | 1511/400000 [21:04<72:01:31,  1.54it/s]  0%|          | 1512/400000 [21:05<71:47:31,  1.54it/s]  0%|          | 1513/400000 [21:06<77:56:46,  1.42it/s]  0%|          | 1514/400000 [21:06<78:50:19,  1.40it/s]  0%|          | 1515/400000 [21:07<78:11:04,  1.42it/s]  0%|          | 1516/400000 [21:08<76:51:41,  1.44it/s]  0%|          | 1517/400000 [21:08<74:49:30,  1.48it/s]  0%|          | 1518/400000 [21:09<73:03:21,  1.52it/s]  0%|          | 1519/400000 [21:10<72:54:31,  1.52it/s]  0%|          | 1520/400000 [21:10<76:31:08,  1.45it/s]                                                          0%|          | 1520/400000 [21:10<76:31:08,  1.45it/s]  0%|          | 1521/400000 [21:11<79:29:50,  1.39it/s]  0%|          | 1522/400000 [21:12<80:17:02,  1.38it/s]  0%|          | 1523/400000 [21:13<79:37:58,  1.39it/s]  0%|          | 1524/400000 [21:13<75:52:24,  1.46it/s]  0%|          | 1525/400000 [21:14<74:12:00,  1.49it/s]  0%|          | 1526/400000 [21:15<76:02:40,  1.46it/s]  0%|          | 1527/400000 [21:16<89:22:28,  1.24it/s]  0%|          | 1528/400000 [21:17<93:24:38,  1.18it/s]  0%|          | 1529/400000 [21:17<91:06:33,  1.21it/s]  0%|          | 1530/400000 [21:18<86:16:41,  1.28it/s]                                                          0%|          | 1530/400000 [21:18<86:16:41,  1.28it/s]  0%|          | 1531/400000 [21:19<81:21:51,  1.36it/s]  0%|          | 1532/400000 [21:19<76:40:33,  1.44it/s]  0%|          | 1533/400000 [21:20<73:57:09,  1.50it/s]  0%|          | 1534/400000 [21:20<72:01:13,  1.54it/s]  0%|          | 1535/400000 [21:21<70:25:26,  1.57it/s]  0%|          | 1536/400000 [21:22<70:01:39,  1.58it/s]  0%|          | 1537/400000 [21:22<70:50:19,  1.56it/s]  0%|          | 1538/400000 [21:23<73:30:51,  1.51it/s]  0%|          | 1539/400000 [21:24<72:04:09,  1.54it/s]  0%|          | 1540/400000 [21:24<71:24:54,  1.55it/s]                                                          0%|          | 1540/400000 [21:24<71:24:54,  1.55it/s]  0%|          | 1541/400000 [21:25<81:25:51,  1.36it/s]  0%|          | 1542/400000 [21:26<91:59:57,  1.20it/s]  0%|          | 1543/400000 [21:27<92:34:57,  1.20it/s]  0%|          | 1544/400000 [21:28<88:38:34,  1.25it/s]  0%|          | 1545/400000 [21:29<84:44:08,  1.31it/s]  0%|          | 1546/400000 [21:29<80:05:43,  1.38it/s]  0%|          | 1547/400000 [21:30<77:04:25,  1.44it/s]  0%|          | 1548/400000 [21:30<74:32:32,  1.48it/s]  0%|          | 1549/400000 [21:31<72:32:45,  1.53it/s]  0%|          | 1550/400000 [21:32<70:31:30,  1.57it/s]                                                          0%|          | 1550/400000 [21:32<70:31:30,  1.57it/s]  0%|          | 1551/400000 [21:32<69:31:11,  1.59it/s]  0%|          | 1552/400000 [21:33<71:58:46,  1.54it/s]  0%|          | 1553/400000 [21:34<73:17:15,  1.51it/s]  0%|          | 1554/400000 [21:34<73:51:27,  1.50it/s]  0%|          | 1555/400000 [21:35<72:59:51,  1.52it/s]  0%|          | 1556/400000 [21:36<72:14:56,  1.53it/s]  0%|          | 1557/400000 [21:36<74:02:03,  1.49it/s]  0%|          | 1558/400000 [21:37<72:05:50,  1.54it/s]  0%|          | 1559/400000 [21:38<72:36:04,  1.52it/s]  0%|          | 1560/400000 [21:38<71:45:55,  1.54it/s]                                                          0%|          | 1560/400000 [21:38<71:45:55,  1.54it/s]  0%|          | 1561/400000 [21:39<71:57:36,  1.54it/s]  0%|          | 1562/400000 [21:40<75:48:39,  1.46it/s]  0%|          | 1563/400000 [21:41<82:12:16,  1.35it/s]  0%|          | 1564/400000 [21:42<90:36:48,  1.22it/s]  0%|          | 1565/400000 [21:42<91:49:11,  1.21it/s]  0%|          | 1566/400000 [21:43<87:58:11,  1.26it/s]  0%|          | 1567/400000 [21:44<83:50:36,  1.32it/s]  0%|          | 1568/400000 [21:44<79:53:19,  1.39it/s]  0%|          | 1569/400000 [21:45<77:16:59,  1.43it/s]  0%|          | 1570/400000 [21:46<75:14:38,  1.47it/s]                                                          0%|          | 1570/400000 [21:46<75:14:38,  1.47it/s]  0%|          | 1571/400000 [21:46<74:16:55,  1.49it/s]  0%|          | 1572/400000 [21:47<73:23:59,  1.51it/s]  0%|          | 1573/400000 [21:48<71:57:21,  1.54it/s]  0%|          | 1574/400000 [21:48<72:11:01,  1.53it/s]  0%|          | 1575/400000 [21:49<71:15:19,  1.55it/s]  0%|          | 1576/400000 [21:50<73:42:19,  1.50it/s]  0%|          | 1577/400000 [21:50<76:02:10,  1.46it/s]  0%|          | 1578/400000 [21:51<78:41:57,  1.41it/s]  0%|          | 1579/400000 [21:52<78:13:28,  1.41it/s]  0%|          | 1580/400000 [21:53<77:34:34,  1.43it/s]                                                          0%|          | 1580/400000 [21:53<77:34:34,  1.43it/s]  0%|          | 1581/400000 [21:53<76:38:42,  1.44it/s]  0%|          | 1582/400000 [21:54<75:39:31,  1.46it/s]  0%|          | 1583/400000 [21:54<74:26:45,  1.49it/s]  0%|          | 1584/400000 [21:55<84:10:36,  1.31it/s]  0%|          | 1585/400000 [21:56<88:50:30,  1.25it/s]  0%|          | 1586/400000 [21:57<84:50:35,  1.30it/s]  0%|          | 1587/400000 [21:58<80:03:32,  1.38it/s]  0%|          | 1588/400000 [21:58<77:48:08,  1.42it/s]  0%|          | 1589/400000 [21:59<79:47:44,  1.39it/s]  0%|          | 1590/400000 [22:00<79:20:52,  1.39it/s]                                                          0%|          | 1590/400000 [22:00<79:20:52,  1.39it/s]  0%|          | 1591/400000 [22:00<77:17:12,  1.43it/s]  0%|          | 1592/400000 [22:01<74:44:03,  1.48it/s]  0%|          | 1593/400000 [22:02<76:07:51,  1.45it/s]  0%|          | 1594/400000 [22:02<74:24:05,  1.49it/s]  0%|          | 1595/400000 [22:03<73:04:57,  1.51it/s]  0%|          | 1596/400000 [22:04<79:54:40,  1.38it/s]  0%|          | 1597/400000 [22:05<80:47:47,  1.37it/s]  0%|          | 1598/400000 [22:05<80:43:07,  1.37it/s]  0%|          | 1599/400000 [22:06<77:34:22,  1.43it/s]  0%|          | 1600/400000 [22:07<75:10:49,  1.47it/s]                                                          0%|          | 1600/400000 [22:07<75:10:49,  1.47it/s]  0%|          | 1601/400000 [22:07<73:41:18,  1.50it/s]  0%|          | 1602/400000 [22:08<71:17:24,  1.55it/s]  0%|          | 1603/400000 [22:09<70:47:18,  1.56it/s]  0%|          | 1604/400000 [22:09<75:57:35,  1.46it/s]  0%|          | 1605/400000 [22:10<84:07:33,  1.32it/s]  0%|          | 1606/400000 [22:11<84:38:45,  1.31it/s]  0%|          | 1607/400000 [22:12<81:52:41,  1.35it/s]  0%|          | 1608/400000 [22:12<79:11:47,  1.40it/s]  0%|          | 1609/400000 [22:13<76:52:48,  1.44it/s]  0%|          | 1610/400000 [22:14<75:10:53,  1.47it/s]                                                          0%|          | 1610/400000 [22:14<75:10:53,  1.47it/s]  0%|          | 1611/400000 [22:14<73:39:43,  1.50it/s]  0%|          | 1612/400000 [22:15<72:31:08,  1.53it/s]  0%|          | 1613/400000 [22:16<80:38:30,  1.37it/s]  0%|          | 1614/400000 [22:17<81:13:39,  1.36it/s]  0%|          | 1615/400000 [22:17<79:49:10,  1.39it/s]  0%|          | 1616/400000 [22:18<79:05:36,  1.40it/s]  0%|          | 1617/400000 [22:19<76:16:46,  1.45it/s]  0%|          | 1618/400000 [22:19<74:48:55,  1.48it/s]  0%|          | 1619/400000 [22:20<73:06:33,  1.51it/s]  0%|          | 1620/400000 [22:21<85:13:04,  1.30it/s]                                                          0%|          | 1620/400000 [22:21<85:13:04,  1.30it/s]  0%|          | 1621/400000 [22:22<88:20:13,  1.25it/s]  0%|          | 1622/400000 [22:22<85:48:34,  1.29it/s]  0%|          | 1623/400000 [22:23<84:23:28,  1.31it/s]  0%|          | 1624/400000 [22:24<79:14:03,  1.40it/s]  0%|          | 1625/400000 [22:24<75:32:45,  1.46it/s]  0%|          | 1626/400000 [22:25<74:44:39,  1.48it/s]  0%|          | 1627/400000 [22:26<74:10:55,  1.49it/s]  0%|          | 1628/400000 [22:26<72:04:08,  1.54it/s]  0%|          | 1629/400000 [22:27<71:29:29,  1.55it/s]  0%|          | 1630/400000 [22:28<70:23:51,  1.57it/s]                                                          0%|          | 1630/400000 [22:28<70:23:51,  1.57it/s]  0%|          | 1631/400000 [22:28<77:34:34,  1.43it/s]  0%|          | 1632/400000 [22:29<75:39:23,  1.46it/s]  0%|          | 1633/400000 [22:30<84:27:45,  1.31it/s]  0%|          | 1634/400000 [22:31<85:17:06,  1.30it/s]  0%|          | 1635/400000 [22:32<83:15:08,  1.33it/s]  0%|          | 1636/400000 [22:32<80:22:03,  1.38it/s]  0%|          | 1637/400000 [22:33<77:42:20,  1.42it/s]  0%|          | 1638/400000 [22:33<74:50:23,  1.48it/s]  0%|          | 1639/400000 [22:34<74:13:28,  1.49it/s]  0%|          | 1640/400000 [22:35<83:31:39,  1.32it/s]                                                          0%|          | 1640/400000 [22:35<83:31:39,  1.32it/s]  0%|          | 1641/400000 [22:36<84:56:24,  1.30it/s]  0%|          | 1642/400000 [22:37<81:08:45,  1.36it/s]  0%|          | 1643/400000 [22:37<78:57:04,  1.40it/s]  0%|          | 1644/400000 [22:38<76:36:48,  1.44it/s]  0%|          | 1645/400000 [22:38<75:24:01,  1.47it/s]  0%|          | 1646/400000 [22:39<86:36:30,  1.28it/s]  0%|          | 1647/400000 [22:40<90:50:23,  1.22it/s]  0%|          | 1648/400000 [22:41<88:14:20,  1.25it/s]  0%|          | 1649/400000 [22:42<83:33:51,  1.32it/s]  0%|          | 1650/400000 [22:42<78:53:19,  1.40it/s]                                                          0%|          | 1650/400000 [22:42<78:53:19,  1.40it/s]  0%|          | 1651/400000 [22:43<75:27:55,  1.47it/s]  0%|          | 1652/400000 [22:44<73:38:42,  1.50it/s]  0%|          | 1653/400000 [22:44<70:47:28,  1.56it/s]  0%|          | 1654/400000 [22:45<70:22:55,  1.57it/s]  0%|          | 1655/400000 [22:45<69:06:39,  1.60it/s]  0%|          | 1656/400000 [22:46<70:26:07,  1.57it/s]  0%|          | 1657/400000 [22:47<71:10:22,  1.55it/s]  0%|          | 1658/400000 [22:47<71:38:05,  1.54it/s]  0%|          | 1659/400000 [22:48<72:43:07,  1.52it/s]  0%|          | 1660/400000 [22:49<72:28:40,  1.53it/s]                                                          0%|          | 1660/400000 [22:49<72:28:40,  1.53it/s]  0%|          | 1661/400000 [22:49<73:42:19,  1.50it/s]  0%|          | 1662/400000 [22:50<72:49:51,  1.52it/s]  0%|          | 1663/400000 [22:51<73:44:40,  1.50it/s]  0%|          | 1664/400000 [22:52<79:10:19,  1.40it/s]  0%|          | 1665/400000 [22:52<82:52:15,  1.34it/s]  0%|          | 1666/400000 [22:53<80:32:00,  1.37it/s]  0%|          | 1667/400000 [22:54<77:25:19,  1.43it/s]  0%|          | 1668/400000 [22:54<75:54:10,  1.46it/s]  0%|          | 1669/400000 [22:55<75:11:07,  1.47it/s]  0%|          | 1670/400000 [22:56<73:56:55,  1.50it/s]                                                          0%|          | 1670/400000 [22:56<73:56:55,  1.50it/s]  0%|          | 1671/400000 [22:56<74:06:38,  1.49it/s]  0%|          | 1672/400000 [22:57<73:05:19,  1.51it/s]  0%|          | 1673/400000 [22:58<72:59:24,  1.52it/s]  0%|          | 1674/400000 [22:58<73:15:16,  1.51it/s]  0%|          | 1675/400000 [22:59<83:31:27,  1.32it/s]  0%|          | 1676/400000 [23:00<94:13:40,  1.17it/s]  0%|          | 1677/400000 [23:01<96:07:54,  1.15it/s]  0%|          | 1678/400000 [23:02<92:59:52,  1.19it/s]  0%|          | 1679/400000 [23:03<87:30:45,  1.26it/s]  0%|          | 1680/400000 [23:03<81:53:26,  1.35it/s]                                                          0%|          | 1680/400000 [23:03<81:53:26,  1.35it/s]  0%|          | 1681/400000 [23:04<78:18:26,  1.41it/s]  0%|          | 1682/400000 [23:05<75:03:58,  1.47it/s]  0%|          | 1683/400000 [23:05<72:22:31,  1.53it/s]  0%|          | 1684/400000 [23:06<71:17:07,  1.55it/s]  0%|          | 1685/400000 [23:06<70:59:48,  1.56it/s]  0%|          | 1686/400000 [23:07<71:29:45,  1.55it/s]  0%|          | 1687/400000 [23:08<83:02:48,  1.33it/s]  0%|          | 1688/400000 [23:09<84:54:43,  1.30it/s]  0%|          | 1689/400000 [23:10<84:30:16,  1.31it/s]  0%|          | 1690/400000 [23:10<79:38:04,  1.39it/s]                                                          0%|          | 1690/400000 [23:10<79:38:04,  1.39it/s]  0%|          | 1691/400000 [23:11<77:28:26,  1.43it/s]  0%|          | 1692/400000 [23:12<76:20:23,  1.45it/s]  0%|          | 1693/400000 [23:12<75:14:03,  1.47it/s]  0%|          | 1694/400000 [23:13<73:25:59,  1.51it/s]  0%|          | 1695/400000 [23:14<74:54:46,  1.48it/s]  0%|          | 1696/400000 [23:14<75:23:53,  1.47it/s]  0%|          | 1697/400000 [23:15<73:48:01,  1.50it/s]  0%|          | 1698/400000 [23:16<73:31:12,  1.50it/s]  0%|          | 1699/400000 [23:16<72:23:04,  1.53it/s]  0%|          | 1700/400000 [23:17<72:10:55,  1.53it/s]                                                          0%|          | 1700/400000 [23:17<72:10:55,  1.53it/s]  0%|          | 1701/400000 [23:18<73:04:53,  1.51it/s]  0%|          | 1702/400000 [23:18<73:16:49,  1.51it/s]  0%|          | 1703/400000 [23:19<78:50:32,  1.40it/s]  0%|          | 1704/400000 [23:20<79:38:54,  1.39it/s]  0%|          | 1705/400000 [23:20<78:02:50,  1.42it/s]  0%|          | 1706/400000 [23:21<77:36:54,  1.43it/s]  0%|          | 1707/400000 [23:22<76:15:57,  1.45it/s]  0%|          | 1708/400000 [23:22<74:12:20,  1.49it/s]  0%|          | 1709/400000 [23:23<73:16:46,  1.51it/s]  0%|          | 1710/400000 [23:24<71:44:15,  1.54it/s]                                                          0%|          | 1710/400000 [23:24<71:44:15,  1.54it/s]  0%|          | 1711/400000 [23:24<72:17:57,  1.53it/s]  0%|          | 1712/400000 [23:25<78:54:27,  1.40it/s]  0%|          | 1713/400000 [23:26<85:36:20,  1.29it/s]  0%|          | 1714/400000 [23:27<86:46:41,  1.27it/s]  0%|          | 1715/400000 [23:28<85:12:48,  1.30it/s]  0%|          | 1716/400000 [23:28<82:48:02,  1.34it/s]  0%|          | 1717/400000 [23:29<79:30:26,  1.39it/s]  0%|          | 1718/400000 [23:30<76:53:04,  1.44it/s]  0%|          | 1719/400000 [23:30<75:43:48,  1.46it/s]  0%|          | 1720/400000 [23:31<73:25:14,  1.51it/s]                                                          0%|          | 1720/400000 [23:31<73:25:14,  1.51it/s]  0%|          | 1721/400000 [23:32<73:19:58,  1.51it/s]  0%|          | 1722/400000 [23:32<73:38:18,  1.50it/s]  0%|          | 1723/400000 [23:33<72:35:19,  1.52it/s]  0%|          | 1724/400000 [23:34<77:18:16,  1.43it/s]  0%|          | 1725/400000 [23:34<78:57:31,  1.40it/s]  0%|          | 1726/400000 [23:35<77:25:02,  1.43it/s]  0%|          | 1727/400000 [23:36<76:05:04,  1.45it/s]  0%|          | 1728/400000 [23:36<73:47:04,  1.50it/s]  0%|          | 1729/400000 [23:37<75:12:45,  1.47it/s]  0%|          | 1730/400000 [23:38<85:16:26,  1.30it/s]                                                          0%|          | 1730/400000 [23:38<85:16:26,  1.30it/s]  0%|          | 1731/400000 [23:39<88:08:21,  1.26it/s]  0%|          | 1732/400000 [23:40<85:12:55,  1.30it/s]  0%|          | 1733/400000 [23:40<81:40:12,  1.35it/s]  0%|          | 1734/400000 [23:41<77:17:08,  1.43it/s]  0%|          | 1735/400000 [23:42<75:15:28,  1.47it/s]  0%|          | 1736/400000 [23:42<76:42:06,  1.44it/s]  0%|          | 1737/400000 [23:43<77:09:12,  1.43it/s]  0%|          | 1738/400000 [23:44<76:13:58,  1.45it/s]  0%|          | 1739/400000 [23:44<75:56:19,  1.46it/s]  0%|          | 1740/400000 [23:45<75:17:17,  1.47it/s]                                                          0%|          | 1740/400000 [23:45<75:17:17,  1.47it/s]  0%|          | 1741/400000 [23:46<74:15:04,  1.49it/s]  0%|          | 1742/400000 [23:46<73:23:44,  1.51it/s]  0%|          | 1743/400000 [23:47<72:01:30,  1.54it/s]  0%|          | 1744/400000 [23:48<71:09:27,  1.55it/s]  0%|          | 1745/400000 [23:48<73:11:43,  1.51it/s]  0%|          | 1746/400000 [23:49<73:54:37,  1.50it/s]  0%|          | 1747/400000 [23:50<73:02:12,  1.51it/s]  0%|          | 1748/400000 [23:50<72:59:55,  1.52it/s]  0%|          | 1749/400000 [23:51<73:30:12,  1.51it/s]  0%|          | 1750/400000 [23:52<72:22:52,  1.53it/s]                                                          0%|          | 1750/400000 [23:52<72:22:52,  1.53it/s]  0%|          | 1751/400000 [23:52<72:31:41,  1.53it/s]  0%|          | 1752/400000 [23:53<73:05:36,  1.51it/s]  0%|          | 1753/400000 [23:54<73:22:44,  1.51it/s]  0%|          | 1754/400000 [23:54<77:13:47,  1.43it/s]  0%|          | 1755/400000 [23:55<78:16:30,  1.41it/s]  0%|          | 1756/400000 [23:56<77:32:00,  1.43it/s]  0%|          | 1757/400000 [23:56<76:23:16,  1.45it/s]  0%|          | 1758/400000 [23:57<75:37:52,  1.46it/s]  0%|          | 1759/400000 [23:58<74:10:31,  1.49it/s]  0%|          | 1760/400000 [23:58<73:35:36,  1.50it/s]                                                          0%|          | 1760/400000 [23:58<73:35:36,  1.50it/s]  0%|          | 1761/400000 [23:59<73:31:31,  1.50it/s]  0%|          | 1762/400000 [24:00<72:47:56,  1.52it/s]  0%|          | 1763/400000 [24:00<73:47:37,  1.50it/s]  0%|          | 1764/400000 [24:01<78:57:02,  1.40it/s]  0%|          | 1765/400000 [24:02<79:18:19,  1.39it/s]  0%|          | 1766/400000 [24:03<78:17:46,  1.41it/s]  0%|          | 1767/400000 [24:03<78:06:19,  1.42it/s]  0%|          | 1768/400000 [24:04<77:56:42,  1.42it/s]  0%|          | 1769/400000 [24:05<74:49:16,  1.48it/s]  0%|          | 1770/400000 [24:05<74:33:04,  1.48it/s]                                                          0%|          | 1770/400000 [24:05<74:33:04,  1.48it/s]  0%|          | 1771/400000 [24:06<73:49:45,  1.50it/s]  0%|          | 1772/400000 [24:07<72:48:57,  1.52it/s]  0%|          | 1773/400000 [24:07<74:47:11,  1.48it/s]  0%|          | 1774/400000 [24:08<76:02:55,  1.45it/s]  0%|          | 1775/400000 [24:09<75:55:31,  1.46it/s]  0%|          | 1776/400000 [24:09<75:06:37,  1.47it/s]  0%|          | 1777/400000 [24:10<74:04:35,  1.49it/s]  0%|          | 1778/400000 [24:11<73:25:39,  1.51it/s]  0%|          | 1779/400000 [24:11<72:43:47,  1.52it/s]  0%|          | 1780/400000 [24:12<83:09:31,  1.33it/s]                                                          0%|          | 1780/400000 [24:12<83:09:31,  1.33it/s]  0%|          | 1781/400000 [24:13<86:08:19,  1.28it/s]  0%|          | 1782/400000 [24:14<83:20:43,  1.33it/s]  0%|          | 1783/400000 [24:14<80:27:37,  1.37it/s]  0%|          | 1784/400000 [24:15<77:49:11,  1.42it/s]  0%|          | 1785/400000 [24:16<75:55:51,  1.46it/s]  0%|          | 1786/400000 [24:16<77:07:58,  1.43it/s]  0%|          | 1787/400000 [24:17<80:49:33,  1.37it/s]  0%|          | 1788/400000 [24:18<81:51:27,  1.35it/s]  0%|          | 1789/400000 [24:19<80:42:35,  1.37it/s]  0%|          | 1790/400000 [24:20<81:08:51,  1.36it/s]                                                          0%|          | 1790/400000 [24:20<81:08:51,  1.36it/s]  0%|          | 1791/400000 [24:20<79:45:26,  1.39it/s]  0%|          | 1792/400000 [24:21<79:40:12,  1.39it/s]  0%|          | 1793/400000 [24:22<77:05:49,  1.43it/s]  0%|          | 1794/400000 [24:22<75:43:00,  1.46it/s]  0%|          | 1795/400000 [24:23<74:26:37,  1.49it/s]  0%|          | 1796/400000 [24:23<73:13:27,  1.51it/s]  0%|          | 1797/400000 [24:24<77:18:00,  1.43it/s]  0%|          | 1798/400000 [24:25<78:55:50,  1.40it/s]  0%|          | 1799/400000 [24:26<79:12:07,  1.40it/s]  0%|          | 1800/400000 [24:26<78:05:24,  1.42it/s]                                                          0%|          | 1800/400000 [24:26<78:05:24,  1.42it/s]  0%|          | 1801/400000 [24:27<77:13:07,  1.43it/s]  0%|          | 1802/400000 [24:28<76:19:29,  1.45it/s]  0%|          | 1803/400000 [24:28<74:38:27,  1.48it/s]  0%|          | 1804/400000 [24:29<73:00:16,  1.52it/s]  0%|          | 1805/400000 [24:30<72:00:16,  1.54it/s]  0%|          | 1806/400000 [24:30<71:29:39,  1.55it/s]  0%|          | 1807/400000 [24:31<82:47:23,  1.34it/s]  0%|          | 1808/400000 [24:32<92:54:34,  1.19it/s]  0%|          | 1809/400000 [24:33<93:29:39,  1.18it/s]  0%|          | 1810/400000 [24:34<89:32:25,  1.24it/s]                                                          0%|          | 1810/400000 [24:34<89:32:25,  1.24it/s]  0%|          | 1811/400000 [24:35<84:27:33,  1.31it/s]  0%|          | 1812/400000 [24:35<86:11:28,  1.28it/s]  0%|          | 1813/400000 [24:36<85:42:48,  1.29it/s]  0%|          | 1814/400000 [24:37<82:13:51,  1.35it/s]  0%|          | 1815/400000 [24:37<77:54:37,  1.42it/s]  0%|          | 1816/400000 [24:38<75:15:28,  1.47it/s]  0%|          | 1817/400000 [24:39<73:53:50,  1.50it/s]  0%|          | 1818/400000 [24:39<72:24:51,  1.53it/s]  0%|          | 1819/400000 [24:40<71:33:24,  1.55it/s]  0%|          | 1820/400000 [24:41<69:45:27,  1.59it/s]                                                          0%|          | 1820/400000 [24:41<69:45:27,  1.59it/s]  0%|          | 1821/400000 [24:41<70:18:01,  1.57it/s]  0%|          | 1822/400000 [24:42<72:30:16,  1.53it/s]  0%|          | 1823/400000 [24:43<71:37:51,  1.54it/s]  0%|          | 1824/400000 [24:43<71:23:05,  1.55it/s]  0%|          | 1825/400000 [24:44<82:34:29,  1.34it/s]  0%|          | 1826/400000 [24:45<86:27:31,  1.28it/s]  0%|          | 1827/400000 [24:46<86:43:09,  1.28it/s]  0%|          | 1828/400000 [24:47<84:36:03,  1.31it/s]  0%|          | 1829/400000 [24:47<81:13:58,  1.36it/s]  0%|          | 1830/400000 [24:48<77:56:24,  1.42it/s]                                                          0%|          | 1830/400000 [24:48<77:56:24,  1.42it/s]  0%|          | 1831/400000 [24:49<77:03:29,  1.44it/s]  0%|          | 1832/400000 [24:49<75:19:50,  1.47it/s]  0%|          | 1833/400000 [24:50<79:24:47,  1.39it/s]  0%|          | 1834/400000 [24:51<84:28:39,  1.31it/s]  0%|          | 1835/400000 [24:52<86:23:00,  1.28it/s]  0%|          | 1836/400000 [24:52<82:35:01,  1.34it/s]  0%|          | 1837/400000 [24:53<79:17:00,  1.40it/s]  0%|          | 1838/400000 [24:54<76:19:56,  1.45it/s]  0%|          | 1839/400000 [24:54<75:08:02,  1.47it/s]  0%|          | 1840/400000 [24:55<76:00:07,  1.46it/s]                                                          0%|          | 1840/400000 [24:55<76:00:07,  1.46it/s]  0%|          | 1841/400000 [24:56<76:29:09,  1.45it/s]  0%|          | 1842/400000 [24:56<74:34:23,  1.48it/s]  0%|          | 1843/400000 [24:57<73:47:57,  1.50it/s]  0%|          | 1844/400000 [24:58<72:45:19,  1.52it/s]  0%|          | 1845/400000 [24:59<82:43:42,  1.34it/s]  0%|          | 1846/400000 [24:59<85:20:30,  1.30it/s]  0%|          | 1847/400000 [25:00<84:13:19,  1.31it/s]  0%|          | 1848/400000 [25:01<81:10:30,  1.36it/s]  0%|          | 1849/400000 [25:01<78:14:57,  1.41it/s]  0%|          | 1850/400000 [25:02<75:17:59,  1.47it/s]                                                          0%|          | 1850/400000 [25:02<75:17:59,  1.47it/s]  0%|          | 1851/400000 [25:03<73:54:56,  1.50it/s]  0%|          | 1852/400000 [25:04<81:57:24,  1.35it/s]  0%|          | 1853/400000 [25:04<86:01:38,  1.29it/s]  0%|          | 1854/400000 [25:05<85:16:29,  1.30it/s]  0%|          | 1855/400000 [25:06<83:27:59,  1.33it/s]  0%|          | 1856/400000 [25:07<80:28:03,  1.37it/s]  0%|          | 1857/400000 [25:07<77:09:29,  1.43it/s]  0%|          | 1858/400000 [25:08<74:43:05,  1.48it/s]  0%|          | 1859/400000 [25:08<72:05:09,  1.53it/s]  0%|          | 1860/400000 [25:09<72:19:59,  1.53it/s]                                                          0%|          | 1860/400000 [25:09<72:19:59,  1.53it/s]  0%|          | 1861/400000 [25:10<74:27:22,  1.49it/s]  0%|          | 1862/400000 [25:10<74:22:54,  1.49it/s]  0%|          | 1863/400000 [25:11<73:12:13,  1.51it/s]  0%|          | 1864/400000 [25:12<73:09:49,  1.51it/s]  0%|          | 1865/400000 [25:12<71:12:37,  1.55it/s]  0%|          | 1866/400000 [25:13<71:58:37,  1.54it/s]  0%|          | 1867/400000 [25:14<73:37:21,  1.50it/s]  0%|          | 1868/400000 [25:15<79:39:51,  1.39it/s]  0%|          | 1869/400000 [25:15<80:13:56,  1.38it/s]  0%|          | 1870/400000 [25:16<77:49:52,  1.42it/s]                                                          0%|          | 1870/400000 [25:16<77:49:52,  1.42it/s]  0%|          | 1871/400000 [25:17<76:10:35,  1.45it/s]  0%|          | 1872/400000 [25:17<74:50:03,  1.48it/s]  0%|          | 1873/400000 [25:18<74:29:26,  1.48it/s]  0%|          | 1874/400000 [25:19<73:51:01,  1.50it/s]  0%|          | 1875/400000 [25:19<80:06:13,  1.38it/s]  0%|          | 1876/400000 [25:20<81:04:11,  1.36it/s]  0%|          | 1877/400000 [25:21<78:19:25,  1.41it/s]  0%|          | 1878/400000 [25:22<76:31:09,  1.45it/s]  0%|          | 1879/400000 [25:22<82:08:20,  1.35it/s]  0%|          | 1880/400000 [25:23<81:34:43,  1.36it/s]                                                          0%|          | 1880/400000 [25:23<81:34:43,  1.36it/s]  0%|          | 1881/400000 [25:24<80:01:50,  1.38it/s]  0%|          | 1882/400000 [25:24<78:45:47,  1.40it/s]  0%|          | 1883/400000 [25:25<76:11:29,  1.45it/s]  0%|          | 1884/400000 [25:26<76:28:52,  1.45it/s]  0%|          | 1885/400000 [25:26<75:12:51,  1.47it/s]  0%|          | 1886/400000 [25:27<73:17:20,  1.51it/s]  0%|          | 1887/400000 [25:28<72:52:08,  1.52it/s]  0%|          | 1888/400000 [25:28<75:06:27,  1.47it/s]  0%|          | 1889/400000 [25:29<74:35:54,  1.48it/s]  0%|          | 1890/400000 [25:30<74:02:49,  1.49it/s]                                                          0%|          | 1890/400000 [25:30<74:02:49,  1.49it/s]  0%|          | 1891/400000 [25:30<74:02:06,  1.49it/s]  0%|          | 1892/400000 [25:31<75:53:37,  1.46it/s]  0%|          | 1893/400000 [25:32<86:20:41,  1.28it/s]  0%|          | 1894/400000 [25:33<88:59:36,  1.24it/s]  0%|          | 1895/400000 [25:34<87:26:37,  1.26it/s]  0%|          | 1896/400000 [25:34<82:10:02,  1.35it/s]  0%|          | 1897/400000 [25:35<77:39:00,  1.42it/s]  0%|          | 1898/400000 [25:36<75:51:51,  1.46it/s]  0%|          | 1899/400000 [25:36<74:32:47,  1.48it/s]  0%|          | 1900/400000 [25:37<75:25:50,  1.47it/s]                                                          0%|          | 1900/400000 [25:37<75:25:50,  1.47it/s]  0%|          | 1901/400000 [25:38<74:06:51,  1.49it/s]  0%|          | 1902/400000 [25:38<72:18:13,  1.53it/s]  0%|          | 1903/400000 [25:39<71:21:14,  1.55it/s]  0%|          | 1904/400000 [25:40<71:49:03,  1.54it/s]  0%|          | 1905/400000 [25:40<71:35:21,  1.54it/s]  0%|          | 1906/400000 [25:41<72:02:13,  1.54it/s]  0%|          | 1907/400000 [25:42<84:28:01,  1.31it/s]  0%|          | 1908/400000 [25:43<87:05:10,  1.27it/s]  0%|          | 1909/400000 [25:43<84:52:51,  1.30it/s]  0%|          | 1910/400000 [25:44<82:14:50,  1.34it/s]                                                          0%|          | 1910/400000 [25:44<82:14:50,  1.34it/s]  0%|          | 1911/400000 [25:45<78:43:47,  1.40it/s]  0%|          | 1912/400000 [25:45<76:30:34,  1.45it/s]  0%|          | 1913/400000 [25:46<75:11:53,  1.47it/s]  0%|          | 1914/400000 [25:47<74:19:56,  1.49it/s]  0%|          | 1915/400000 [25:47<72:01:16,  1.54it/s]  0%|          | 1916/400000 [25:48<71:59:30,  1.54it/s]  0%|          | 1917/400000 [25:49<73:22:57,  1.51it/s]  0%|          | 1918/400000 [25:49<73:07:59,  1.51it/s]  0%|          | 1919/400000 [25:50<72:07:28,  1.53it/s]  0%|          | 1920/400000 [25:51<72:25:53,  1.53it/s]                                                          0%|          | 1920/400000 [25:51<72:25:53,  1.53it/s]  0%|          | 1921/400000 [25:51<72:24:27,  1.53it/s]  0%|          | 1922/400000 [25:52<72:18:02,  1.53it/s]  0%|          | 1923/400000 [25:53<72:33:24,  1.52it/s]  0%|          | 1924/400000 [25:53<74:03:43,  1.49it/s]  0%|          | 1925/400000 [25:54<75:35:55,  1.46it/s]  0%|          | 1926/400000 [25:55<76:23:25,  1.45it/s]  0%|          | 1927/400000 [25:55<75:13:58,  1.47it/s]  0%|          | 1928/400000 [25:56<74:31:17,  1.48it/s]  0%|          | 1929/400000 [25:57<74:46:29,  1.48it/s]  0%|          | 1930/400000 [25:57<73:45:04,  1.50it/s]                                                          0%|          | 1930/400000 [25:57<73:45:04,  1.50it/s]  0%|          | 1931/400000 [25:58<73:59:15,  1.49it/s]  0%|          | 1932/400000 [25:59<73:03:18,  1.51it/s]  0%|          | 1933/400000 [26:00<81:29:54,  1.36it/s]  0%|          | 1934/400000 [26:00<82:58:49,  1.33it/s]  0%|          | 1935/400000 [26:01<80:14:19,  1.38it/s]  0%|          | 1936/400000 [26:02<77:27:54,  1.43it/s]  0%|          | 1937/400000 [26:02<75:43:22,  1.46it/s]  0%|          | 1938/400000 [26:03<74:35:51,  1.48it/s]  0%|          | 1939/400000 [26:04<73:43:23,  1.50it/s]  0%|          | 1940/400000 [26:04<72:29:20,  1.53it/s]                                                          0%|          | 1940/400000 [26:04<72:29:20,  1.53it/s]  0%|          | 1941/400000 [26:05<73:06:35,  1.51it/s]  0%|          | 1942/400000 [26:06<80:18:46,  1.38it/s]  0%|          | 1943/400000 [26:07<86:43:36,  1.27it/s]  0%|          | 1944/400000 [26:08<85:56:41,  1.29it/s]  0%|          | 1945/400000 [26:08<83:02:34,  1.33it/s]  0%|          | 1946/400000 [26:09<80:00:28,  1.38it/s]  0%|          | 1947/400000 [26:10<76:54:41,  1.44it/s]  0%|          | 1948/400000 [26:10<74:34:37,  1.48it/s]  0%|          | 1949/400000 [26:11<73:16:50,  1.51it/s]  0%|          | 1950/400000 [26:12<83:43:19,  1.32it/s]                                                          0%|          | 1950/400000 [26:12<83:43:19,  1.32it/s]  0%|          | 1951/400000 [26:13<86:25:55,  1.28it/s]  0%|          | 1952/400000 [26:13<83:49:28,  1.32it/s]  0%|          | 1953/400000 [26:14<80:20:52,  1.38it/s]  0%|          | 1954/400000 [26:15<77:33:34,  1.43it/s]  0%|          | 1955/400000 [26:15<75:33:15,  1.46it/s]  0%|          | 1956/400000 [26:16<74:16:01,  1.49it/s]  0%|          | 1957/400000 [26:17<73:37:58,  1.50it/s]  0%|          | 1958/400000 [26:17<73:36:26,  1.50it/s]  0%|          | 1959/400000 [26:18<72:04:33,  1.53it/s]  0%|          | 1960/400000 [26:18<71:42:10,  1.54it/s]                                                          0%|          | 1960/400000 [26:18<71:42:10,  1.54it/s]  0%|          | 1961/400000 [26:19<81:55:07,  1.35it/s]  0%|          | 1962/400000 [26:20<83:18:31,  1.33it/s]  0%|          | 1963/400000 [26:21<81:48:23,  1.35it/s]  0%|          | 1964/400000 [26:22<79:04:49,  1.40it/s]  0%|          | 1965/400000 [26:22<76:52:46,  1.44it/s]  0%|          | 1966/400000 [26:23<85:21:10,  1.30it/s]  0%|          | 1967/400000 [26:24<87:18:56,  1.27it/s]  0%|          | 1968/400000 [26:25<84:06:56,  1.31it/s]  0%|          | 1969/400000 [26:25<79:28:07,  1.39it/s]  0%|          | 1970/400000 [26:26<75:54:08,  1.46it/s]                                                          0%|          | 1970/400000 [26:26<75:54:08,  1.46it/s]  0%|          | 1971/400000 [26:27<74:05:25,  1.49it/s]  0%|          | 1972/400000 [26:27<72:11:35,  1.53it/s]  0%|          | 1973/400000 [26:28<70:45:20,  1.56it/s]  0%|          | 1974/400000 [26:28<72:47:29,  1.52it/s]  0%|          | 1975/400000 [26:30<115:39:45,  1.05s/it]  0%|          | 1976/400000 [26:31<100:50:15,  1.10it/s]  0%|          | 1977/400000 [26:32<91:28:23,  1.21it/s]   0%|          | 1978/400000 [26:32<87:22:34,  1.27it/s]  0%|          | 1979/400000 [26:34<130:15:48,  1.18s/it]  0%|          | 1980/400000 [26:35<107:21:38,  1.03it/s]                                                           0%|          | 1980/400000 [26:35<107:21:38,  1.03it/s]  0%|          | 1981/400000 [26:35<92:58:51,  1.19it/s]   0%|          | 1982/400000 [26:36<82:03:30,  1.35it/s]  0%|          | 1983/400000 [26:36<73:52:34,  1.50it/s]  0%|          | 1984/400000 [26:37<79:16:08,  1.39it/s]  0%|          | 1985/400000 [26:38<78:56:55,  1.40it/s]  0%|          | 1986/400000 [26:39<75:38:55,  1.46it/s]  0%|          | 1987/400000 [26:39<72:45:35,  1.52it/s]  0%|          | 1988/400000 [26:40<69:41:45,  1.59it/s]  0%|          | 1989/400000 [26:40<67:29:12,  1.64it/s]  0%|          | 1990/400000 [26:41<67:03:09,  1.65it/s]                                                          0%|          | 1990/400000 [26:41<67:03:09,  1.65it/s]  0%|          | 1991/400000 [26:42<68:35:33,  1.61it/s]  0%|          | 1992/400000 [26:43<81:58:44,  1.35it/s]  0%|          | 1993/400000 [26:43<83:05:34,  1.33it/s]  0%|          | 1994/400000 [26:45<128:17:20,  1.16s/it]  0%|          | 1995/400000 [26:46<106:24:16,  1.04it/s]  0%|          | 1996/400000 [26:47<91:14:57,  1.21it/s]   0%|          | 1997/400000 [26:47<81:57:10,  1.35it/s]  0%|          | 1998/400000 [26:48<74:47:25,  1.48it/s]  0%|          | 1999/400000 [26:48<70:47:56,  1.56it/s]  0%|          | 2000/400000 [26:49<70:17:00,  1.57it/s]                                                          0%|          | 2000/400000 [26:49<70:17:00,  1.57it/s]
  0%|          | 0/122 [00:00<?, ?it/s][A
  2%|▏         | 2/122 [00:05<05:06,  2.55s/it][A
  2%|▏         | 3/122 [00:05<03:04,  1.55s/it][A
  3%|▎         | 4/122 [00:05<02:02,  1.04s/it][A
  4%|▍         | 5/122 [00:05<01:33,  1.25it/s][A
  5%|▍         | 6/122 [00:06<01:15,  1.54it/s][A
  6%|▌         | 7/122 [00:06<01:05,  1.76it/s][A
  7%|▋         | 8/122 [00:06<00:58,  1.95it/s][A
  7%|▋         | 9/122 [00:07<00:54,  2.08it/s][A
  8%|▊         | 10/122 [00:07<00:51,  2.19it/s][A
  9%|▉         | 11/122 [00:08<00:49,  2.25it/s][A
 10%|▉         | 12/122 [00:08<00:46,  2.35it/s][A
 11%|█         | 13/122 [00:08<00:44,  2.43it/s][A
 11%|█▏        | 14/122 [00:09<00:42,  2.53it/s][A
 12%|█▏        | 15/122 [00:09<00:41,  2.61it/s][A
 13%|█▎        | 16/122 [00:09<00:39,  2.67it/s][A
 14%|█▍        | 17/122 [00:10<00:38,  2.72it/s][A
 15%|█▍        | 18/122 [00:12<01:23,  1.25it/s][A
 16%|█▌        | 19/122 [00:12<01:06,  1.55it/s][A
 16%|█▋        | 20/122 [00:12<00:55,  1.84it/s][A
 17%|█▋        | 21/122 [00:13<00:48,  2.08it/s][A
 18%|█▊        | 22/122 [00:13<00:46,  2.17it/s][A
 19%|█▉        | 23/122 [00:13<00:44,  2.22it/s][A
 20%|█▉        | 24/122 [00:14<00:43,  2.26it/s][A
 20%|██        | 25/122 [00:14<00:42,  2.30it/s][A
 21%|██▏       | 26/122 [00:15<00:41,  2.33it/s][A
 22%|██▏       | 27/122 [00:15<00:40,  2.34it/s][A
 23%|██▎       | 28/122 [00:15<00:39,  2.36it/s][A
 24%|██▍       | 29/122 [00:16<00:39,  2.34it/s][A
 25%|██▍       | 30/122 [00:16<00:38,  2.37it/s][A
 25%|██▌       | 31/122 [00:17<00:38,  2.37it/s][A
 26%|██▌       | 32/122 [00:17<00:38,  2.36it/s][A
 27%|██▋       | 33/122 [00:18<00:37,  2.38it/s][A
 28%|██▊       | 34/122 [00:19<00:52,  1.67it/s][A
 29%|██▊       | 35/122 [00:19<00:42,  2.06it/s][A
 30%|██▉       | 36/122 [00:22<01:51,  1.30s/it][A
 30%|███       | 37/122 [00:22<01:23,  1.01it/s][A
 31%|███       | 38/122 [00:23<01:05,  1.28it/s][A
 32%|███▏      | 39/122 [00:23<00:52,  1.57it/s][A
 33%|███▎      | 40/122 [00:23<00:43,  1.88it/s][A
 34%|███▎      | 41/122 [00:23<00:37,  2.13it/s][A
 34%|███▍      | 42/122 [00:24<00:34,  2.35it/s][A
 35%|███▌      | 43/122 [00:24<00:32,  2.41it/s][A
 36%|███▌      | 44/122 [00:25<00:31,  2.46it/s][A
 37%|███▋      | 45/122 [00:25<00:31,  2.48it/s][A
 38%|███▊      | 46/122 [00:25<00:30,  2.49it/s][A
 39%|███▊      | 47/122 [00:26<00:29,  2.50it/s][A
 39%|███▉      | 48/122 [00:26<00:29,  2.50it/s][A
 40%|████      | 49/122 [00:27<00:29,  2.51it/s][A
 41%|████      | 50/122 [00:33<02:49,  2.35s/it][A
 42%|████▏     | 51/122 [00:34<02:00,  1.70s/it][A
 43%|████▎     | 52/122 [00:34<01:27,  1.25s/it][A
 43%|████▎     | 53/122 [00:34<01:04,  1.06it/s][A
 44%|████▍     | 54/122 [00:34<00:50,  1.36it/s][A
 45%|████▌     | 55/122 [00:35<00:40,  1.65it/s][A
 46%|████▌     | 56/122 [00:35<00:34,  1.92it/s][A
 47%|████▋     | 57/122 [00:35<00:29,  2.18it/s][A
 48%|████▊     | 58/122 [00:36<00:27,  2.33it/s][A
 48%|████▊     | 59/122 [00:36<00:27,  2.28it/s][A
 49%|████▉     | 60/122 [00:37<00:28,  2.21it/s][A
 50%|█████     | 61/122 [00:37<00:28,  2.17it/s][A
 51%|█████     | 62/122 [00:38<00:28,  2.14it/s][A
 52%|█████▏    | 63/122 [00:38<00:27,  2.13it/s][A
 52%|█████▏    | 64/122 [00:38<00:27,  2.12it/s][A
 53%|█████▎    | 65/122 [00:39<00:25,  2.21it/s][A
 54%|█████▍    | 66/122 [00:45<02:06,  2.26s/it][A
 55%|█████▍    | 67/122 [00:46<01:30,  1.64s/it][A
 56%|█████▌    | 68/122 [00:46<01:15,  1.39s/it][A
 57%|█████▋    | 69/122 [00:47<00:54,  1.03s/it][A
 57%|█████▋    | 70/122 [00:47<00:41,  1.24it/s][A
 58%|█████▊    | 71/122 [00:47<00:33,  1.54it/s][A
 59%|█████▉    | 72/122 [00:48<00:29,  1.71it/s][A
 60%|█████▉    | 73/122 [00:48<00:27,  1.81it/s][A
 61%|██████    | 74/122 [00:49<00:25,  1.89it/s][A
 61%|██████▏   | 75/122 [00:49<00:24,  1.94it/s][A
 62%|██████▏   | 76/122 [00:49<00:22,  2.00it/s][A
 63%|██████▎   | 77/122 [00:50<00:21,  2.10it/s][A
 64%|██████▍   | 78/122 [00:50<00:19,  2.23it/s][A
 65%|██████▍   | 79/122 [00:51<00:18,  2.37it/s][A
 66%|██████▌   | 80/122 [00:51<00:16,  2.50it/s][A
 66%|██████▋   | 81/122 [00:51<00:15,  2.59it/s][A
 67%|██████▋   | 82/122 [00:58<01:28,  2.22s/it][A
 68%|██████▊   | 83/122 [00:58<01:03,  1.63s/it][A
 69%|██████▉   | 84/122 [00:58<00:46,  1.23s/it][A
 70%|██████▉   | 85/122 [00:59<00:35,  1.06it/s][A
 70%|███████   | 86/122 [00:59<00:27,  1.30it/s][A
 71%|███████▏  | 87/122 [00:59<00:22,  1.59it/s][A
 72%|███████▏  | 88/122 [01:00<00:18,  1.85it/s][A
 73%|███████▎  | 89/122 [01:00<00:16,  2.01it/s][A
 74%|███████▍  | 90/122 [01:01<00:15,  2.07it/s][A
 75%|███████▍  | 91/122 [01:01<00:14,  2.09it/s][A
 75%|███████▌  | 92/122 [01:01<00:13,  2.15it/s][A
 76%|███████▌  | 93/122 [01:02<00:13,  2.18it/s][A
 77%|███████▋  | 94/122 [01:02<00:12,  2.29it/s][A
 78%|███████▊  | 95/122 [01:03<00:11,  2.35it/s][A
 79%|███████▊  | 96/122 [01:03<00:10,  2.40it/s][A
 80%|███████▉  | 97/122 [01:03<00:10,  2.42it/s][A
 80%|████████  | 98/122 [01:10<00:54,  2.26s/it][A
 81%|████████  | 99/122 [01:10<00:37,  1.63s/it][A
 82%|████████▏ | 100/122 [01:10<00:26,  1.19s/it][A
 83%|████████▎ | 101/122 [01:11<00:23,  1.14s/it][A
 84%|████████▎ | 102/122 [01:12<00:18,  1.08it/s][A
 84%|████████▍ | 103/122 [01:12<00:14,  1.28it/s][A
 85%|████████▌ | 104/122 [01:15<00:22,  1.27s/it][A
 86%|████████▌ | 105/122 [01:15<00:16,  1.03it/s][A
 87%|████████▋ | 106/122 [01:15<00:12,  1.32it/s][A
 88%|████████▊ | 107/122 [01:16<00:09,  1.53it/s][A
 89%|████████▊ | 108/122 [01:16<00:08,  1.69it/s][A
 89%|████████▉ | 109/122 [01:16<00:07,  1.84it/s][A
 90%|█████████ | 110/122 [01:17<00:06,  1.97it/s][A
 91%|█████████ | 111/122 [01:17<00:05,  2.11it/s][A
 92%|█████████▏| 112/122 [01:18<00:04,  2.24it/s][A
 93%|█████████▎| 113/122 [01:18<00:03,  2.35it/s][A
 93%|█████████▎| 114/122 [01:18<00:03,  2.46it/s][A
 94%|█████████▍| 115/122 [01:19<00:02,  2.55it/s][A
 95%|█████████▌| 116/122 [01:19<00:02,  2.62it/s][A
 96%|█████████▌| 117/122 [01:19<00:01,  2.66it/s][A
 97%|█████████▋| 118/122 [01:20<00:01,  2.70it/s][A
 98%|█████████▊| 119/122 [01:20<00:01,  2.72it/s][A
 98%|█████████▊| 120/122 [01:21<00:00,  2.75it/s][A
 99%|█████████▉| 121/122 [01:21<00:00,  2.78it/s][A
100%|██████████| 122/122 [01:21<00:00,  2.77it/s][A                                                        
                                                 [A  0%|          | 2000/400000 [28:18<70:17:00,  1.57it/s]
100%|██████████| 122/122 [01:22<00:00,  2.77it/s][A
                                                 [A                                                          0%|          | 2000/400000 [29:37<70:17:00,  1.57it/s]  1%|          | 2001/400000 [29:43<5834:03:41, 52.77s/it]  1%|          | 2002/400000 [29:44<4105:06:22, 37.13s/it]  1%|          | 2003/400000 [29:44<2893:22:56, 26.17s/it]  1%|          | 2004/400000 [29:45<2044:17:17, 18.49s/it]  1%|          | 2005/400000 [29:46<1450:26:52, 13.12s/it]  1%|          | 2006/400000 [29:46<1035:41:20,  9.37s/it]  1%|          | 2007/400000 [29:47<745:13:27,  6.74s/it]   1%|          | 2008/400000 [29:47<543:22:34,  4.92s/it]  1%|          | 2009/400000 [29:48<401:06:42,  3.63s/it]  1%|          | 2010/400000 [29:49<302:02:55,  2.73s/it]                                                           1%|          | 2010/400000 [29:49<302:02:55,  2.73s/it]  1%|          | 2011/400000 [29:49<233:29:36,  2.11s/it]  1%|          | 2012/400000 [29:50<183:35:06,  1.66s/it]  1%|          | 2013/400000 [29:51<152:04:50,  1.38s/it]  1%|          | 2014/400000 [29:51<131:33:51,  1.19s/it]  1%|          | 2015/400000 [29:52<112:46:36,  1.02s/it]  1%|          | 2016/400000 [29:53<100:03:12,  1.10it/s]  1%|          | 2017/400000 [29:53<91:02:28,  1.21it/s]   1%|          | 2018/400000 [29:54<84:54:42,  1.30it/s]  1%|          | 2019/400000 [29:56<127:49:09,  1.16s/it]  1%|          | 2020/400000 [29:57<111:24:54,  1.01s/it]                                                           1%|          | 2020/400000 [29:57<111:24:54,  1.01s/it]  1%|          | 2021/400000 [29:57<102:39:43,  1.08it/s]  1%|          | 2022/400000 [29:58<92:56:03,  1.19it/s]   1%|          | 2023/400000 [29:59<84:21:23,  1.31it/s]  1%|          | 2024/400000 [29:59<77:45:16,  1.42it/s]  1%|          | 2025/400000 [30:00<74:45:29,  1.48it/s]  1%|          | 2026/400000 [30:00<72:31:53,  1.52it/s]  1%|          | 2027/400000 [30:01<70:11:30,  1.57it/s]  1%|          | 2028/400000 [30:02<69:21:06,  1.59it/s]  1%|          | 2029/400000 [30:04<116:29:53,  1.05s/it]  1%|          | 2030/400000 [30:04<101:22:25,  1.09it/s]                                                           1%|          | 2030/400000 [30:04<101:22:25,  1.09it/s]  1%|          | 2031/400000 [30:06<132:32:28,  1.20s/it]  1%|          | 2032/400000 [30:07<111:04:30,  1.00s/it]  1%|          | 2033/400000 [30:07<94:38:51,  1.17it/s]   1%|          | 2034/400000 [30:08<83:44:52,  1.32it/s]  1%|          | 2035/400000 [30:08<75:16:10,  1.47it/s]  1%|          | 2036/400000 [30:09<70:34:19,  1.57it/s]  1%|          | 2037/400000 [30:11<116:24:17,  1.05s/it]  1%|          | 2038/400000 [30:11<98:27:29,  1.12it/s]   1%|          | 2039/400000 [30:12<98:27:08,  1.12it/s]  1%|          | 2040/400000 [30:13<96:04:07,  1.15it/s]                                                          1%|          | 2040/400000 [30:13<96:04:07,  1.15it/s]  1%|          | 2041/400000 [30:14<90:10:09,  1.23it/s]  1%|          | 2042/400000 [30:14<82:43:42,  1.34it/s]  1%|          | 2043/400000 [30:15<78:18:29,  1.41it/s]  1%|          | 2044/400000 [30:16<74:13:14,  1.49it/s]  1%|          | 2045/400000 [30:16<71:36:04,  1.54it/s]  1%|          | 2046/400000 [30:17<69:39:26,  1.59it/s]  1%|          | 2047/400000 [30:17<70:08:31,  1.58it/s]  1%|          | 2048/400000 [30:18<70:39:12,  1.56it/s]  1%|          | 2049/400000 [30:19<69:41:53,  1.59it/s]  1%|          | 2050/400000 [30:19<68:10:37,  1.62it/s]                                                          1%|          | 2050/400000 [30:19<68:10:37,  1.62it/s]  1%|          | 2051/400000 [30:20<74:12:35,  1.49it/s]  1%|          | 2052/400000 [30:21<79:15:24,  1.39it/s]  1%|          | 2053/400000 [30:21<78:00:11,  1.42it/s]  1%|          | 2054/400000 [30:22<77:51:51,  1.42it/s]  1%|          | 2055/400000 [30:23<74:49:41,  1.48it/s]  1%|          | 2056/400000 [30:23<74:29:53,  1.48it/s]  1%|          | 2057/400000 [30:25<106:12:15,  1.04it/s]  1%|          | 2058/400000 [30:26<96:24:18,  1.15it/s]   1%|          | 2059/400000 [30:26<88:07:20,  1.25it/s]  1%|          | 2060/400000 [30:27<82:06:42,  1.35it/s]                                                          1%|          | 2060/400000 [30:27<82:06:42,  1.35it/s]  1%|          | 2061/400000 [30:28<78:23:06,  1.41it/s]  1%|          | 2062/400000 [30:28<74:12:23,  1.49it/s]  1%|          | 2063/400000 [30:29<72:09:07,  1.53it/s]  1%|          | 2064/400000 [30:29<69:22:17,  1.59it/s]  1%|          | 2065/400000 [30:30<75:42:21,  1.46it/s]  1%|          | 2066/400000 [30:31<77:50:44,  1.42it/s]  1%|          | 2067/400000 [30:32<76:32:39,  1.44it/s]  1%|          | 2068/400000 [30:32<75:14:19,  1.47it/s]  1%|          | 2069/400000 [30:33<75:28:47,  1.46it/s]  1%|          | 2070/400000 [30:34<73:54:44,  1.50it/s]                                                          1%|          | 2070/400000 [30:34<73:54:44,  1.50it/s]  1%|          | 2071/400000 [30:34<73:48:42,  1.50it/s]  1%|          | 2072/400000 [30:35<75:31:45,  1.46it/s]  1%|          | 2073/400000 [30:36<77:39:47,  1.42it/s]  1%|          | 2074/400000 [30:36<77:30:38,  1.43it/s]  1%|          | 2075/400000 [30:37<76:26:23,  1.45it/s]  1%|          | 2076/400000 [30:38<74:36:17,  1.48it/s]  1%|          | 2077/400000 [30:38<72:49:04,  1.52it/s]  1%|          | 2078/400000 [30:39<71:46:26,  1.54it/s]  1%|          | 2079/400000 [30:40<71:05:22,  1.55it/s]  1%|          | 2080/400000 [30:40<71:33:31,  1.54it/s]                                                          1%|          | 2080/400000 [30:40<71:33:31,  1.54it/s]  1%|          | 2081/400000 [30:41<71:52:33,  1.54it/s]  1%|          | 2082/400000 [30:42<71:54:54,  1.54it/s]  1%|          | 2083/400000 [30:42<72:15:52,  1.53it/s]  1%|          | 2084/400000 [30:43<73:53:53,  1.50it/s]  1%|          | 2085/400000 [30:44<74:04:56,  1.49it/s]  1%|          | 2086/400000 [30:44<74:13:08,  1.49it/s]  1%|          | 2087/400000 [30:45<77:02:22,  1.43it/s]  1%|          | 2088/400000 [30:46<76:14:14,  1.45it/s]  1%|          | 2089/400000 [30:46<75:32:40,  1.46it/s]  1%|          | 2090/400000 [30:47<74:36:00,  1.48it/s]                                                          1%|          | 2090/400000 [30:47<74:36:00,  1.48it/s]  1%|          | 2091/400000 [30:48<76:36:10,  1.44it/s]  1%|          | 2092/400000 [30:49<77:44:54,  1.42it/s]  1%|          | 2093/400000 [30:49<77:55:45,  1.42it/s]  1%|          | 2094/400000 [30:50<76:24:23,  1.45it/s]  1%|          | 2095/400000 [30:51<75:54:56,  1.46it/s]  1%|          | 2096/400000 [30:51<74:46:36,  1.48it/s]  1%|          | 2097/400000 [30:52<73:39:48,  1.50it/s]  1%|          | 2098/400000 [30:52<72:56:59,  1.52it/s]  1%|          | 2099/400000 [30:53<79:42:48,  1.39it/s]  1%|          | 2100/400000 [30:54<81:18:20,  1.36it/s]                                                          1%|          | 2100/400000 [30:54<81:18:20,  1.36it/s]  1%|          | 2101/400000 [30:55<81:44:31,  1.35it/s]  1%|          | 2102/400000 [30:56<79:39:35,  1.39it/s]  1%|          | 2103/400000 [30:56<77:04:25,  1.43it/s]  1%|          | 2104/400000 [30:57<76:59:02,  1.44it/s]  1%|          | 2105/400000 [30:58<76:11:11,  1.45it/s]  1%|          | 2106/400000 [30:58<76:24:07,  1.45it/s]  1%|          | 2107/400000 [30:59<85:31:35,  1.29it/s]  1%|          | 2108/400000 [31:00<90:28:40,  1.22it/s]  1%|          | 2109/400000 [31:01<89:05:05,  1.24it/s]  1%|          | 2110/400000 [31:02<85:31:49,  1.29it/s]                                                          1%|          | 2110/400000 [31:02<85:31:49,  1.29it/s]  1%|          | 2111/400000 [31:02<82:23:19,  1.34it/s]  1%|          | 2112/400000 [31:03<79:04:57,  1.40it/s]  1%|          | 2113/400000 [31:04<76:15:34,  1.45it/s]  1%|          | 2114/400000 [31:04<73:53:22,  1.50it/s]  1%|          | 2115/400000 [31:05<73:45:38,  1.50it/s]  1%|          | 2116/400000 [31:06<73:09:01,  1.51it/s]  1%|          | 2117/400000 [31:06<74:20:57,  1.49it/s]  1%|          | 2118/400000 [31:07<74:38:12,  1.48it/s]  1%|          | 2119/400000 [31:08<73:46:53,  1.50it/s]  1%|          | 2120/400000 [31:08<71:41:05,  1.54it/s]                                                          1%|          | 2120/400000 [31:08<71:41:05,  1.54it/s]  1%|          | 2121/400000 [31:09<71:47:01,  1.54it/s]  1%|          | 2122/400000 [31:09<72:35:08,  1.52it/s]  1%|          | 2123/400000 [31:10<75:38:24,  1.46it/s]  1%|          | 2124/400000 [31:11<74:41:46,  1.48it/s]  1%|          | 2125/400000 [31:12<84:11:20,  1.31it/s]  1%|          | 2126/400000 [31:13<84:44:31,  1.30it/s]  1%|          | 2127/400000 [31:13<83:36:37,  1.32it/s]  1%|          | 2128/400000 [31:14<79:19:20,  1.39it/s]  1%|          | 2129/400000 [31:15<76:01:16,  1.45it/s]  1%|          | 2130/400000 [31:15<75:36:26,  1.46it/s]                                                          1%|          | 2130/400000 [31:15<75:36:26,  1.46it/s]  1%|          | 2131/400000 [31:16<74:34:53,  1.48it/s]  1%|          | 2132/400000 [31:17<74:07:43,  1.49it/s]  1%|          | 2133/400000 [31:17<72:41:28,  1.52it/s]  1%|          | 2134/400000 [31:18<71:08:01,  1.55it/s]  1%|          | 2135/400000 [31:18<69:47:09,  1.58it/s]  1%|          | 2136/400000 [31:19<71:13:49,  1.55it/s]  1%|          | 2137/400000 [31:20<76:48:55,  1.44it/s]  1%|          | 2138/400000 [31:21<79:35:45,  1.39it/s]  1%|          | 2139/400000 [31:21<76:57:57,  1.44it/s]  1%|          | 2140/400000 [31:22<75:27:16,  1.46it/s]                                                          1%|          | 2140/400000 [31:22<75:27:16,  1.46it/s]  1%|          | 2141/400000 [31:23<75:31:38,  1.46it/s]  1%|          | 2142/400000 [31:23<75:42:03,  1.46it/s]  1%|          | 2143/400000 [31:24<74:24:01,  1.49it/s]  1%|          | 2144/400000 [31:25<74:12:47,  1.49it/s]  1%|          | 2145/400000 [31:25<76:57:06,  1.44it/s]  1%|          | 2146/400000 [31:26<75:03:10,  1.47it/s]  1%|          | 2147/400000 [31:27<73:33:04,  1.50it/s]  1%|          | 2148/400000 [31:27<75:26:47,  1.46it/s]  1%|          | 2149/400000 [31:28<77:20:49,  1.43it/s]  1%|          | 2150/400000 [31:29<76:14:15,  1.45it/s]                                                          1%|          | 2150/400000 [31:29<76:14:15,  1.45it/s]  1%|          | 2151/400000 [31:30<75:56:22,  1.46it/s]  1%|          | 2152/400000 [31:30<74:05:48,  1.49it/s]  1%|          | 2153/400000 [31:31<74:48:16,  1.48it/s]  1%|          | 2154/400000 [31:32<77:16:13,  1.43it/s]  1%|          | 2155/400000 [31:32<76:35:58,  1.44it/s]  1%|          | 2156/400000 [31:33<75:45:42,  1.46it/s]  1%|          | 2157/400000 [31:34<74:34:31,  1.48it/s]  1%|          | 2158/400000 [31:34<72:46:57,  1.52it/s]  1%|          | 2159/400000 [31:35<73:58:20,  1.49it/s]  1%|          | 2160/400000 [31:36<84:53:05,  1.30it/s]                                                          1%|          | 2160/400000 [31:36<84:53:05,  1.30it/s]  1%|          | 2161/400000 [31:37<91:41:40,  1.21it/s]  1%|          | 2162/400000 [31:38<90:44:04,  1.22it/s]  1%|          | 2163/400000 [31:38<85:26:32,  1.29it/s]  1%|          | 2164/400000 [31:39<80:58:31,  1.36it/s]  1%|          | 2165/400000 [31:40<77:11:20,  1.43it/s]  1%|          | 2166/400000 [31:40<75:28:25,  1.46it/s]  1%|          | 2167/400000 [31:41<73:19:30,  1.51it/s]  1%|          | 2168/400000 [31:42<75:35:40,  1.46it/s]  1%|          | 2169/400000 [31:42<76:32:57,  1.44it/s]  1%|          | 2170/400000 [31:43<76:07:58,  1.45it/s]                                                          1%|          | 2170/400000 [31:43<76:07:58,  1.45it/s]  1%|          | 2171/400000 [31:44<74:29:20,  1.48it/s]  1%|          | 2172/400000 [31:44<74:06:58,  1.49it/s]  1%|          | 2173/400000 [31:45<73:47:46,  1.50it/s]  1%|          | 2174/400000 [31:46<73:05:56,  1.51it/s]  1%|          | 2175/400000 [31:46<72:51:46,  1.52it/s]  1%|          | 2176/400000 [31:47<73:48:42,  1.50it/s]  1%|          | 2177/400000 [31:48<73:12:15,  1.51it/s]  1%|          | 2178/400000 [31:48<74:46:47,  1.48it/s]  1%|          | 2179/400000 [31:49<72:44:32,  1.52it/s]  1%|          | 2180/400000 [31:50<73:00:01,  1.51it/s]                                                          1%|          | 2180/400000 [31:50<73:00:01,  1.51it/s]  1%|          | 2181/400000 [31:50<73:25:31,  1.51it/s]  1%|          | 2182/400000 [31:51<81:06:06,  1.36it/s]  1%|          | 2183/400000 [31:52<83:29:45,  1.32it/s]  1%|          | 2184/400000 [31:53<83:48:46,  1.32it/s]  1%|          | 2185/400000 [31:53<81:03:25,  1.36it/s]  1%|          | 2186/400000 [31:54<78:29:25,  1.41it/s]  1%|          | 2187/400000 [31:55<77:33:43,  1.42it/s]  1%|          | 2188/400000 [31:55<76:48:05,  1.44it/s]  1%|          | 2189/400000 [31:56<74:37:42,  1.48it/s]  1%|          | 2190/400000 [31:57<74:20:35,  1.49it/s]                                                          1%|          | 2190/400000 [31:57<74:20:35,  1.49it/s]  1%|          | 2191/400000 [31:57<72:43:07,  1.52it/s]  1%|          | 2192/400000 [31:58<72:02:57,  1.53it/s]  1%|          | 2193/400000 [31:59<78:33:50,  1.41it/s]  1%|          | 2194/400000 [32:00<80:31:22,  1.37it/s]  1%|          | 2195/400000 [32:00<78:15:21,  1.41it/s]  1%|          | 2196/400000 [32:01<76:42:46,  1.44it/s]  1%|          | 2197/400000 [32:02<74:49:06,  1.48it/s]  1%|          | 2198/400000 [32:02<73:44:28,  1.50it/s]  1%|          | 2199/400000 [32:03<73:57:06,  1.49it/s]  1%|          | 2200/400000 [32:03<72:12:17,  1.53it/s]                                                          1%|          | 2200/400000 [32:03<72:12:17,  1.53it/s]  1%|          | 2201/400000 [32:05<84:41:58,  1.30it/s]  1%|          | 2202/400000 [32:05<89:01:35,  1.24it/s]  1%|          | 2203/400000 [32:06<85:50:57,  1.29it/s]  1%|          | 2204/400000 [32:07<82:40:03,  1.34it/s]  1%|          | 2205/400000 [32:07<79:48:50,  1.38it/s]  1%|          | 2206/400000 [32:08<75:52:53,  1.46it/s]  1%|          | 2207/400000 [32:09<74:33:26,  1.48it/s]  1%|          | 2208/400000 [32:09<72:43:16,  1.52it/s]  1%|          | 2209/400000 [32:10<74:33:19,  1.48it/s]  1%|          | 2210/400000 [32:11<77:08:04,  1.43it/s]                                                          1%|          | 2210/400000 [32:11<77:08:04,  1.43it/s]  1%|          | 2211/400000 [32:11<76:45:18,  1.44it/s]  1%|          | 2212/400000 [32:12<76:00:43,  1.45it/s]  1%|          | 2213/400000 [32:13<74:46:56,  1.48it/s]  1%|          | 2214/400000 [32:13<73:40:54,  1.50it/s]  1%|          | 2215/400000 [32:14<78:43:38,  1.40it/s]  1%|          | 2216/400000 [32:15<83:24:01,  1.32it/s]  1%|          | 2217/400000 [32:16<81:20:29,  1.36it/s]  1%|          | 2218/400000 [32:16<78:50:27,  1.40it/s]  1%|          | 2219/400000 [32:17<75:14:49,  1.47it/s]  1%|          | 2220/400000 [32:18<73:32:07,  1.50it/s]                                                          1%|          | 2220/400000 [32:18<73:32:07,  1.50it/s]  1%|          | 2221/400000 [32:18<72:33:41,  1.52it/s]  1%|          | 2222/400000 [32:19<72:28:40,  1.52it/s]  1%|          | 2223/400000 [32:20<71:38:43,  1.54it/s]  1%|          | 2224/400000 [32:20<72:04:33,  1.53it/s]  1%|          | 2225/400000 [32:21<71:18:12,  1.55it/s]  1%|          | 2226/400000 [32:22<70:40:15,  1.56it/s]  1%|          | 2227/400000 [32:22<70:27:53,  1.57it/s]  1%|          | 2228/400000 [32:23<74:35:58,  1.48it/s]  1%|          | 2229/400000 [32:24<83:24:58,  1.32it/s]  1%|          | 2230/400000 [32:25<89:25:54,  1.24it/s]                                                          1%|          | 2230/400000 [32:25<89:25:54,  1.24it/s]  1%|          | 2231/400000 [32:26<88:31:06,  1.25it/s]  1%|          | 2232/400000 [32:26<85:11:12,  1.30it/s]  1%|          | 2233/400000 [32:27<80:46:30,  1.37it/s]  1%|          | 2234/400000 [32:28<79:25:00,  1.39it/s]  1%|          | 2235/400000 [32:28<77:13:20,  1.43it/s]  1%|          | 2236/400000 [32:29<74:08:01,  1.49it/s]  1%|          | 2237/400000 [32:30<73:39:42,  1.50it/s]  1%|          | 2238/400000 [32:30<73:59:03,  1.49it/s]  1%|          | 2239/400000 [32:31<75:41:52,  1.46it/s]  1%|          | 2240/400000 [32:32<76:09:10,  1.45it/s]                                                          1%|          | 2240/400000 [32:32<76:09:10,  1.45it/s]  1%|          | 2241/400000 [32:32<76:15:59,  1.45it/s]  1%|          | 2242/400000 [32:33<74:34:45,  1.48it/s]  1%|          | 2243/400000 [32:34<73:05:32,  1.51it/s]  1%|          | 2244/400000 [32:34<73:19:11,  1.51it/s]  1%|          | 2245/400000 [32:35<83:33:08,  1.32it/s]  1%|          | 2246/400000 [32:36<90:14:06,  1.22it/s]  1%|          | 2247/400000 [32:37<89:18:24,  1.24it/s]  1%|          | 2248/400000 [32:38<86:05:39,  1.28it/s]  1%|          | 2249/400000 [32:38<81:11:12,  1.36it/s]  1%|          | 2250/400000 [32:39<78:19:11,  1.41it/s]                                                          1%|          | 2250/400000 [32:39<78:19:11,  1.41it/s]  1%|          | 2251/400000 [32:40<74:47:22,  1.48it/s]  1%|          | 2252/400000 [32:40<72:09:21,  1.53it/s]  1%|          | 2253/400000 [32:41<75:00:53,  1.47it/s]  1%|          | 2254/400000 [32:42<78:26:45,  1.41it/s]  1%|          | 2255/400000 [32:42<78:05:49,  1.41it/s]  1%|          | 2256/400000 [32:43<76:15:20,  1.45it/s]  1%|          | 2257/400000 [32:44<74:18:07,  1.49it/s]  1%|          | 2258/400000 [32:44<73:22:17,  1.51it/s]  1%|          | 2259/400000 [32:45<71:51:13,  1.54it/s]  1%|          | 2260/400000 [32:46<72:08:53,  1.53it/s]                                                          1%|          | 2260/400000 [32:46<72:08:53,  1.53it/s]  1%|          | 2261/400000 [32:46<75:20:50,  1.47it/s]  1%|          | 2262/400000 [32:47<76:53:32,  1.44it/s]  1%|          | 2263/400000 [32:48<75:19:39,  1.47it/s]  1%|          | 2264/400000 [32:48<74:18:01,  1.49it/s]  1%|          | 2265/400000 [32:49<74:32:14,  1.48it/s]  1%|          | 2266/400000 [32:50<74:19:30,  1.49it/s]  1%|          | 2267/400000 [32:50<72:39:01,  1.52it/s]  1%|          | 2268/400000 [32:51<74:26:14,  1.48it/s]  1%|          | 2269/400000 [32:52<86:10:32,  1.28it/s]  1%|          | 2270/400000 [32:53<87:28:54,  1.26it/s]                                                          1%|          | 2270/400000 [32:53<87:28:54,  1.26it/s]  1%|          | 2271/400000 [32:54<85:03:32,  1.30it/s]  1%|          | 2272/400000 [32:54<81:24:49,  1.36it/s]  1%|          | 2273/400000 [32:55<78:05:40,  1.41it/s]  1%|          | 2274/400000 [32:56<75:24:52,  1.46it/s]  1%|          | 2275/400000 [32:56<78:20:59,  1.41it/s]  1%|          | 2276/400000 [32:57<78:15:18,  1.41it/s]  1%|          | 2277/400000 [32:58<77:02:30,  1.43it/s]  1%|          | 2278/400000 [32:58<75:34:32,  1.46it/s]  1%|          | 2279/400000 [32:59<74:12:31,  1.49it/s]  1%|          | 2280/400000 [33:00<73:50:07,  1.50it/s]                                                          1%|          | 2280/400000 [33:00<73:50:07,  1.50it/s]  1%|          | 2281/400000 [33:00<73:33:59,  1.50it/s]  1%|          | 2282/400000 [33:01<73:02:15,  1.51it/s]  1%|          | 2283/400000 [33:02<71:21:50,  1.55it/s]  1%|          | 2284/400000 [33:02<74:47:34,  1.48it/s]  1%|          | 2285/400000 [33:03<74:48:56,  1.48it/s]  1%|          | 2286/400000 [33:04<74:44:33,  1.48it/s]  1%|          | 2287/400000 [33:04<74:14:16,  1.49it/s]  1%|          | 2288/400000 [33:05<75:30:08,  1.46it/s]  1%|          | 2289/400000 [33:06<75:18:08,  1.47it/s]  1%|          | 2290/400000 [33:06<74:45:12,  1.48it/s]                                                          1%|          | 2290/400000 [33:06<74:45:12,  1.48it/s]  1%|          | 2291/400000 [33:07<76:48:35,  1.44it/s]  1%|          | 2292/400000 [33:08<87:25:28,  1.26it/s]  1%|          | 2293/400000 [33:09<89:47:00,  1.23it/s]  1%|          | 2294/400000 [33:10<86:06:50,  1.28it/s]  1%|          | 2295/400000 [33:10<81:13:15,  1.36it/s]  1%|          | 2296/400000 [33:11<78:10:56,  1.41it/s]  1%|          | 2297/400000 [33:12<76:00:22,  1.45it/s]  1%|          | 2298/400000 [33:12<74:13:41,  1.49it/s]  1%|          | 2299/400000 [33:13<72:51:19,  1.52it/s]  1%|          | 2300/400000 [33:14<75:50:02,  1.46it/s]                                                          1%|          | 2300/400000 [33:14<75:50:02,  1.46it/s]  1%|          | 2301/400000 [33:14<77:50:53,  1.42it/s]  1%|          | 2302/400000 [33:15<75:35:25,  1.46it/s]  1%|          | 2303/400000 [33:16<74:01:40,  1.49it/s]  1%|          | 2304/400000 [33:16<73:57:59,  1.49it/s]  1%|          | 2305/400000 [33:17<72:59:22,  1.51it/s]  1%|          | 2306/400000 [33:18<72:20:59,  1.53it/s]  1%|          | 2307/400000 [33:18<71:44:54,  1.54it/s]  1%|          | 2308/400000 [33:19<71:25:54,  1.55it/s]  1%|          | 2309/400000 [33:20<71:16:28,  1.55it/s]  1%|          | 2310/400000 [33:20<80:56:39,  1.36it/s]                                                          1%|          | 2310/400000 [33:20<80:56:39,  1.36it/s]  1%|          | 2311/400000 [33:21<82:49:23,  1.33it/s]  1%|          | 2312/400000 [33:22<81:35:05,  1.35it/s]  1%|          | 2313/400000 [33:23<79:36:34,  1.39it/s]  1%|          | 2314/400000 [33:23<78:01:21,  1.42it/s]  1%|          | 2315/400000 [33:24<77:14:02,  1.43it/s]  1%|          | 2316/400000 [33:25<76:44:09,  1.44it/s]  1%|          | 2317/400000 [33:25<77:47:47,  1.42it/s]  1%|          | 2318/400000 [33:26<75:41:07,  1.46it/s]  1%|          | 2319/400000 [33:27<81:33:47,  1.35it/s]  1%|          | 2320/400000 [33:28<83:11:01,  1.33it/s]                                                          1%|          | 2320/400000 [33:28<83:11:01,  1.33it/s]  1%|          | 2321/400000 [33:28<80:51:05,  1.37it/s]  1%|          | 2322/400000 [33:29<78:08:00,  1.41it/s]  1%|          | 2323/400000 [33:30<75:55:57,  1.45it/s]  1%|          | 2324/400000 [33:30<74:01:23,  1.49it/s]  1%|          | 2325/400000 [33:31<72:15:38,  1.53it/s]  1%|          | 2326/400000 [33:32<86:00:40,  1.28it/s]  1%|          | 2327/400000 [33:33<91:38:47,  1.21it/s]  1%|          | 2328/400000 [33:34<90:34:11,  1.22it/s]  1%|          | 2329/400000 [33:34<87:09:03,  1.27it/s]  1%|          | 2330/400000 [33:35<83:31:04,  1.32it/s]                                                          1%|          | 2330/400000 [33:35<83:31:04,  1.32it/s]  1%|          | 2331/400000 [33:36<79:36:41,  1.39it/s]  1%|          | 2332/400000 [33:36<75:41:29,  1.46it/s]  1%|          | 2333/400000 [33:37<73:23:39,  1.51it/s]  1%|          | 2334/400000 [33:38<72:30:25,  1.52it/s]  1%|          | 2335/400000 [33:38<72:57:12,  1.51it/s]  1%|          | 2336/400000 [33:39<74:16:07,  1.49it/s]  1%|          | 2337/400000 [33:40<73:36:30,  1.50it/s]  1%|          | 2338/400000 [33:40<74:16:51,  1.49it/s]  1%|          | 2339/400000 [33:41<73:54:39,  1.49it/s]  1%|          | 2340/400000 [33:42<73:33:07,  1.50it/s]                                                          1%|          | 2340/400000 [33:42<73:33:07,  1.50it/s]  1%|          | 2341/400000 [33:42<75:12:46,  1.47it/s]  1%|          | 2342/400000 [33:43<72:54:42,  1.51it/s]  1%|          | 2343/400000 [33:44<72:41:39,  1.52it/s]  1%|          | 2344/400000 [33:44<73:27:14,  1.50it/s]  1%|          | 2345/400000 [33:45<79:07:30,  1.40it/s]  1%|          | 2346/400000 [33:46<91:14:18,  1.21it/s]  1%|          | 2347/400000 [33:47<94:27:16,  1.17it/s]  1%|          | 2348/400000 [33:48<92:29:09,  1.19it/s]  1%|          | 2349/400000 [33:49<87:54:13,  1.26it/s]  1%|          | 2350/400000 [33:49<82:40:01,  1.34it/s]                                                          1%|          | 2350/400000 [33:49<82:40:01,  1.34it/s]  1%|          | 2351/400000 [33:50<77:45:19,  1.42it/s]  1%|          | 2352/400000 [33:51<74:44:44,  1.48it/s]  1%|          | 2353/400000 [33:51<72:59:54,  1.51it/s]  1%|          | 2354/400000 [33:52<72:30:42,  1.52it/s]  1%|          | 2355/400000 [33:52<72:37:44,  1.52it/s]  1%|          | 2356/400000 [33:53<71:11:02,  1.55it/s]  1%|          | 2357/400000 [33:54<83:03:26,  1.33it/s]  1%|          | 2358/400000 [33:55<84:58:04,  1.30it/s]  1%|          | 2359/400000 [33:56<82:41:29,  1.34it/s]  1%|          | 2360/400000 [33:56<78:08:54,  1.41it/s]                                                          1%|          | 2360/400000 [33:56<78:08:54,  1.41it/s]  1%|          | 2361/400000 [33:57<75:42:51,  1.46it/s]  1%|          | 2362/400000 [33:57<74:08:59,  1.49it/s]  1%|          | 2363/400000 [33:58<73:52:35,  1.50it/s]  1%|          | 2364/400000 [33:59<73:27:46,  1.50it/s]  1%|          | 2365/400000 [33:59<72:56:57,  1.51it/s]  1%|          | 2366/400000 [34:00<72:35:41,  1.52it/s]  1%|          | 2367/400000 [34:01<71:55:11,  1.54it/s]  1%|          | 2368/400000 [34:02<85:47:52,  1.29it/s]  1%|          | 2369/400000 [34:03<88:33:35,  1.25it/s]  1%|          | 2370/400000 [34:03<87:05:42,  1.27it/s]                                                          1%|          | 2370/400000 [34:03<87:05:42,  1.27it/s]  1%|          | 2371/400000 [34:04<84:10:49,  1.31it/s]  1%|          | 2372/400000 [34:05<79:58:32,  1.38it/s]  1%|          | 2373/400000 [34:05<80:26:01,  1.37it/s]  1%|          | 2374/400000 [34:06<77:16:25,  1.43it/s]  1%|          | 2375/400000 [34:07<74:14:04,  1.49it/s]  1%|          | 2376/400000 [34:07<73:05:24,  1.51it/s]  1%|          | 2377/400000 [34:08<71:55:52,  1.54it/s]  1%|          | 2378/400000 [34:09<71:53:27,  1.54it/s]  1%|          | 2379/400000 [34:09<71:05:44,  1.55it/s]  1%|          | 2380/400000 [34:10<70:11:48,  1.57it/s]                                                          1%|          | 2380/400000 [34:10<70:11:48,  1.57it/s]  1%|          | 2381/400000 [34:11<70:50:25,  1.56it/s]  1%|          | 2382/400000 [34:11<70:59:32,  1.56it/s]  1%|          | 2383/400000 [34:12<71:06:23,  1.55it/s]  1%|          | 2384/400000 [34:13<72:43:00,  1.52it/s]  1%|          | 2385/400000 [34:13<75:14:06,  1.47it/s]  1%|          | 2386/400000 [34:14<73:08:17,  1.51it/s]  1%|          | 2387/400000 [34:15<72:36:11,  1.52it/s]  1%|          | 2388/400000 [34:15<72:06:55,  1.53it/s]  1%|          | 2389/400000 [34:16<72:23:50,  1.53it/s]  1%|          | 2390/400000 [34:16<72:34:02,  1.52it/s]                                                          1%|          | 2390/400000 [34:16<72:34:02,  1.52it/s]  1%|          | 2391/400000 [34:17<80:18:15,  1.38it/s]  1%|          | 2392/400000 [34:18<81:11:53,  1.36it/s]  1%|          | 2393/400000 [34:19<78:50:32,  1.40it/s]  1%|          | 2394/400000 [34:19<77:07:36,  1.43it/s]  1%|          | 2395/400000 [34:20<75:17:21,  1.47it/s]  1%|          | 2396/400000 [34:21<74:10:40,  1.49it/s]  1%|          | 2397/400000 [34:22<80:08:50,  1.38it/s]  1%|          | 2398/400000 [34:23<87:12:23,  1.27it/s]  1%|          | 2399/400000 [34:23<86:08:25,  1.28it/s]  1%|          | 2400/400000 [34:24<83:56:24,  1.32it/s]                                                          1%|          | 2400/400000 [34:24<83:56:24,  1.32it/s]  1%|          | 2401/400000 [34:25<82:35:29,  1.34it/s]  1%|          | 2402/400000 [34:25<79:32:50,  1.39it/s]  1%|          | 2403/400000 [34:26<77:01:48,  1.43it/s]  1%|          | 2404/400000 [34:27<77:52:34,  1.42it/s]  1%|          | 2405/400000 [34:27<76:21:10,  1.45it/s]  1%|          | 2406/400000 [34:28<75:22:52,  1.47it/s]  1%|          | 2407/400000 [34:29<73:27:12,  1.50it/s]  1%|          | 2408/400000 [34:30<78:39:49,  1.40it/s]  1%|          | 2409/400000 [34:30<78:53:19,  1.40it/s]  1%|          | 2410/400000 [34:31<76:09:00,  1.45it/s]                                                          1%|          | 2410/400000 [34:31<76:09:00,  1.45it/s]  1%|          | 2411/400000 [34:32<77:04:37,  1.43it/s]  1%|          | 2412/400000 [34:32<75:17:32,  1.47it/s]  1%|          | 2413/400000 [34:33<75:02:25,  1.47it/s]  1%|          | 2414/400000 [34:34<75:56:05,  1.45it/s]  1%|          | 2415/400000 [34:34<76:40:47,  1.44it/s]  1%|          | 2416/400000 [34:35<76:49:50,  1.44it/s]  1%|          | 2417/400000 [34:36<77:31:09,  1.42it/s]  1%|          | 2418/400000 [34:36<75:51:34,  1.46it/s]  1%|          | 2419/400000 [34:37<73:30:04,  1.50it/s]  1%|          | 2420/400000 [34:38<77:14:49,  1.43it/s]                                                          1%|          | 2420/400000 [34:38<77:14:49,  1.43it/s]  1%|          | 2421/400000 [34:39<79:43:25,  1.39it/s]  1%|          | 2422/400000 [34:39<79:25:24,  1.39it/s]  1%|          | 2423/400000 [34:40<77:57:25,  1.42it/s]  1%|          | 2424/400000 [34:41<75:22:38,  1.47it/s]  1%|          | 2425/400000 [34:41<74:18:12,  1.49it/s]  1%|          | 2426/400000 [34:42<73:38:45,  1.50it/s]  1%|          | 2427/400000 [34:43<86:28:39,  1.28it/s]  1%|          | 2428/400000 [34:44<93:17:21,  1.18it/s]  1%|          | 2429/400000 [34:45<91:16:52,  1.21it/s]  1%|          | 2430/400000 [34:45<87:11:43,  1.27it/s]                                                          1%|          | 2430/400000 [34:45<87:11:43,  1.27it/s]  1%|          | 2431/400000 [34:46<83:54:53,  1.32it/s]  1%|          | 2432/400000 [34:47<79:13:35,  1.39it/s]  1%|          | 2433/400000 [34:47<75:49:45,  1.46it/s]  1%|          | 2434/400000 [34:48<73:57:56,  1.49it/s]  1%|          | 2435/400000 [34:49<71:39:18,  1.54it/s]  1%|          | 2436/400000 [34:49<70:24:57,  1.57it/s]  1%|          | 2437/400000 [34:50<74:23:30,  1.48it/s]  1%|          | 2438/400000 [34:51<73:41:24,  1.50it/s]  1%|          | 2439/400000 [34:51<74:36:16,  1.48it/s]  1%|          | 2440/400000 [34:52<74:53:26,  1.47it/s]                                                          1%|          | 2440/400000 [34:52<74:53:26,  1.47it/s]  1%|          | 2441/400000 [34:53<74:49:48,  1.48it/s]  1%|          | 2442/400000 [34:53<75:15:37,  1.47it/s]  1%|          | 2443/400000 [34:54<76:22:30,  1.45it/s]  1%|          | 2444/400000 [34:55<77:55:32,  1.42it/s]  1%|          | 2445/400000 [34:55<76:36:06,  1.44it/s]  1%|          | 2446/400000 [34:56<75:29:44,  1.46it/s]  1%|          | 2447/400000 [34:57<74:34:36,  1.48it/s]  1%|          | 2448/400000 [34:57<73:54:34,  1.49it/s]  1%|          | 2449/400000 [34:58<73:46:35,  1.50it/s]  1%|          | 2450/400000 [34:59<79:52:40,  1.38it/s]                                                          1%|          | 2450/400000 [34:59<79:52:40,  1.38it/s]  1%|          | 2451/400000 [35:00<77:29:26,  1.43it/s]  1%|          | 2452/400000 [35:00<77:28:15,  1.43it/s]  1%|          | 2453/400000 [35:01<77:35:28,  1.42it/s]  1%|          | 2454/400000 [35:02<77:31:58,  1.42it/s]  1%|          | 2455/400000 [35:02<76:26:31,  1.44it/s]  1%|          | 2456/400000 [35:03<74:51:54,  1.48it/s]  1%|          | 2457/400000 [35:04<75:51:35,  1.46it/s]  1%|          | 2458/400000 [35:04<77:00:00,  1.43it/s]  1%|          | 2459/400000 [35:05<77:27:53,  1.43it/s]  1%|          | 2460/400000 [35:06<75:14:29,  1.47it/s]                                                          1%|          | 2460/400000 [35:06<75:14:29,  1.47it/s]  1%|          | 2461/400000 [35:06<75:35:30,  1.46it/s]  1%|          | 2462/400000 [35:07<81:11:03,  1.36it/s]  1%|          | 2463/400000 [35:08<92:04:05,  1.20it/s]  1%|          | 2464/400000 [35:09<91:37:26,  1.21it/s]  1%|          | 2465/400000 [35:10<87:44:33,  1.26it/s]  1%|          | 2466/400000 [35:11<83:01:24,  1.33it/s]  1%|          | 2467/400000 [35:11<79:27:45,  1.39it/s]  1%|          | 2468/400000 [35:12<77:16:42,  1.43it/s]  1%|          | 2469/400000 [35:13<75:30:59,  1.46it/s]  1%|          | 2470/400000 [35:13<73:39:17,  1.50it/s]                                                          1%|          | 2470/400000 [35:13<73:39:17,  1.50it/s]  1%|          | 2471/400000 [35:14<72:37:45,  1.52it/s]  1%|          | 2472/400000 [35:15<84:19:33,  1.31it/s]  1%|          | 2473/400000 [35:16<89:02:13,  1.24it/s]  1%|          | 2474/400000 [35:16<86:23:01,  1.28it/s]  1%|          | 2475/400000 [35:17<81:25:58,  1.36it/s]  1%|          | 2476/400000 [35:18<77:30:56,  1.42it/s]  1%|          | 2477/400000 [35:18<73:56:03,  1.49it/s]  1%|          | 2478/400000 [35:19<72:07:21,  1.53it/s]  1%|          | 2479/400000 [35:20<71:28:55,  1.54it/s]  1%|          | 2480/400000 [35:20<73:53:14,  1.49it/s]                                                          1%|          | 2480/400000 [35:20<73:53:14,  1.49it/s]  1%|          | 2481/400000 [35:21<73:34:58,  1.50it/s]  1%|          | 2482/400000 [35:22<72:09:43,  1.53it/s]  1%|          | 2483/400000 [35:22<71:42:51,  1.54it/s]  1%|          | 2484/400000 [35:23<71:23:44,  1.55it/s]  1%|          | 2485/400000 [35:24<81:40:35,  1.35it/s]  1%|          | 2486/400000 [35:25<88:30:32,  1.25it/s]  1%|          | 2487/400000 [35:25<88:17:07,  1.25it/s]  1%|          | 2488/400000 [35:26<83:41:29,  1.32it/s]  1%|          | 2489/400000 [35:27<80:29:38,  1.37it/s]  1%|          | 2490/400000 [35:27<78:03:43,  1.41it/s]                                                          1%|          | 2490/400000 [35:27<78:03:43,  1.41it/s]  1%|          | 2491/400000 [35:28<74:39:07,  1.48it/s]  1%|          | 2492/400000 [35:29<72:59:32,  1.51it/s]  1%|          | 2493/400000 [35:29<70:19:23,  1.57it/s]  1%|          | 2494/400000 [35:30<69:28:22,  1.59it/s]  1%|          | 2495/400000 [35:31<72:14:57,  1.53it/s]  1%|          | 2496/400000 [35:32<86:21:58,  1.28it/s]  1%|          | 2497/400000 [35:33<90:49:29,  1.22it/s]  1%|          | 2498/400000 [35:33<88:42:25,  1.24it/s]  1%|          | 2499/400000 [35:34<84:13:31,  1.31it/s]  1%|          | 2500/400000 [35:35<79:41:11,  1.39it/s]                                                          1%|          | 2500/400000 [35:35<79:41:11,  1.39it/s]  1%|          | 2501/400000 [35:35<75:59:56,  1.45it/s]  1%|          | 2502/400000 [35:36<73:42:53,  1.50it/s]  1%|          | 2503/400000 [35:36<71:58:33,  1.53it/s]  1%|          | 2504/400000 [35:37<70:37:12,  1.56it/s]  1%|          | 2505/400000 [35:38<69:55:55,  1.58it/s]  1%|          | 2506/400000 [35:38<71:59:35,  1.53it/s]  1%|          | 2507/400000 [35:39<78:22:53,  1.41it/s]  1%|          | 2508/400000 [35:40<76:17:29,  1.45it/s]  1%|          | 2509/400000 [35:41<77:04:57,  1.43it/s]  1%|          | 2510/400000 [35:41<76:03:11,  1.45it/s]                                                          1%|          | 2510/400000 [35:41<76:03:11,  1.45it/s]  1%|          | 2511/400000 [35:42<78:27:28,  1.41it/s]  1%|          | 2512/400000 [35:43<75:38:16,  1.46it/s]  1%|          | 2513/400000 [35:43<76:50:07,  1.44it/s]  1%|          | 2514/400000 [35:44<77:39:58,  1.42it/s]  1%|          | 2515/400000 [35:45<75:55:50,  1.45it/s]  1%|          | 2516/400000 [35:45<75:14:59,  1.47it/s]  1%|          | 2517/400000 [35:46<75:40:09,  1.46it/s]  1%|          | 2518/400000 [35:47<74:51:40,  1.47it/s]  1%|          | 2519/400000 [35:47<75:00:32,  1.47it/s]  1%|          | 2520/400000 [35:48<73:22:05,  1.50it/s]                                                          1%|          | 2520/400000 [35:48<73:22:05,  1.50it/s]  1%|          | 2521/400000 [35:49<72:49:15,  1.52it/s]  1%|          | 2522/400000 [35:49<70:47:16,  1.56it/s]  1%|          | 2523/400000 [35:50<70:16:08,  1.57it/s]  1%|          | 2524/400000 [35:51<70:16:26,  1.57it/s]  1%|          | 2525/400000 [35:51<74:47:54,  1.48it/s]  1%|          | 2526/400000 [35:52<84:59:24,  1.30it/s]  1%|          | 2527/400000 [35:53<89:23:42,  1.24it/s]  1%|          | 2528/400000 [35:54<89:48:33,  1.23it/s]  1%|          | 2529/400000 [35:55<87:15:03,  1.27it/s]  1%|          | 2530/400000 [35:55<82:25:14,  1.34it/s]                                                          1%|          | 2530/400000 [35:55<82:25:14,  1.34it/s]  1%|          | 2531/400000 [35:56<80:25:19,  1.37it/s]  1%|          | 2532/400000 [35:57<75:41:53,  1.46it/s]  1%|          | 2533/400000 [35:57<73:40:42,  1.50it/s]  1%|          | 2534/400000 [35:58<73:11:54,  1.51it/s]  1%|          | 2535/400000 [35:59<73:41:45,  1.50it/s]  1%|          | 2536/400000 [36:00<85:53:39,  1.29it/s]  1%|          | 2537/400000 [36:01<89:03:48,  1.24it/s]  1%|          | 2538/400000 [36:01<85:46:07,  1.29it/s]  1%|          | 2539/400000 [36:02<82:49:46,  1.33it/s]  1%|          | 2540/400000 [36:03<79:08:54,  1.39it/s]                                                          1%|          | 2540/400000 [36:03<79:08:54,  1.39it/s]  1%|          | 2541/400000 [36:03<76:11:55,  1.45it/s]  1%|          | 2542/400000 [36:04<74:14:16,  1.49it/s]  1%|          | 2543/400000 [36:05<72:30:35,  1.52it/s]  1%|          | 2544/400000 [36:05<73:07:26,  1.51it/s]  1%|          | 2545/400000 [36:06<72:44:52,  1.52it/s]  1%|          | 2546/400000 [36:07<72:19:36,  1.53it/s]  1%|          | 2547/400000 [36:07<71:15:08,  1.55it/s]  1%|          | 2548/400000 [36:08<72:46:01,  1.52it/s]  1%|          | 2549/400000 [36:09<76:32:06,  1.44it/s]  1%|          | 2550/400000 [36:09<75:55:07,  1.45it/s]                                                          1%|          | 2550/400000 [36:09<75:55:07,  1.45it/s]  1%|          | 2551/400000 [36:10<81:28:47,  1.35it/s]  1%|          | 2552/400000 [36:11<81:30:35,  1.35it/s]  1%|          | 2553/400000 [36:12<78:53:04,  1.40it/s]  1%|          | 2554/400000 [36:12<77:20:39,  1.43it/s]  1%|          | 2555/400000 [36:13<74:33:47,  1.48it/s]  1%|          | 2556/400000 [36:13<72:41:53,  1.52it/s]  1%|          | 2557/400000 [36:14<72:17:10,  1.53it/s]  1%|          | 2558/400000 [36:15<73:41:17,  1.50it/s]  1%|          | 2559/400000 [36:15<73:54:14,  1.49it/s]  1%|          | 2560/400000 [36:16<72:58:44,  1.51it/s]                                                          1%|          | 2560/400000 [36:16<72:58:44,  1.51it/s]  1%|          | 2561/400000 [36:17<73:18:36,  1.51it/s]  1%|          | 2562/400000 [36:17<72:06:24,  1.53it/s]  1%|          | 2563/400000 [36:18<70:46:12,  1.56it/s]  1%|          | 2564/400000 [36:19<85:18:40,  1.29it/s]  1%|          | 2565/400000 [36:20<90:05:33,  1.23it/s]  1%|          | 2566/400000 [36:21<89:11:06,  1.24it/s]  1%|          | 2567/400000 [36:21<85:17:51,  1.29it/s]  1%|          | 2568/400000 [36:22<80:31:16,  1.37it/s]  1%|          | 2569/400000 [36:23<78:26:11,  1.41it/s]  1%|          | 2570/400000 [36:23<78:11:26,  1.41it/s]                                                          1%|          | 2570/400000 [36:23<78:11:26,  1.41it/s]  1%|          | 2571/400000 [36:24<75:14:54,  1.47it/s]  1%|          | 2572/400000 [36:25<74:04:19,  1.49it/s]  1%|          | 2573/400000 [36:25<73:49:43,  1.50it/s]  1%|          | 2574/400000 [36:26<72:07:36,  1.53it/s]  1%|          | 2575/400000 [36:27<70:46:26,  1.56it/s]  1%|          | 2576/400000 [36:28<82:19:02,  1.34it/s]  1%|          | 2577/400000 [36:28<85:56:27,  1.28it/s]  1%|          | 2578/400000 [36:29<84:02:13,  1.31it/s]  1%|          | 2579/400000 [36:30<80:43:03,  1.37it/s]  1%|          | 2580/400000 [36:30<77:50:31,  1.42it/s]                                                          1%|          | 2580/400000 [36:31<77:50:31,  1.42it/s]  1%|          | 2581/400000 [36:31<74:29:58,  1.48it/s]  1%|          | 2582/400000 [36:32<73:21:13,  1.50it/s]  1%|          | 2583/400000 [36:32<71:48:03,  1.54it/s]  1%|          | 2584/400000 [36:33<72:14:34,  1.53it/s]  1%|          | 2585/400000 [36:34<72:14:40,  1.53it/s]  1%|          | 2586/400000 [36:34<71:53:23,  1.54it/s]  1%|          | 2587/400000 [36:35<71:54:51,  1.54it/s]  1%|          | 2588/400000 [36:36<72:05:43,  1.53it/s]  1%|          | 2589/400000 [36:36<72:25:46,  1.52it/s]  1%|          | 2590/400000 [36:37<72:51:33,  1.52it/s]                                                          1%|          | 2590/400000 [36:37<72:51:33,  1.52it/s]  1%|          | 2591/400000 [36:38<72:25:40,  1.52it/s]  1%|          | 2592/400000 [36:38<76:04:18,  1.45it/s]  1%|          | 2593/400000 [36:39<77:35:47,  1.42it/s]  1%|          | 2594/400000 [36:40<77:10:42,  1.43it/s]  1%|          | 2595/400000 [36:40<76:24:44,  1.44it/s]  1%|          | 2596/400000 [36:41<74:28:21,  1.48it/s]  1%|          | 2597/400000 [36:42<75:18:50,  1.47it/s]  1%|          | 2598/400000 [36:42<74:07:14,  1.49it/s]  1%|          | 2599/400000 [36:43<75:58:29,  1.45it/s]  1%|          | 2600/400000 [36:44<74:04:14,  1.49it/s]                                                          1%|          | 2600/400000 [36:44<74:04:14,  1.49it/s]  1%|          | 2601/400000 [36:44<73:35:02,  1.50it/s]  1%|          | 2602/400000 [36:45<72:51:05,  1.52it/s]  1%|          | 2603/400000 [36:46<79:49:12,  1.38it/s]  1%|          | 2604/400000 [36:47<84:08:57,  1.31it/s]  1%|          | 2605/400000 [36:48<83:48:54,  1.32it/s]  1%|          | 2606/400000 [36:48<80:23:39,  1.37it/s]  1%|          | 2607/400000 [36:49<78:47:15,  1.40it/s]  1%|          | 2608/400000 [36:50<76:53:56,  1.44it/s]  1%|          | 2609/400000 [36:50<75:06:50,  1.47it/s]  1%|          | 2610/400000 [36:51<74:39:34,  1.48it/s]                                                          1%|          | 2610/400000 [36:51<74:39:34,  1.48it/s]  1%|          | 2611/400000 [36:52<76:39:49,  1.44it/s]  1%|          | 2612/400000 [36:52<76:43:16,  1.44it/s]  1%|          | 2613/400000 [36:53<75:36:44,  1.46it/s]  1%|          | 2614/400000 [36:54<73:59:31,  1.49it/s]  1%|          | 2615/400000 [36:54<73:15:11,  1.51it/s]  1%|          | 2616/400000 [36:55<73:19:07,  1.51it/s]  1%|          | 2617/400000 [36:56<73:04:29,  1.51it/s]  1%|          | 2618/400000 [36:57<83:44:19,  1.32it/s]  1%|          | 2619/400000 [36:57<87:30:53,  1.26it/s]  1%|          | 2620/400000 [36:58<85:32:54,  1.29it/s]                                                          1%|          | 2620/400000 [36:58<85:32:54,  1.29it/s]  1%|          | 2621/400000 [36:59<82:55:46,  1.33it/s]  1%|          | 2622/400000 [37:00<79:19:37,  1.39it/s]  1%|          | 2623/400000 [37:00<75:36:52,  1.46it/s]  1%|          | 2624/400000 [37:01<73:31:28,  1.50it/s]  1%|          | 2625/400000 [37:01<71:35:26,  1.54it/s]  1%|          | 2626/400000 [37:02<71:15:39,  1.55it/s]  1%|          | 2627/400000 [37:03<73:01:16,  1.51it/s]  1%|          | 2628/400000 [37:03<75:00:55,  1.47it/s]  1%|          | 2629/400000 [37:04<74:57:02,  1.47it/s]  1%|          | 2630/400000 [37:05<74:00:04,  1.49it/s]                                                          1%|          | 2630/400000 [37:05<74:00:04,  1.49it/s]  1%|          | 2631/400000 [37:05<73:17:17,  1.51it/s]  1%|          | 2632/400000 [37:06<73:08:19,  1.51it/s]  1%|          | 2633/400000 [37:07<78:54:00,  1.40it/s]  1%|          | 2634/400000 [37:08<81:36:30,  1.35it/s]  1%|          | 2635/400000 [37:08<78:46:24,  1.40it/s]  1%|          | 2636/400000 [37:09<78:09:59,  1.41it/s]  1%|          | 2637/400000 [37:10<76:14:18,  1.45it/s]  1%|          | 2638/400000 [37:10<78:33:39,  1.41it/s]  1%|          | 2639/400000 [37:11<78:42:30,  1.40it/s]  1%|          | 2640/400000 [37:12<77:19:42,  1.43it/s]                                                          1%|          | 2640/400000 [37:12<77:19:42,  1.43it/s]  1%|          | 2641/400000 [37:12<76:02:16,  1.45it/s]  1%|          | 2642/400000 [37:13<74:38:41,  1.48it/s]  1%|          | 2643/400000 [37:14<72:58:38,  1.51it/s]  1%|          | 2644/400000 [37:14<72:10:27,  1.53it/s]  1%|          | 2645/400000 [37:15<72:23:03,  1.52it/s]  1%|          | 2646/400000 [37:16<78:32:59,  1.41it/s]  1%|          | 2647/400000 [37:17<83:17:51,  1.33it/s]  1%|          | 2648/400000 [37:18<83:24:12,  1.32it/s]  1%|          | 2649/400000 [37:18<80:33:00,  1.37it/s]  1%|          | 2650/400000 [37:19<78:06:55,  1.41it/s]                                                          1%|          | 2650/400000 [37:19<78:06:55,  1.41it/s]  1%|          | 2651/400000 [37:20<76:24:58,  1.44it/s]  1%|          | 2652/400000 [37:20<74:11:54,  1.49it/s]  1%|          | 2653/400000 [37:21<71:40:16,  1.54it/s]  1%|          | 2654/400000 [37:21<71:51:01,  1.54it/s]  1%|          | 2655/400000 [37:22<83:51:17,  1.32it/s]  1%|          | 2656/400000 [37:23<88:40:54,  1.24it/s]  1%|          | 2657/400000 [37:24<85:23:05,  1.29it/s]  1%|          | 2658/400000 [37:25<82:44:04,  1.33it/s]  1%|          | 2659/400000 [37:25<80:14:33,  1.38it/s]  1%|          | 2660/400000 [37:26<77:39:01,  1.42it/s]                                                          1%|          | 2660/400000 [37:26<77:39:01,  1.42it/s]  1%|          | 2661/400000 [37:27<75:41:28,  1.46it/s]  1%|          | 2662/400000 [37:27<73:25:49,  1.50it/s]  1%|          | 2663/400000 [37:28<72:18:48,  1.53it/s]  1%|          | 2664/400000 [37:29<71:21:56,  1.55it/s]  1%|          | 2665/400000 [37:30<83:26:08,  1.32it/s]  1%|          | 2666/400000 [37:31<93:01:46,  1.19it/s]  1%|          | 2667/400000 [37:31<93:10:09,  1.18it/s]  1%|          | 2668/400000 [37:32<89:12:56,  1.24it/s]  1%|          | 2669/400000 [37:33<83:43:05,  1.32it/s]  1%|          | 2670/400000 [37:33<79:13:01,  1.39it/s]                                                          1%|          | 2670/400000 [37:33<79:13:01,  1.39it/s]  1%|          | 2671/400000 [37:34<75:38:19,  1.46it/s]  1%|          | 2672/400000 [37:35<73:27:12,  1.50it/s]  1%|          | 2673/400000 [37:35<74:05:08,  1.49it/s]  1%|          | 2674/400000 [37:36<74:38:56,  1.48it/s]  1%|          | 2675/400000 [37:37<82:52:07,  1.33it/s]  1%|          | 2676/400000 [37:38<86:38:54,  1.27it/s]  1%|          | 2677/400000 [37:39<84:59:57,  1.30it/s]  1%|          | 2678/400000 [37:39<82:39:30,  1.34it/s]  1%|          | 2679/400000 [37:40<79:24:43,  1.39it/s]  1%|          | 2680/400000 [37:41<79:00:58,  1.40it/s]                                                          1%|          | 2680/400000 [37:41<79:00:58,  1.40it/s]  1%|          | 2681/400000 [37:41<77:16:53,  1.43it/s]  1%|          | 2682/400000 [37:42<75:07:32,  1.47it/s]  1%|          | 2683/400000 [37:43<73:59:57,  1.49it/s]  1%|          | 2684/400000 [37:43<72:36:37,  1.52it/s]  1%|          | 2685/400000 [37:44<71:37:11,  1.54it/s]  1%|          | 2686/400000 [37:44<70:56:20,  1.56it/s]  1%|          | 2687/400000 [37:45<73:21:12,  1.50it/s]  1%|          | 2688/400000 [37:46<82:48:11,  1.33it/s]  1%|          | 2689/400000 [37:47<84:41:32,  1.30it/s]  1%|          | 2690/400000 [37:48<83:08:48,  1.33it/s]                                                          1%|          | 2690/400000 [37:48<83:08:48,  1.33it/s]  1%|          | 2691/400000 [37:48<79:34:32,  1.39it/s]  1%|          | 2692/400000 [37:49<77:00:23,  1.43it/s]  1%|          | 2693/400000 [37:50<74:04:33,  1.49it/s]  1%|          | 2694/400000 [37:50<72:57:20,  1.51it/s]  1%|          | 2695/400000 [37:51<77:26:19,  1.43it/s]  1%|          | 2696/400000 [37:52<78:04:28,  1.41it/s]  1%|          | 2697/400000 [37:52<76:35:48,  1.44it/s]  1%|          | 2698/400000 [37:53<76:11:53,  1.45it/s]  1%|          | 2699/400000 [37:54<74:39:49,  1.48it/s]  1%|          | 2700/400000 [37:54<73:24:22,  1.50it/s]                                                          1%|          | 2700/400000 [37:54<73:24:22,  1.50it/s]  1%|          | 2701/400000 [37:55<71:54:07,  1.53it/s]  1%|          | 2702/400000 [37:56<79:07:39,  1.39it/s]  1%|          | 2703/400000 [37:57<88:22:43,  1.25it/s]  1%|          | 2704/400000 [37:58<88:37:33,  1.25it/s]  1%|          | 2705/400000 [37:58<86:00:13,  1.28it/s]  1%|          | 2706/400000 [37:59<81:54:56,  1.35it/s]  1%|          | 2707/400000 [38:00<77:31:30,  1.42it/s]  1%|          | 2708/400000 [38:00<74:38:24,  1.48it/s]  1%|          | 2709/400000 [38:01<73:36:07,  1.50it/s]  1%|          | 2710/400000 [38:01<72:10:13,  1.53it/s]                                                          1%|          | 2710/400000 [38:01<72:10:13,  1.53it/s]  1%|          | 2711/400000 [38:02<72:05:02,  1.53it/s]  1%|          | 2712/400000 [38:03<74:36:06,  1.48it/s]  1%|          | 2713/400000 [38:04<75:44:14,  1.46it/s]  1%|          | 2714/400000 [38:04<76:37:09,  1.44it/s]  1%|          | 2715/400000 [38:05<74:50:09,  1.47it/s]  1%|          | 2716/400000 [38:06<75:34:26,  1.46it/s]  1%|          | 2717/400000 [38:06<76:53:50,  1.44it/s]  1%|          | 2718/400000 [38:07<75:31:34,  1.46it/s]  1%|          | 2719/400000 [38:08<81:14:56,  1.36it/s]  1%|          | 2720/400000 [38:09<80:48:51,  1.37it/s]                                                          1%|          | 2720/400000 [38:09<80:48:51,  1.37it/s]  1%|          | 2721/400000 [38:09<79:41:06,  1.38it/s]  1%|          | 2722/400000 [38:10<75:50:37,  1.46it/s]  1%|          | 2723/400000 [38:11<73:59:14,  1.49it/s]  1%|          | 2724/400000 [38:11<71:39:09,  1.54it/s]  1%|          | 2725/400000 [38:12<76:29:49,  1.44it/s]  1%|          | 2726/400000 [38:13<78:05:18,  1.41it/s]  1%|          | 2727/400000 [38:13<78:02:51,  1.41it/s]  1%|          | 2728/400000 [38:14<75:26:10,  1.46it/s]  1%|          | 2729/400000 [38:15<74:50:34,  1.47it/s]  1%|          | 2730/400000 [38:15<73:37:07,  1.50it/s]                                                          1%|          | 2730/400000 [38:15<73:37:07,  1.50it/s]  1%|          | 2731/400000 [38:16<74:13:15,  1.49it/s]  1%|          | 2732/400000 [38:17<72:49:17,  1.52it/s]  1%|          | 2733/400000 [38:17<72:14:51,  1.53it/s]  1%|          | 2734/400000 [38:18<72:04:29,  1.53it/s]  1%|          | 2735/400000 [38:19<84:56:49,  1.30it/s]  1%|          | 2736/400000 [38:20<91:16:27,  1.21it/s]  1%|          | 2737/400000 [38:21<90:15:29,  1.22it/s]  1%|          | 2738/400000 [38:21<85:14:28,  1.29it/s]  1%|          | 2739/400000 [38:22<80:48:31,  1.37it/s]  1%|          | 2740/400000 [38:23<76:59:26,  1.43it/s]                                                          1%|          | 2740/400000 [38:23<76:59:26,  1.43it/s]  1%|          | 2741/400000 [38:23<75:05:11,  1.47it/s]  1%|          | 2742/400000 [38:24<73:50:38,  1.49it/s]  1%|          | 2743/400000 [38:25<73:13:43,  1.51it/s]  1%|          | 2744/400000 [38:25<72:47:16,  1.52it/s]  1%|          | 2745/400000 [38:26<72:12:27,  1.53it/s]  1%|          | 2746/400000 [38:27<72:13:18,  1.53it/s]  1%|          | 2747/400000 [38:27<77:39:57,  1.42it/s]  1%|          | 2748/400000 [38:28<78:36:18,  1.40it/s]  1%|          | 2749/400000 [38:29<76:29:13,  1.44it/s]  1%|          | 2750/400000 [38:29<74:15:12,  1.49it/s]                                                          1%|          | 2750/400000 [38:29<74:15:12,  1.49it/s]  1%|          | 2751/400000 [38:30<72:47:12,  1.52it/s]  1%|          | 2752/400000 [38:31<81:35:19,  1.35it/s]  1%|          | 2753/400000 [38:32<86:39:49,  1.27it/s]  1%|          | 2754/400000 [38:33<84:25:23,  1.31it/s]  1%|          | 2755/400000 [38:33<81:43:48,  1.35it/s]  1%|          | 2756/400000 [38:34<78:38:32,  1.40it/s]  1%|          | 2757/400000 [38:35<76:55:49,  1.43it/s]  1%|          | 2758/400000 [38:35<80:23:12,  1.37it/s]  1%|          | 2759/400000 [38:36<83:54:47,  1.31it/s]  1%|          | 2760/400000 [38:37<81:41:50,  1.35it/s]                                                          1%|          | 2760/400000 [38:37<81:41:50,  1.35it/s]  1%|          | 2761/400000 [38:37<77:57:07,  1.42it/s]  1%|          | 2762/400000 [38:38<75:06:10,  1.47it/s]  1%|          | 2763/400000 [38:39<73:52:55,  1.49it/s]  1%|          | 2764/400000 [38:39<72:11:43,  1.53it/s]  1%|          | 2765/400000 [38:40<72:50:08,  1.51it/s]  1%|          | 2766/400000 [38:41<72:26:33,  1.52it/s]  1%|          | 2767/400000 [38:41<71:43:30,  1.54it/s]  1%|          | 2768/400000 [38:42<71:28:13,  1.54it/s]  1%|          | 2769/400000 [38:43<72:12:57,  1.53it/s]  1%|          | 2770/400000 [38:43<72:11:10,  1.53it/s]                                                          1%|          | 2770/400000 [38:43<72:11:10,  1.53it/s]  1%|          | 2771/400000 [38:44<71:56:06,  1.53it/s]  1%|          | 2772/400000 [38:45<73:10:14,  1.51it/s]  1%|          | 2773/400000 [38:45<74:14:14,  1.49it/s]  1%|          | 2774/400000 [38:46<72:53:32,  1.51it/s]  1%|          | 2775/400000 [38:47<72:25:01,  1.52it/s]  1%|          | 2776/400000 [38:47<78:30:34,  1.41it/s]  1%|          | 2777/400000 [38:48<79:15:46,  1.39it/s]  1%|          | 2778/400000 [38:49<79:55:21,  1.38it/s]  1%|          | 2779/400000 [38:50<77:45:22,  1.42it/s]  1%|          | 2780/400000 [38:50<76:41:24,  1.44it/s]                                                          1%|          | 2780/400000 [38:50<76:41:24,  1.44it/s]  1%|          | 2781/400000 [38:51<76:37:33,  1.44it/s]  1%|          | 2782/400000 [38:52<76:24:44,  1.44it/s]  1%|          | 2783/400000 [38:52<74:21:55,  1.48it/s]  1%|          | 2784/400000 [38:53<73:17:33,  1.51it/s]  1%|          | 2785/400000 [38:54<73:24:22,  1.50it/s]  1%|          | 2786/400000 [38:54<76:26:08,  1.44it/s]  1%|          | 2787/400000 [38:55<79:45:58,  1.38it/s]  1%|          | 2788/400000 [38:56<80:38:17,  1.37it/s]  1%|          | 2789/400000 [38:57<79:29:46,  1.39it/s]  1%|          | 2790/400000 [38:57<78:43:27,  1.40it/s]                                                          1%|          | 2790/400000 [38:57<78:43:27,  1.40it/s]  1%|          | 2791/400000 [38:58<78:47:47,  1.40it/s]  1%|          | 2792/400000 [38:59<76:21:37,  1.44it/s]  1%|          | 2793/400000 [38:59<74:34:26,  1.48it/s]  1%|          | 2794/400000 [39:00<74:02:09,  1.49it/s]  1%|          | 2795/400000 [39:01<73:53:24,  1.49it/s]  1%|          | 2796/400000 [39:01<81:50:11,  1.35it/s]  1%|          | 2797/400000 [39:02<85:05:35,  1.30it/s]  1%|          | 2798/400000 [39:03<82:45:31,  1.33it/s]  1%|          | 2799/400000 [39:04<80:16:29,  1.37it/s]  1%|          | 2800/400000 [39:04<77:12:55,  1.43it/s]                                                          1%|          | 2800/400000 [39:04<77:12:55,  1.43it/s]  1%|          | 2801/400000 [39:05<74:15:03,  1.49it/s]  1%|          | 2802/400000 [39:06<72:23:26,  1.52it/s]  1%|          | 2803/400000 [39:06<71:48:50,  1.54it/s]  1%|          | 2804/400000 [39:07<72:13:42,  1.53it/s]  1%|          | 2805/400000 [39:07<71:24:00,  1.55it/s]  1%|          | 2806/400000 [39:08<71:07:58,  1.55it/s]  1%|          | 2807/400000 [39:09<75:25:17,  1.46it/s]  1%|          | 2808/400000 [39:10<76:49:01,  1.44it/s]  1%|          | 2809/400000 [39:10<77:06:36,  1.43it/s]  1%|          | 2810/400000 [39:11<76:17:52,  1.45it/s]                                                          1%|          | 2810/400000 [39:11<76:17:52,  1.45it/s]  1%|          | 2811/400000 [39:12<75:11:48,  1.47it/s]  1%|          | 2812/400000 [39:13<81:26:54,  1.35it/s]  1%|          | 2813/400000 [39:13<82:01:33,  1.35it/s]  1%|          | 2814/400000 [39:14<80:03:04,  1.38it/s]  1%|          | 2815/400000 [39:15<77:58:39,  1.41it/s]  1%|          | 2816/400000 [39:15<76:33:56,  1.44it/s]  1%|          | 2817/400000 [39:16<74:44:42,  1.48it/s]  1%|          | 2818/400000 [39:17<75:00:21,  1.47it/s]  1%|          | 2819/400000 [39:17<77:50:28,  1.42it/s]  1%|          | 2820/400000 [39:18<77:48:07,  1.42it/s]                                                          1%|          | 2820/400000 [39:18<77:48:07,  1.42it/s]  1%|          | 2821/400000 [39:19<77:11:27,  1.43it/s]  1%|          | 2822/400000 [39:19<76:01:46,  1.45it/s]  1%|          | 2823/400000 [39:20<76:28:37,  1.44it/s]  1%|          | 2824/400000 [39:21<78:42:42,  1.40it/s]  1%|          | 2825/400000 [39:22<77:57:19,  1.42it/s]  1%|          | 2826/400000 [39:22<77:49:51,  1.42it/s]  1%|          | 2827/400000 [39:23<76:10:56,  1.45it/s]  1%|          | 2828/400000 [39:24<76:08:55,  1.45it/s]  1%|          | 2829/400000 [39:24<74:49:11,  1.47it/s]  1%|          | 2830/400000 [39:25<74:55:16,  1.47it/s]                                                          1%|          | 2830/400000 [39:25<74:55:16,  1.47it/s]  1%|          | 2831/400000 [39:26<74:08:05,  1.49it/s]  1%|          | 2832/400000 [39:26<74:10:42,  1.49it/s]  1%|          | 2833/400000 [39:27<84:37:51,  1.30it/s]  1%|          | 2834/400000 [39:28<87:17:30,  1.26it/s]  1%|          | 2835/400000 [39:29<86:09:08,  1.28it/s]  1%|          | 2836/400000 [39:30<81:40:57,  1.35it/s]  1%|          | 2837/400000 [39:30<78:24:31,  1.41it/s]  1%|          | 2838/400000 [39:31<76:34:47,  1.44it/s]  1%|          | 2839/400000 [39:32<78:38:07,  1.40it/s]  1%|          | 2840/400000 [39:32<75:35:52,  1.46it/s]                                                          1%|          | 2840/400000 [39:32<75:35:52,  1.46it/s]  1%|          | 2841/400000 [39:33<73:18:04,  1.51it/s]  1%|          | 2842/400000 [39:33<71:22:16,  1.55it/s]  1%|          | 2843/400000 [39:34<74:10:42,  1.49it/s]  1%|          | 2844/400000 [39:35<74:05:08,  1.49it/s]  1%|          | 2845/400000 [39:36<82:55:58,  1.33it/s]  1%|          | 2846/400000 [39:37<83:15:30,  1.33it/s]  1%|          | 2847/400000 [39:37<80:00:47,  1.38it/s]  1%|          | 2848/400000 [39:38<77:23:22,  1.43it/s]  1%|          | 2849/400000 [39:38<75:28:40,  1.46it/s]  1%|          | 2850/400000 [39:39<73:19:52,  1.50it/s]                                                          1%|          | 2850/400000 [39:39<73:19:52,  1.50it/s]  1%|          | 2851/400000 [39:40<72:49:55,  1.51it/s]  1%|          | 2852/400000 [39:40<72:10:29,  1.53it/s]  1%|          | 2853/400000 [39:41<72:07:36,  1.53it/s]  1%|          | 2854/400000 [39:42<71:53:34,  1.53it/s]  1%|          | 2855/400000 [39:42<75:27:55,  1.46it/s]  1%|          | 2856/400000 [39:43<78:01:18,  1.41it/s]  1%|          | 2857/400000 [39:44<81:12:17,  1.36it/s]  1%|          | 2858/400000 [39:45<81:36:12,  1.35it/s]  1%|          | 2859/400000 [39:45<78:54:55,  1.40it/s]  1%|          | 2860/400000 [39:46<76:58:43,  1.43it/s]                                                          1%|          | 2860/400000 [39:46<76:58:43,  1.43it/s]  1%|          | 2861/400000 [39:47<74:38:51,  1.48it/s]  1%|          | 2862/400000 [39:47<73:19:16,  1.50it/s]  1%|          | 2863/400000 [39:48<72:08:44,  1.53it/s]  1%|          | 2864/400000 [39:49<71:25:29,  1.54it/s]  1%|          | 2865/400000 [39:49<74:03:23,  1.49it/s]  1%|          | 2866/400000 [39:50<75:51:55,  1.45it/s]  1%|          | 2867/400000 [39:51<75:59:28,  1.45it/s]  1%|          | 2868/400000 [39:51<76:17:54,  1.45it/s]  1%|          | 2869/400000 [39:52<76:13:08,  1.45it/s]  1%|          | 2870/400000 [39:53<74:05:00,  1.49it/s]                                                          1%|          | 2870/400000 [39:53<74:05:00,  1.49it/s]  1%|          | 2871/400000 [39:53<73:38:31,  1.50it/s]  1%|          | 2872/400000 [39:54<75:20:58,  1.46it/s]  1%|          | 2873/400000 [39:55<76:25:27,  1.44it/s]  1%|          | 2874/400000 [39:56<75:49:10,  1.45it/s]  1%|          | 2875/400000 [39:56<75:25:55,  1.46it/s]  1%|          | 2876/400000 [39:57<74:16:54,  1.49it/s]  1%|          | 2877/400000 [39:57<73:05:42,  1.51it/s]  1%|          | 2878/400000 [39:58<72:54:33,  1.51it/s]  1%|          | 2879/400000 [39:59<72:00:54,  1.53it/s]  1%|          | 2880/400000 [39:59<70:53:58,  1.56it/s]                                                          1%|          | 2880/400000 [39:59<70:53:58,  1.56it/s]  1%|          | 2881/400000 [40:00<73:14:33,  1.51it/s]  1%|          | 2882/400000 [40:01<73:12:25,  1.51it/s]  1%|          | 2883/400000 [40:01<72:16:51,  1.53it/s]  1%|          | 2884/400000 [40:02<72:42:08,  1.52it/s]  1%|          | 2885/400000 [40:03<80:22:33,  1.37it/s]  1%|          | 2886/400000 [40:04<80:54:30,  1.36it/s]  1%|          | 2887/400000 [40:04<79:47:02,  1.38it/s]  1%|          | 2888/400000 [40:05<78:39:16,  1.40it/s]  1%|          | 2889/400000 [40:06<76:26:23,  1.44it/s]  1%|          | 2890/400000 [40:06<74:28:28,  1.48it/s]                                                          1%|          | 2890/400000 [40:06<74:28:28,  1.48it/s]  1%|          | 2891/400000 [40:07<73:22:11,  1.50it/s]  1%|          | 2892/400000 [40:08<72:38:44,  1.52it/s]  1%|          | 2893/400000 [40:08<73:55:07,  1.49it/s]  1%|          | 2894/400000 [40:09<86:12:10,  1.28it/s]  1%|          | 2895/400000 [40:10<87:21:41,  1.26it/s]  1%|          | 2896/400000 [40:11<83:34:24,  1.32it/s]  1%|          | 2897/400000 [40:12<80:51:36,  1.36it/s]  1%|          | 2898/400000 [40:12<78:07:20,  1.41it/s]  1%|          | 2899/400000 [40:13<76:39:34,  1.44it/s]  1%|          | 2900/400000 [40:14<74:17:22,  1.48it/s]                                                          1%|          | 2900/400000 [40:14<74:17:22,  1.48it/s]  1%|          | 2901/400000 [40:14<73:00:01,  1.51it/s]  1%|          | 2902/400000 [40:15<72:22:45,  1.52it/s]  1%|          | 2903/400000 [40:16<76:42:23,  1.44it/s]  1%|          | 2904/400000 [40:16<77:09:17,  1.43it/s]  1%|          | 2905/400000 [40:17<77:51:33,  1.42it/s]  1%|          | 2906/400000 [40:18<76:10:58,  1.45it/s]  1%|          | 2907/400000 [40:18<74:23:24,  1.48it/s]  1%|          | 2908/400000 [40:19<73:31:52,  1.50it/s]  1%|          | 2909/400000 [40:20<74:07:54,  1.49it/s]  1%|          | 2910/400000 [40:20<74:33:02,  1.48it/s]                                                          1%|          | 2910/400000 [40:20<74:33:02,  1.48it/s]  1%|          | 2911/400000 [40:21<74:26:03,  1.48it/s]  1%|          | 2912/400000 [40:22<74:51:50,  1.47it/s]  1%|          | 2913/400000 [40:22<73:52:06,  1.49it/s]  1%|          | 2914/400000 [40:23<74:50:38,  1.47it/s]  1%|          | 2915/400000 [40:24<79:46:30,  1.38it/s]  1%|          | 2916/400000 [40:25<78:49:14,  1.40it/s]  1%|          | 2917/400000 [40:25<78:25:36,  1.41it/s]  1%|          | 2918/400000 [40:26<76:32:17,  1.44it/s]  1%|          | 2919/400000 [40:27<75:00:01,  1.47it/s]  1%|          | 2920/400000 [40:27<73:13:50,  1.51it/s]                                                          1%|          | 2920/400000 [40:27<73:13:50,  1.51it/s]  1%|          | 2921/400000 [40:28<72:07:36,  1.53it/s]  1%|          | 2922/400000 [40:28<72:23:48,  1.52it/s]  1%|          | 2923/400000 [40:29<73:45:42,  1.50it/s]  1%|          | 2924/400000 [40:30<74:29:18,  1.48it/s]  1%|          | 2925/400000 [40:31<76:00:24,  1.45it/s]  1%|          | 2926/400000 [40:31<75:08:36,  1.47it/s]  1%|          | 2927/400000 [40:32<74:46:17,  1.48it/s]  1%|          | 2928/400000 [40:33<74:38:07,  1.48it/s]  1%|          | 2929/400000 [40:33<73:22:35,  1.50it/s]  1%|          | 2930/400000 [40:34<74:14:47,  1.49it/s]                                                          1%|          | 2930/400000 [40:34<74:14:47,  1.49it/s]  1%|          | 2931/400000 [40:35<74:20:24,  1.48it/s]  1%|          | 2932/400000 [40:35<74:56:19,  1.47it/s]  1%|          | 2933/400000 [40:36<73:49:16,  1.49it/s]  1%|          | 2934/400000 [40:37<77:18:20,  1.43it/s]  1%|          | 2935/400000 [40:37<78:07:16,  1.41it/s]  1%|          | 2936/400000 [40:38<77:15:47,  1.43it/s]  1%|          | 2937/400000 [40:39<75:38:21,  1.46it/s]  1%|          | 2938/400000 [40:39<73:39:00,  1.50it/s]  1%|          | 2939/400000 [40:40<74:23:09,  1.48it/s]  1%|          | 2940/400000 [40:41<75:04:13,  1.47it/s]                                                          1%|          | 2940/400000 [40:41<75:04:13,  1.47it/s]  1%|          | 2941/400000 [40:41<74:29:25,  1.48it/s]  1%|          | 2942/400000 [40:42<74:22:18,  1.48it/s]  1%|          | 2943/400000 [40:43<78:15:37,  1.41it/s]  1%|          | 2944/400000 [40:44<78:38:19,  1.40it/s]  1%|          | 2945/400000 [40:44<79:33:09,  1.39it/s]  1%|          | 2946/400000 [40:45<78:05:14,  1.41it/s]  1%|          | 2947/400000 [40:46<77:07:56,  1.43it/s]  1%|          | 2948/400000 [40:46<75:04:53,  1.47it/s]  1%|          | 2949/400000 [40:47<74:42:47,  1.48it/s]  1%|          | 2950/400000 [40:48<75:11:40,  1.47it/s]                                                          1%|          | 2950/400000 [40:48<75:11:40,  1.47it/s]  1%|          | 2951/400000 [40:48<74:10:52,  1.49it/s]  1%|          | 2952/400000 [40:49<72:00:39,  1.53it/s]  1%|          | 2953/400000 [40:50<71:36:38,  1.54it/s]  1%|          | 2954/400000 [40:50<77:26:30,  1.42it/s]  1%|          | 2955/400000 [40:51<78:23:22,  1.41it/s]  1%|          | 2956/400000 [40:52<79:45:37,  1.38it/s]  1%|          | 2957/400000 [40:53<78:00:06,  1.41it/s]  1%|          | 2958/400000 [40:53<77:04:51,  1.43it/s]  1%|          | 2959/400000 [40:54<74:28:12,  1.48it/s]  1%|          | 2960/400000 [40:55<73:15:15,  1.51it/s]                                                          1%|          | 2960/400000 [40:55<73:15:15,  1.51it/s]  1%|          | 2961/400000 [40:55<73:40:52,  1.50it/s]  1%|          | 2962/400000 [40:56<73:59:00,  1.49it/s]  1%|          | 2963/400000 [40:57<82:35:59,  1.34it/s]  1%|          | 2964/400000 [40:58<93:26:19,  1.18it/s]  1%|          | 2965/400000 [40:59<98:15:10,  1.12it/s]  1%|          | 2966/400000 [41:00<94:16:49,  1.17it/s]  1%|          | 2967/400000 [41:00<88:21:16,  1.25it/s]  1%|          | 2968/400000 [41:01<83:33:38,  1.32it/s]  1%|          | 2969/400000 [41:02<79:27:51,  1.39it/s]  1%|          | 2970/400000 [41:02<77:38:26,  1.42it/s]                                                          1%|          | 2970/400000 [41:02<77:38:26,  1.42it/s]  1%|          | 2971/400000 [41:03<76:10:20,  1.45it/s]  1%|          | 2972/400000 [41:04<73:00:56,  1.51it/s]  1%|          | 2973/400000 [41:04<72:33:46,  1.52it/s]  1%|          | 2974/400000 [41:05<84:00:29,  1.31it/s]  1%|          | 2975/400000 [41:06<88:05:02,  1.25it/s]  1%|          | 2976/400000 [41:07<85:00:38,  1.30it/s]  1%|          | 2977/400000 [41:07<81:07:39,  1.36it/s]  1%|          | 2978/400000 [41:08<79:13:09,  1.39it/s]  1%|          | 2979/400000 [41:09<75:31:34,  1.46it/s]  1%|          | 2980/400000 [41:09<72:43:43,  1.52it/s]                                                          1%|          | 2980/400000 [41:09<72:43:43,  1.52it/s]  1%|          | 2981/400000 [41:10<71:44:03,  1.54it/s]  1%|          | 2982/400000 [41:11<70:52:41,  1.56it/s]  1%|          | 2983/400000 [41:11<72:38:03,  1.52it/s]  1%|          | 2984/400000 [41:12<73:03:02,  1.51it/s]  1%|          | 2985/400000 [41:13<74:29:26,  1.48it/s]  1%|          | 2986/400000 [41:13<74:49:18,  1.47it/s]  1%|          | 2987/400000 [41:14<72:40:01,  1.52it/s]  1%|          | 2988/400000 [41:15<71:40:44,  1.54it/s]  1%|          | 2989/400000 [41:15<71:21:59,  1.55it/s]  1%|          | 2990/400000 [41:16<71:40:35,  1.54it/s]                                                          1%|          | 2990/400000 [41:16<71:40:35,  1.54it/s]  1%|          | 2991/400000 [41:17<74:20:19,  1.48it/s]  1%|          | 2992/400000 [41:18<81:58:17,  1.35it/s]  1%|          | 2993/400000 [41:18<86:47:23,  1.27it/s]  1%|          | 2994/400000 [41:20<123:42:41,  1.12s/it]  1%|          | 2995/400000 [41:21<106:22:59,  1.04it/s]  1%|          | 2996/400000 [41:22<94:36:06,  1.17it/s]   1%|          | 2997/400000 [41:23<124:21:36,  1.13s/it]  1%|          | 2998/400000 [41:24<105:54:33,  1.04it/s]  1%|          | 2999/400000 [41:24<94:17:24,  1.17it/s]   1%|          | 3000/400000 [41:25<83:36:38,  1.32it/s]                                                          1%|          | 3000/400000 [41:25<83:36:38,  1.32it/s]
  0%|          | 0/122 [00:00<?, ?it/s][A
  2%|▏         | 2/122 [00:05<05:03,  2.53s/it][A
  2%|▏         | 3/122 [00:05<03:09,  1.59s/it][A
  3%|▎         | 4/122 [00:05<02:11,  1.12s/it][A
  4%|▍         | 5/122 [00:05<01:37,  1.20it/s][A
  5%|▍         | 6/122 [00:06<01:16,  1.51it/s][A
  6%|▌         | 7/122 [00:06<01:04,  1.79it/s][A
  7%|▋         | 8/122 [00:06<00:55,  2.04it/s][A
  7%|▋         | 9/122 [00:07<00:49,  2.30it/s][A
  8%|▊         | 10/122 [00:07<00:43,  2.56it/s][A
  9%|▉         | 11/122 [00:07<00:38,  2.86it/s][A
 10%|▉         | 12/122 [00:08<00:36,  3.05it/s][A
 11%|█         | 13/122 [00:08<00:38,  2.85it/s][A
 11%|█▏        | 14/122 [00:08<00:41,  2.61it/s][A
 12%|█▏        | 15/122 [00:09<00:43,  2.46it/s][A
 13%|█▎        | 16/122 [00:09<00:45,  2.35it/s][A
 14%|█▍        | 17/122 [00:10<00:44,  2.34it/s][A
 15%|█▍        | 18/122 [00:12<01:24,  1.23it/s][A
 16%|█▌        | 19/122 [00:12<01:08,  1.50it/s][A
 16%|█▋        | 20/122 [00:12<00:58,  1.73it/s][A
 17%|█▋        | 21/122 [00:13<00:52,  1.92it/s][A
 18%|█▊        | 22/122 [00:13<00:46,  2.13it/s][A
 19%|█▉        | 23/122 [00:13<00:43,  2.27it/s][A
 20%|█▉        | 24/122 [00:14<00:40,  2.39it/s][A
 20%|██        | 25/122 [00:14<00:38,  2.52it/s][A
 21%|██▏       | 26/122 [00:14<00:35,  2.70it/s][A
 22%|██▏       | 27/122 [00:15<00:33,  2.81it/s][A
 23%|██▎       | 28/122 [00:15<00:33,  2.79it/s][A
 24%|██▍       | 29/122 [00:15<00:33,  2.75it/s][A
 25%|██▍       | 30/122 [00:16<00:34,  2.64it/s][A
 25%|██▌       | 31/122 [00:16<00:36,  2.52it/s][A
 26%|██▌       | 32/122 [00:17<00:36,  2.47it/s][A
 27%|██▋       | 33/122 [00:17<00:36,  2.41it/s][A
 28%|██▊       | 34/122 [00:19<01:05,  1.34it/s][A
 29%|██▊       | 35/122 [00:19<00:54,  1.61it/s][A
 30%|██▉       | 36/122 [00:22<01:57,  1.37s/it][A
 30%|███       | 37/122 [00:22<01:29,  1.05s/it][A
 31%|███       | 38/122 [00:23<01:10,  1.19it/s][A
 32%|███▏      | 39/122 [00:23<00:58,  1.43it/s][A
 33%|███▎      | 40/122 [00:24<00:49,  1.67it/s][A
 34%|███▎      | 41/122 [00:24<00:42,  1.89it/s][A
 34%|███▍      | 42/122 [00:24<00:37,  2.14it/s][A
 35%|███▌      | 43/122 [00:25<00:35,  2.23it/s][A
 36%|███▌      | 44/122 [00:25<00:34,  2.28it/s][A
 37%|███▋      | 45/122 [00:25<00:32,  2.34it/s][A
 38%|███▊      | 46/122 [00:26<00:31,  2.38it/s][A
 39%|███▊      | 47/122 [00:26<00:31,  2.40it/s][A
 39%|███▉      | 48/122 [00:27<00:30,  2.42it/s][A
 40%|████      | 49/122 [00:27<00:29,  2.46it/s][A
 41%|████      | 50/122 [00:33<02:32,  2.12s/it][A
 42%|████▏     | 51/122 [00:33<01:51,  1.58s/it][A
 43%|████▎     | 52/122 [00:34<01:24,  1.21s/it][A
 43%|████▎     | 53/122 [00:34<01:06,  1.05it/s][A
 44%|████▍     | 54/122 [00:35<00:52,  1.29it/s][A
 45%|████▌     | 55/122 [00:35<00:43,  1.53it/s][A
 46%|████▌     | 56/122 [00:35<00:37,  1.78it/s][A
 47%|████▋     | 57/122 [00:36<00:32,  1.99it/s][A
 48%|████▊     | 58/122 [00:36<00:29,  2.17it/s][A
 48%|████▊     | 59/122 [00:36<00:26,  2.41it/s][A
 49%|████▉     | 60/122 [00:37<00:24,  2.49it/s][A
 50%|█████     | 61/122 [00:37<00:25,  2.36it/s][A
 51%|█████     | 62/122 [00:38<00:26,  2.27it/s][A
 52%|█████▏    | 63/122 [00:38<00:26,  2.22it/s][A
 52%|█████▏    | 64/122 [00:39<00:26,  2.20it/s][A
 53%|█████▎    | 65/122 [00:39<00:25,  2.22it/s][A
 54%|█████▍    | 66/122 [00:45<01:58,  2.11s/it][A
 55%|█████▍    | 67/122 [00:45<01:23,  1.52s/it][A
 56%|█████▌    | 68/122 [00:46<01:10,  1.30s/it][A
 57%|█████▋    | 69/122 [00:46<00:54,  1.03s/it][A
 57%|█████▋    | 70/122 [00:47<00:45,  1.15it/s][A
 58%|█████▊    | 71/122 [00:47<00:38,  1.33it/s][A
 59%|█████▉    | 72/122 [00:48<00:33,  1.49it/s][A
 60%|█████▉    | 73/122 [00:48<00:29,  1.64it/s][A
 61%|██████    | 74/122 [00:49<00:27,  1.76it/s][A
 61%|██████▏   | 75/122 [00:49<00:24,  1.91it/s][A
 62%|██████▏   | 76/122 [00:49<00:21,  2.09it/s][A
 63%|██████▎   | 77/122 [00:50<00:20,  2.24it/s][A
 64%|██████▍   | 78/122 [00:50<00:18,  2.36it/s][A
 65%|██████▍   | 79/122 [00:51<00:17,  2.44it/s][A
 66%|██████▌   | 80/122 [00:51<00:16,  2.54it/s][A
 66%|██████▋   | 81/122 [00:51<00:15,  2.61it/s][A
 67%|██████▋   | 82/122 [00:57<01:22,  2.06s/it][A
 68%|██████▊   | 83/122 [00:57<00:57,  1.49s/it][A
 69%|██████▉   | 84/122 [00:58<00:41,  1.09s/it][A
 70%|██████▉   | 85/122 [00:58<00:29,  1.25it/s][A
 70%|███████   | 86/122 [00:58<00:22,  1.62it/s][A
 71%|███████▏  | 87/122 [00:58<00:17,  2.03it/s][A
 72%|███████▏  | 88/122 [00:58<00:15,  2.23it/s][A
 73%|███████▎  | 89/122 [00:59<00:14,  2.23it/s][A
 74%|███████▍  | 90/122 [01:00<00:24,  1.33it/s][A
 75%|███████▍  | 91/122 [01:01<00:18,  1.64it/s][A
 75%|███████▌  | 92/122 [01:01<00:15,  1.92it/s][A
 76%|███████▌  | 93/122 [01:01<00:12,  2.28it/s][A
 77%|███████▋  | 94/122 [01:02<00:11,  2.44it/s][A
 78%|███████▊  | 95/122 [01:02<00:10,  2.59it/s][A
 79%|███████▊  | 96/122 [01:02<00:10,  2.48it/s][A
 80%|███████▉  | 97/122 [01:03<00:10,  2.39it/s][A
 80%|████████  | 98/122 [01:10<00:57,  2.39s/it][A
 81%|████████  | 99/122 [01:10<00:39,  1.72s/it][A
 82%|████████▏ | 100/122 [01:10<00:27,  1.25s/it][A
 83%|████████▎ | 101/122 [01:12<00:28,  1.34s/it][A
 84%|████████▎ | 102/122 [01:12<00:21,  1.06s/it][A
 84%|████████▍ | 103/122 [01:12<00:16,  1.15it/s][A
 85%|████████▌ | 104/122 [01:15<00:22,  1.23s/it][A
 86%|████████▌ | 105/122 [01:15<00:16,  1.03it/s][A
 87%|████████▋ | 106/122 [01:15<00:12,  1.28it/s][A
 88%|████████▊ | 107/122 [01:16<00:09,  1.52it/s][A
 89%|████████▊ | 108/122 [01:16<00:07,  1.76it/s][A
 89%|████████▉ | 109/122 [01:16<00:06,  1.97it/s][A
 90%|█████████ | 110/122 [01:17<00:05,  2.16it/s][A
 91%|█████████ | 111/122 [01:17<00:04,  2.31it/s][A
 92%|█████████▏| 112/122 [01:17<00:04,  2.45it/s][A
 93%|█████████▎| 113/122 [01:18<00:03,  2.53it/s][A
 93%|█████████▎| 114/122 [01:18<00:03,  2.59it/s][A
 94%|█████████▍| 115/122 [01:18<00:02,  2.74it/s][A
 95%|█████████▌| 116/122 [01:19<00:02,  2.72it/s][A
 96%|█████████▌| 117/122 [01:19<00:01,  2.61it/s][A
 97%|█████████▋| 118/122 [01:20<00:01,  2.52it/s][A
 98%|█████████▊| 119/122 [01:20<00:01,  2.48it/s][A
 98%|█████████▊| 120/122 [01:21<00:00,  2.44it/s][A
 99%|█████████▉| 121/122 [01:21<00:00,  2.41it/s][A
100%|██████████| 122/122 [01:21<00:00,  2.41it/s][A                                                        
                                                 [A  1%|          | 3000/400000 [42:54<83:36:38,  1.32it/s]
100%|██████████| 122/122 [01:22<00:00,  2.41it/s][A
                                                 [A                                                          1%|          | 3000/400000 [44:13<83:36:38,  1.32it/s]  1%|          | 3001/400000 [44:20<5858:20:11, 53.12s/it]  1%|          | 3002/400000 [44:21<4118:49:33, 37.35s/it]  1%|          | 3003/400000 [44:21<2900:52:05, 26.31s/it]  1%|          | 3004/400000 [44:22<2049:11:02, 18.58s/it]  1%|          | 3005/400000 [44:22<1453:10:38, 13.18s/it]  1%|          | 3006/400000 [44:23<1035:57:09,  9.39s/it]  1%|          | 3007/400000 [44:24<743:49:28,  6.75s/it]   1%|          | 3008/400000 [44:24<539:02:17,  4.89s/it]  1%|          | 3009/400000 [44:25<395:56:46,  3.59s/it]  1%|          | 3010/400000 [44:26<303:32:01,  2.75s/it]                                                           1%|          | 3010/400000 [44:26<303:32:01,  2.75s/it]  1%|          | 3011/400000 [44:26<237:36:41,  2.15s/it]  1%|          | 3012/400000 [44:27<187:50:24,  1.70s/it]  1%|          | 3013/400000 [44:28<152:02:35,  1.38s/it]  1%|          | 3014/400000 [44:28<127:43:15,  1.16s/it]  1%|          | 3015/400000 [44:30<149:42:19,  1.36s/it]  1%|          | 3016/400000 [44:31<123:49:37,  1.12s/it]  1%|          | 3017/400000 [44:31<105:44:07,  1.04it/s]  1%|          | 3018/400000 [44:32<93:17:21,  1.18it/s]   1%|          | 3019/400000 [44:32<85:47:59,  1.29it/s]  1%|          | 3020/400000 [44:33<82:14:26,  1.34it/s]                                                          1%|          | 3020/400000 [44:33<82:14:26,  1.34it/s]  1%|          | 3021/400000 [44:34<76:58:15,  1.43it/s]  1%|          | 3022/400000 [44:34<80:35:38,  1.37it/s]  1%|          | 3023/400000 [44:35<83:00:42,  1.33it/s]  1%|          | 3024/400000 [44:36<82:52:19,  1.33it/s]  1%|          | 3025/400000 [44:37<80:08:34,  1.38it/s]  1%|          | 3026/400000 [44:37<77:09:08,  1.43it/s]  1%|          | 3027/400000 [44:38<74:51:16,  1.47it/s]  1%|          | 3028/400000 [44:40<115:51:39,  1.05s/it]  1%|          | 3029/400000 [44:40<99:32:46,  1.11it/s]   1%|          | 3030/400000 [44:41<88:14:47,  1.25it/s]                                                          1%|          | 3030/400000 [44:41<88:14:47,  1.25it/s]  1%|          | 3031/400000 [44:42<79:31:55,  1.39it/s]  1%|          | 3032/400000 [44:42<79:37:19,  1.38it/s]  1%|          | 3033/400000 [44:43<81:32:15,  1.35it/s]  1%|          | 3034/400000 [44:44<80:14:37,  1.37it/s]  1%|          | 3035/400000 [44:44<79:00:10,  1.40it/s]  1%|          | 3036/400000 [44:45<75:44:06,  1.46it/s]  1%|          | 3037/400000 [44:46<72:42:27,  1.52it/s]  1%|          | 3038/400000 [44:46<70:21:53,  1.57it/s]  1%|          | 3039/400000 [44:47<70:30:34,  1.56it/s]  1%|          | 3040/400000 [44:49<107:11:08,  1.03it/s]                                                           1%|          | 3040/400000 [44:49<107:11:08,  1.03it/s]  1%|          | 3041/400000 [44:49<93:25:30,  1.18it/s]   1%|          | 3042/400000 [44:50<85:18:24,  1.29it/s]  1%|          | 3043/400000 [44:50<79:12:03,  1.39it/s]  1%|          | 3044/400000 [44:51<74:55:31,  1.47it/s]  1%|          | 3045/400000 [44:52<73:57:45,  1.49it/s]  1%|          | 3046/400000 [44:52<71:58:59,  1.53it/s]  1%|          | 3047/400000 [44:53<69:48:05,  1.58it/s]  1%|          | 3048/400000 [44:53<68:45:57,  1.60it/s]  1%|          | 3049/400000 [44:54<69:00:12,  1.60it/s]  1%|          | 3050/400000 [44:55<71:49:03,  1.54it/s]                                                          1%|          | 3050/400000 [44:55<71:49:03,  1.54it/s]  1%|          | 3051/400000 [44:55<73:42:01,  1.50it/s]  1%|          | 3052/400000 [44:56<74:08:19,  1.49it/s]  1%|          | 3053/400000 [44:57<73:42:39,  1.50it/s]  1%|          | 3054/400000 [44:57<72:04:48,  1.53it/s]  1%|          | 3055/400000 [44:58<73:13:26,  1.51it/s]  1%|          | 3056/400000 [44:59<76:15:40,  1.45it/s]  1%|          | 3057/400000 [45:00<78:27:20,  1.41it/s]  1%|          | 3058/400000 [45:00<78:43:48,  1.40it/s]  1%|          | 3059/400000 [45:01<77:56:03,  1.41it/s]  1%|          | 3060/400000 [45:02<76:40:11,  1.44it/s]                                                          1%|          | 3060/400000 [45:02<76:40:11,  1.44it/s]  1%|          | 3061/400000 [45:02<76:11:41,  1.45it/s]  1%|          | 3062/400000 [45:04<112:40:27,  1.02s/it]  1%|          | 3063/400000 [45:05<97:55:58,  1.13it/s]   1%|          | 3064/400000 [45:05<92:14:45,  1.20it/s]  1%|          | 3065/400000 [45:06<88:13:25,  1.25it/s]  1%|          | 3066/400000 [45:07<85:33:40,  1.29it/s]  1%|          | 3067/400000 [45:07<78:22:55,  1.41it/s]  1%|          | 3068/400000 [45:08<75:01:21,  1.47it/s]  1%|          | 3069/400000 [45:09<71:50:18,  1.53it/s]  1%|          | 3070/400000 [45:09<69:56:50,  1.58it/s]                                                          1%|          | 3070/400000 [45:09<69:56:50,  1.58it/s]  1%|          | 3071/400000 [45:11<111:41:22,  1.01s/it]  1%|          | 3072/400000 [45:12<97:01:02,  1.14it/s]   1%|          | 3073/400000 [45:12<87:55:12,  1.25it/s]  1%|          | 3074/400000 [45:13<81:22:25,  1.35it/s]  1%|          | 3075/400000 [45:14<79:53:57,  1.38it/s]  1%|          | 3076/400000 [45:14<78:29:45,  1.40it/s]  1%|          | 3077/400000 [45:15<76:10:24,  1.45it/s]  1%|          | 3078/400000 [45:16<74:56:52,  1.47it/s]  1%|          | 3079/400000 [45:16<73:46:15,  1.49it/s]  1%|          | 3080/400000 [45:17<73:17:39,  1.50it/s]                                                          1%|          | 3080/400000 [45:17<73:17:39,  1.50it/s]  1%|          | 3081/400000 [45:17<71:39:46,  1.54it/s]  1%|          | 3082/400000 [45:18<70:26:36,  1.57it/s]  1%|          | 3083/400000 [45:19<69:21:27,  1.59it/s]  1%|          | 3084/400000 [45:20<78:02:51,  1.41it/s]  1%|          | 3085/400000 [45:21<85:52:35,  1.28it/s]  1%|          | 3086/400000 [45:21<85:09:06,  1.29it/s]  1%|          | 3087/400000 [45:22<81:37:55,  1.35it/s]  1%|          | 3088/400000 [45:23<77:19:48,  1.43it/s]  1%|          | 3089/400000 [45:23<75:15:53,  1.46it/s]  1%|          | 3090/400000 [45:24<73:56:12,  1.49it/s]                                                          1%|          | 3090/400000 [45:24<73:56:12,  1.49it/s]  1%|          | 3091/400000 [45:25<72:58:24,  1.51it/s]  1%|          | 3092/400000 [45:25<71:56:57,  1.53it/s]  1%|          | 3093/400000 [45:26<70:59:00,  1.55it/s]  1%|          | 3094/400000 [45:26<70:18:48,  1.57it/s]  1%|          | 3095/400000 [45:27<69:47:55,  1.58it/s]  1%|          | 3096/400000 [45:28<70:45:39,  1.56it/s]  1%|          | 3097/400000 [45:28<72:32:05,  1.52it/s]  1%|          | 3098/400000 [45:29<74:24:58,  1.48it/s]  1%|          | 3099/400000 [45:30<74:29:08,  1.48it/s]  1%|          | 3100/400000 [45:30<75:24:35,  1.46it/s]                                                          1%|          | 3100/400000 [45:30<75:24:35,  1.46it/s]  1%|          | 3101/400000 [45:31<74:52:39,  1.47it/s]  1%|          | 3102/400000 [45:32<74:12:48,  1.49it/s]  1%|          | 3103/400000 [45:32<73:09:28,  1.51it/s]  1%|          | 3104/400000 [45:33<77:56:40,  1.41it/s]  1%|          | 3105/400000 [45:34<79:46:16,  1.38it/s]  1%|          | 3106/400000 [45:35<78:07:51,  1.41it/s]  1%|          | 3107/400000 [45:35<76:53:04,  1.43it/s]  1%|          | 3108/400000 [45:37<110:18:32,  1.00s/it]  1%|          | 3109/400000 [45:38<97:28:59,  1.13it/s]   1%|          | 3110/400000 [45:38<89:19:14,  1.23it/s]                                                          1%|          | 3110/400000 [45:38<89:19:14,  1.23it/s]  1%|          | 3111/400000 [45:39<84:10:03,  1.31it/s]  1%|          | 3112/400000 [45:40<77:59:05,  1.41it/s]  1%|          | 3113/400000 [45:40<73:47:21,  1.49it/s]  1%|          | 3114/400000 [45:41<83:40:29,  1.32it/s]  1%|          | 3115/400000 [45:42<84:39:15,  1.30it/s]  1%|          | 3116/400000 [45:43<82:08:23,  1.34it/s]  1%|          | 3117/400000 [45:43<79:09:17,  1.39it/s]  1%|          | 3118/400000 [45:44<76:25:36,  1.44it/s]  1%|          | 3119/400000 [45:44<73:02:17,  1.51it/s]  1%|          | 3120/400000 [45:45<71:27:27,  1.54it/s]                                                          1%|          | 3120/400000 [45:45<71:27:27,  1.54it/s]  1%|          | 3121/400000 [45:46<71:11:57,  1.55it/s]  1%|          | 3122/400000 [45:46<69:56:12,  1.58it/s]  1%|          | 3123/400000 [45:47<70:58:44,  1.55it/s]  1%|          | 3124/400000 [45:48<72:52:48,  1.51it/s]  1%|          | 3125/400000 [45:48<74:07:44,  1.49it/s]  1%|          | 3126/400000 [45:49<73:02:04,  1.51it/s]  1%|          | 3127/400000 [45:50<72:21:42,  1.52it/s]  1%|          | 3128/400000 [45:50<72:23:36,  1.52it/s]  1%|          | 3129/400000 [45:51<71:06:14,  1.55it/s]  1%|          | 3130/400000 [45:52<71:39:15,  1.54it/s]                                                          1%|          | 3130/400000 [45:52<71:39:15,  1.54it/s]  1%|          | 3131/400000 [45:52<72:33:24,  1.52it/s]  1%|          | 3132/400000 [45:53<74:34:31,  1.48it/s]  1%|          | 3133/400000 [45:54<73:42:23,  1.50it/s]  1%|          | 3134/400000 [45:54<73:38:46,  1.50it/s]  1%|          | 3135/400000 [45:55<73:01:59,  1.51it/s]  1%|          | 3136/400000 [45:56<77:55:31,  1.41it/s]  1%|          | 3137/400000 [45:57<84:35:52,  1.30it/s]  1%|          | 3138/400000 [45:57<85:07:08,  1.30it/s]  1%|          | 3139/400000 [45:58<82:41:39,  1.33it/s]  1%|          | 3140/400000 [45:59<80:01:10,  1.38it/s]                                                          1%|          | 3140/400000 [45:59<80:01:10,  1.38it/s]  1%|          | 3141/400000 [46:00<78:37:43,  1.40it/s]  1%|          | 3142/400000 [46:00<77:40:43,  1.42it/s]  1%|          | 3143/400000 [46:01<75:44:56,  1.46it/s]  1%|          | 3144/400000 [46:01<74:37:33,  1.48it/s]  1%|          | 3145/400000 [46:02<74:00:57,  1.49it/s]  1%|          | 3146/400000 [46:03<74:38:46,  1.48it/s]  1%|          | 3147/400000 [46:03<73:42:45,  1.50it/s]  1%|          | 3148/400000 [46:04<72:27:14,  1.52it/s]  1%|          | 3149/400000 [46:05<72:09:56,  1.53it/s]  1%|          | 3150/400000 [46:05<74:02:13,  1.49it/s]                                                          1%|          | 3150/400000 [46:05<74:02:13,  1.49it/s]  1%|          | 3151/400000 [46:06<76:42:47,  1.44it/s]  1%|          | 3152/400000 [46:07<75:39:33,  1.46it/s]  1%|          | 3153/400000 [46:08<74:56:11,  1.47it/s]  1%|          | 3154/400000 [46:08<74:39:23,  1.48it/s]  1%|          | 3155/400000 [46:09<76:01:15,  1.45it/s]  1%|          | 3156/400000 [46:10<75:49:23,  1.45it/s]  1%|          | 3157/400000 [46:10<74:45:58,  1.47it/s]  1%|          | 3158/400000 [46:11<74:29:02,  1.48it/s]  1%|          | 3159/400000 [46:12<73:35:40,  1.50it/s]  1%|          | 3160/400000 [46:12<74:58:19,  1.47it/s]                                                          1%|          | 3160/400000 [46:12<74:58:19,  1.47it/s]  1%|          | 3161/400000 [46:13<73:48:28,  1.49it/s]  1%|          | 3162/400000 [46:14<73:41:23,  1.50it/s]  1%|          | 3163/400000 [46:14<72:55:55,  1.51it/s]  1%|          | 3164/400000 [46:15<71:58:55,  1.53it/s]  1%|          | 3165/400000 [46:16<74:44:44,  1.47it/s]  1%|          | 3166/400000 [46:16<76:33:37,  1.44it/s]  1%|          | 3167/400000 [46:17<77:35:56,  1.42it/s]  1%|          | 3168/400000 [46:18<76:24:51,  1.44it/s]  1%|          | 3169/400000 [46:18<74:50:23,  1.47it/s]  1%|          | 3170/400000 [46:19<73:33:14,  1.50it/s]                                                          1%|          | 3170/400000 [46:19<73:33:14,  1.50it/s]  1%|          | 3171/400000 [46:20<72:27:42,  1.52it/s]  1%|          | 3172/400000 [46:20<73:53:04,  1.49it/s]  1%|          | 3173/400000 [46:21<73:55:21,  1.49it/s]  1%|          | 3174/400000 [46:22<82:18:06,  1.34it/s]  1%|          | 3175/400000 [46:23<83:27:03,  1.32it/s]  1%|          | 3176/400000 [46:23<82:10:51,  1.34it/s]  1%|          | 3177/400000 [46:24<78:46:26,  1.40it/s]  1%|          | 3178/400000 [46:25<76:31:35,  1.44it/s]  1%|          | 3179/400000 [46:25<74:39:39,  1.48it/s]  1%|          | 3180/400000 [46:26<73:03:51,  1.51it/s]                                                          1%|          | 3180/400000 [46:26<73:03:51,  1.51it/s]  1%|          | 3181/400000 [46:27<73:42:55,  1.50it/s]  1%|          | 3182/400000 [46:27<72:35:11,  1.52it/s]  1%|          | 3183/400000 [46:28<71:34:26,  1.54it/s]  1%|          | 3184/400000 [46:29<71:18:05,  1.55it/s]  1%|          | 3185/400000 [46:29<77:13:35,  1.43it/s]  1%|          | 3186/400000 [46:30<79:11:28,  1.39it/s]  1%|          | 3187/400000 [46:31<78:50:29,  1.40it/s]  1%|          | 3188/400000 [46:32<79:56:03,  1.38it/s]  1%|          | 3189/400000 [46:32<78:13:03,  1.41it/s]  1%|          | 3190/400000 [46:33<76:21:00,  1.44it/s]                                                          1%|          | 3190/400000 [46:33<76:21:00,  1.44it/s]  1%|          | 3191/400000 [46:34<76:38:02,  1.44it/s]  1%|          | 3192/400000 [46:34<74:57:27,  1.47it/s]  1%|          | 3193/400000 [46:35<73:48:07,  1.49it/s]  1%|          | 3194/400000 [46:36<73:07:44,  1.51it/s]  1%|          | 3195/400000 [46:36<74:53:47,  1.47it/s]  1%|          | 3196/400000 [46:37<78:14:36,  1.41it/s]  1%|          | 3197/400000 [46:38<78:40:44,  1.40it/s]  1%|          | 3198/400000 [46:39<79:18:31,  1.39it/s]  1%|          | 3199/400000 [46:39<76:50:20,  1.43it/s]  1%|          | 3200/400000 [46:40<74:30:27,  1.48it/s]                                                          1%|          | 3200/400000 [46:40<74:30:27,  1.48it/s]  1%|          | 3201/400000 [46:41<76:40:14,  1.44it/s]  1%|          | 3202/400000 [46:41<74:30:29,  1.48it/s]  1%|          | 3203/400000 [46:42<73:00:39,  1.51it/s]  1%|          | 3204/400000 [46:43<73:35:07,  1.50it/s]  1%|          | 3205/400000 [46:43<80:34:10,  1.37it/s]  1%|          | 3206/400000 [46:44<86:16:57,  1.28it/s]  1%|          | 3207/400000 [46:45<88:41:57,  1.24it/s]  1%|          | 3208/400000 [46:46<87:38:28,  1.26it/s]  1%|          | 3209/400000 [46:47<83:55:42,  1.31it/s]  1%|          | 3210/400000 [46:47<80:36:27,  1.37it/s]                                                          1%|          | 3210/400000 [46:47<80:36:27,  1.37it/s]  1%|          | 3211/400000 [46:48<78:23:25,  1.41it/s]  1%|          | 3212/400000 [46:49<77:19:38,  1.43it/s]  1%|          | 3213/400000 [46:49<73:49:34,  1.49it/s]  1%|          | 3214/400000 [46:50<71:34:46,  1.54it/s]  1%|          | 3215/400000 [46:50<71:03:33,  1.55it/s]  1%|          | 3216/400000 [46:52<84:02:58,  1.31it/s]  1%|          | 3217/400000 [46:52<88:46:13,  1.24it/s]  1%|          | 3218/400000 [46:53<87:03:47,  1.27it/s]  1%|          | 3219/400000 [46:54<83:02:35,  1.33it/s]  1%|          | 3220/400000 [46:54<78:08:03,  1.41it/s]                                                          1%|          | 3220/400000 [46:54<78:08:03,  1.41it/s]  1%|          | 3221/400000 [46:55<75:48:58,  1.45it/s]  1%|          | 3222/400000 [46:56<74:35:35,  1.48it/s]  1%|          | 3223/400000 [46:56<71:57:45,  1.53it/s]  1%|          | 3224/400000 [46:57<70:24:53,  1.57it/s]  1%|          | 3225/400000 [46:58<71:28:42,  1.54it/s]  1%|          | 3226/400000 [46:58<73:13:06,  1.51it/s]  1%|          | 3227/400000 [46:59<72:54:22,  1.51it/s]  1%|          | 3228/400000 [47:00<80:08:02,  1.38it/s]  1%|          | 3229/400000 [47:01<83:57:36,  1.31it/s]  1%|          | 3230/400000 [47:01<83:46:11,  1.32it/s]                                                          1%|          | 3230/400000 [47:01<83:46:11,  1.32it/s]  1%|          | 3231/400000 [47:02<82:07:36,  1.34it/s]  1%|          | 3232/400000 [47:03<79:44:05,  1.38it/s]  1%|          | 3233/400000 [47:03<76:59:42,  1.43it/s]  1%|          | 3234/400000 [47:04<74:43:14,  1.47it/s]  1%|          | 3235/400000 [47:05<73:01:14,  1.51it/s]  1%|          | 3236/400000 [47:05<72:50:33,  1.51it/s]  1%|          | 3237/400000 [47:06<72:28:56,  1.52it/s]  1%|          | 3238/400000 [47:07<72:17:00,  1.52it/s]  1%|          | 3239/400000 [47:08<80:24:43,  1.37it/s]  1%|          | 3240/400000 [47:08<85:40:13,  1.29it/s]                                                          1%|          | 3240/400000 [47:08<85:40:13,  1.29it/s]  1%|          | 3241/400000 [47:09<84:46:19,  1.30it/s]  1%|          | 3242/400000 [47:10<82:53:30,  1.33it/s]  1%|          | 3243/400000 [47:11<80:35:44,  1.37it/s]  1%|          | 3244/400000 [47:11<78:13:28,  1.41it/s]  1%|          | 3245/400000 [47:12<76:02:42,  1.45it/s]  1%|          | 3246/400000 [47:13<76:27:43,  1.44it/s]  1%|          | 3247/400000 [47:13<77:47:43,  1.42it/s]  1%|          | 3248/400000 [47:14<77:07:55,  1.43it/s]  1%|          | 3249/400000 [47:15<75:44:53,  1.45it/s]  1%|          | 3250/400000 [47:15<75:16:15,  1.46it/s]                                                          1%|          | 3250/400000 [47:15<75:16:15,  1.46it/s]  1%|          | 3251/400000 [47:16<74:33:04,  1.48it/s]  1%|          | 3252/400000 [47:17<72:50:23,  1.51it/s]  1%|          | 3253/400000 [47:17<71:59:38,  1.53it/s]  1%|          | 3254/400000 [47:18<71:17:08,  1.55it/s]  1%|          | 3255/400000 [47:19<70:30:31,  1.56it/s]  1%|          | 3256/400000 [47:19<69:06:24,  1.59it/s]  1%|          | 3257/400000 [47:20<69:45:30,  1.58it/s]  1%|          | 3258/400000 [47:20<70:10:59,  1.57it/s]  1%|          | 3259/400000 [47:21<82:16:58,  1.34it/s]  1%|          | 3260/400000 [47:22<86:54:08,  1.27it/s]                                                          1%|          | 3260/400000 [47:22<86:54:08,  1.27it/s]  1%|          | 3261/400000 [47:23<91:27:49,  1.20it/s]  1%|          | 3262/400000 [47:24<88:38:39,  1.24it/s]  1%|          | 3263/400000 [47:25<85:00:41,  1.30it/s]  1%|          | 3264/400000 [47:25<79:26:19,  1.39it/s]  1%|          | 3265/400000 [47:26<76:03:47,  1.45it/s]  1%|          | 3266/400000 [47:27<74:46:00,  1.47it/s]  1%|          | 3267/400000 [47:27<74:49:34,  1.47it/s]  1%|          | 3268/400000 [47:28<75:58:56,  1.45it/s]  1%|          | 3269/400000 [47:29<77:17:19,  1.43it/s]  1%|          | 3270/400000 [47:29<75:40:24,  1.46it/s]                                                          1%|          | 3270/400000 [47:29<75:40:24,  1.46it/s]  1%|          | 3271/400000 [47:30<76:11:34,  1.45it/s]  1%|          | 3272/400000 [47:31<76:03:03,  1.45it/s]  1%|          | 3273/400000 [47:31<75:31:46,  1.46it/s]  1%|          | 3274/400000 [47:32<74:43:26,  1.47it/s]  1%|          | 3275/400000 [47:33<73:53:58,  1.49it/s]  1%|          | 3276/400000 [47:34<81:42:42,  1.35it/s]  1%|          | 3277/400000 [47:34<81:04:23,  1.36it/s]  1%|          | 3278/400000 [47:35<78:10:55,  1.41it/s]  1%|          | 3279/400000 [47:36<76:17:38,  1.44it/s]  1%|          | 3280/400000 [47:36<74:23:43,  1.48it/s]                                                          1%|          | 3280/400000 [47:36<74:23:43,  1.48it/s]  1%|          | 3281/400000 [47:37<77:36:58,  1.42it/s]  1%|          | 3282/400000 [47:38<75:03:06,  1.47it/s]  1%|          | 3283/400000 [47:38<74:22:04,  1.48it/s]  1%|          | 3284/400000 [47:39<74:27:41,  1.48it/s]  1%|          | 3285/400000 [47:40<75:53:45,  1.45it/s]  1%|          | 3286/400000 [47:40<76:43:29,  1.44it/s]  1%|          | 3287/400000 [47:41<74:34:58,  1.48it/s]  1%|          | 3288/400000 [47:42<73:14:32,  1.50it/s]  1%|          | 3289/400000 [47:43<80:40:39,  1.37it/s]  1%|          | 3290/400000 [47:43<82:30:31,  1.34it/s]                                                          1%|          | 3290/400000 [47:43<82:30:31,  1.34it/s]  1%|          | 3291/400000 [47:44<80:51:29,  1.36it/s]  1%|          | 3292/400000 [47:45<78:48:32,  1.40it/s]  1%|          | 3293/400000 [47:45<76:23:30,  1.44it/s]  1%|          | 3294/400000 [47:46<74:17:26,  1.48it/s]  1%|          | 3295/400000 [47:47<74:06:50,  1.49it/s]  1%|          | 3296/400000 [47:47<72:29:54,  1.52it/s]  1%|          | 3297/400000 [47:48<70:56:43,  1.55it/s]  1%|          | 3298/400000 [47:49<76:30:00,  1.44it/s]  1%|          | 3299/400000 [47:49<76:27:48,  1.44it/s]  1%|          | 3300/400000 [47:50<74:56:04,  1.47it/s]                                                          1%|          | 3300/400000 [47:50<74:56:04,  1.47it/s]  1%|          | 3301/400000 [47:51<75:06:27,  1.47it/s]  1%|          | 3302/400000 [47:51<74:02:24,  1.49it/s]  1%|          | 3303/400000 [47:52<72:45:16,  1.51it/s]  1%|          | 3304/400000 [47:53<74:14:17,  1.48it/s]  1%|          | 3305/400000 [47:53<75:46:31,  1.45it/s]  1%|          | 3306/400000 [47:54<75:02:33,  1.47it/s]  1%|          | 3307/400000 [47:55<74:08:07,  1.49it/s]  1%|          | 3308/400000 [47:55<73:41:15,  1.50it/s]  1%|          | 3309/400000 [47:56<73:52:17,  1.49it/s]  1%|          | 3310/400000 [47:57<74:22:01,  1.48it/s]                                                          1%|          | 3310/400000 [47:57<74:22:01,  1.48it/s]  1%|          | 3311/400000 [47:58<74:15:35,  1.48it/s]  1%|          | 3312/400000 [47:58<73:15:43,  1.50it/s]  1%|          | 3313/400000 [47:59<72:14:55,  1.53it/s]  1%|          | 3314/400000 [47:59<71:24:56,  1.54it/s]  1%|          | 3315/400000 [48:00<71:30:07,  1.54it/s]  1%|          | 3316/400000 [48:01<71:05:01,  1.55it/s]  1%|          | 3317/400000 [48:01<71:43:45,  1.54it/s]  1%|          | 3318/400000 [48:02<84:51:15,  1.30it/s]  1%|          | 3319/400000 [48:03<90:53:10,  1.21it/s]  1%|          | 3320/400000 [48:04<89:10:46,  1.24it/s]                                                          1%|          | 3320/400000 [48:04<89:10:46,  1.24it/s]  1%|          | 3321/400000 [48:05<84:12:06,  1.31it/s]  1%|          | 3322/400000 [48:05<81:11:13,  1.36it/s]  1%|          | 3323/400000 [48:06<78:12:37,  1.41it/s]  1%|          | 3324/400000 [48:07<74:54:30,  1.47it/s]  1%|          | 3325/400000 [48:07<72:36:56,  1.52it/s]  1%|          | 3326/400000 [48:08<71:59:10,  1.53it/s]  1%|          | 3327/400000 [48:09<71:40:25,  1.54it/s]  1%|          | 3328/400000 [48:09<70:47:15,  1.56it/s]  1%|          | 3329/400000 [48:10<70:10:08,  1.57it/s]  1%|          | 3330/400000 [48:11<70:55:38,  1.55it/s]                                                          1%|          | 3330/400000 [48:11<70:55:38,  1.55it/s]  1%|          | 3331/400000 [48:11<70:56:18,  1.55it/s]  1%|          | 3332/400000 [48:12<70:53:39,  1.55it/s]  1%|          | 3333/400000 [48:13<77:59:58,  1.41it/s]  1%|          | 3334/400000 [48:14<88:38:13,  1.24it/s]  1%|          | 3335/400000 [48:15<91:09:33,  1.21it/s]  1%|          | 3336/400000 [48:15<87:07:51,  1.26it/s]  1%|          | 3337/400000 [48:16<84:44:54,  1.30it/s]  1%|          | 3338/400000 [48:17<80:46:49,  1.36it/s]  1%|          | 3339/400000 [48:17<78:40:49,  1.40it/s]  1%|          | 3340/400000 [48:18<74:43:59,  1.47it/s]                                                          1%|          | 3340/400000 [48:18<74:43:59,  1.47it/s]  1%|          | 3341/400000 [48:19<72:40:11,  1.52it/s]  1%|          | 3342/400000 [48:19<78:06:08,  1.41it/s]  1%|          | 3343/400000 [48:20<81:18:32,  1.36it/s]  1%|          | 3344/400000 [48:21<79:56:17,  1.38it/s]  1%|          | 3345/400000 [48:21<76:08:09,  1.45it/s]  1%|          | 3346/400000 [48:22<73:55:59,  1.49it/s]  1%|          | 3347/400000 [48:23<72:46:46,  1.51it/s]  1%|          | 3348/400000 [48:23<71:30:40,  1.54it/s]  1%|          | 3349/400000 [48:24<73:06:20,  1.51it/s]  1%|          | 3350/400000 [48:25<74:04:11,  1.49it/s]                                                          1%|          | 3350/400000 [48:25<74:04:11,  1.49it/s]  1%|          | 3351/400000 [48:25<73:17:15,  1.50it/s]  1%|          | 3352/400000 [48:26<75:02:04,  1.47it/s]  1%|          | 3353/400000 [48:27<75:36:46,  1.46it/s]  1%|          | 3354/400000 [48:27<75:42:45,  1.46it/s]  1%|          | 3355/400000 [48:28<75:11:11,  1.47it/s]  1%|          | 3356/400000 [48:29<83:41:15,  1.32it/s]  1%|          | 3357/400000 [48:30<82:55:16,  1.33it/s]  1%|          | 3358/400000 [48:31<81:43:57,  1.35it/s]  1%|          | 3359/400000 [48:31<79:09:41,  1.39it/s]  1%|          | 3360/400000 [48:32<78:11:01,  1.41it/s]                                                          1%|          | 3360/400000 [48:32<78:11:01,  1.41it/s]  1%|          | 3361/400000 [48:33<75:39:37,  1.46it/s]  1%|          | 3362/400000 [48:33<74:03:20,  1.49it/s]  1%|          | 3363/400000 [48:34<73:23:07,  1.50it/s]  1%|          | 3364/400000 [48:35<76:29:48,  1.44it/s]  1%|          | 3365/400000 [48:35<74:25:15,  1.48it/s]  1%|          | 3366/400000 [48:36<73:17:15,  1.50it/s]  1%|          | 3367/400000 [48:37<72:44:03,  1.51it/s]  1%|          | 3368/400000 [48:37<71:20:03,  1.54it/s]  1%|          | 3369/400000 [48:38<73:33:59,  1.50it/s]  1%|          | 3370/400000 [48:39<73:45:59,  1.49it/s]                                                          1%|          | 3370/400000 [48:39<73:45:59,  1.49it/s]  1%|          | 3371/400000 [48:39<74:54:19,  1.47it/s]  1%|          | 3372/400000 [48:40<79:01:55,  1.39it/s]  1%|          | 3373/400000 [48:41<77:31:53,  1.42it/s]  1%|          | 3374/400000 [48:41<76:19:49,  1.44it/s]  1%|          | 3375/400000 [48:42<75:02:49,  1.47it/s]  1%|          | 3376/400000 [48:43<73:00:44,  1.51it/s]  1%|          | 3377/400000 [48:44<85:37:18,  1.29it/s]  1%|          | 3378/400000 [48:45<87:30:37,  1.26it/s]  1%|          | 3379/400000 [48:45<86:18:09,  1.28it/s]  1%|          | 3380/400000 [48:46<82:03:55,  1.34it/s]                                                          1%|          | 3380/400000 [48:46<82:03:55,  1.34it/s]  1%|          | 3381/400000 [48:47<79:20:48,  1.39it/s]  1%|          | 3382/400000 [48:47<76:03:39,  1.45it/s]  1%|          | 3383/400000 [48:48<73:53:32,  1.49it/s]  1%|          | 3384/400000 [48:48<72:50:16,  1.51it/s]  1%|          | 3385/400000 [48:49<71:49:30,  1.53it/s]  1%|          | 3386/400000 [48:50<76:39:43,  1.44it/s]  1%|          | 3387/400000 [48:51<87:26:54,  1.26it/s]  1%|          | 3388/400000 [48:52<89:47:13,  1.23it/s]  1%|          | 3389/400000 [48:53<87:31:45,  1.26it/s]  1%|          | 3390/400000 [48:53<83:53:30,  1.31it/s]                                                          1%|          | 3390/400000 [48:53<83:53:30,  1.31it/s]  1%|          | 3391/400000 [48:54<79:27:22,  1.39it/s]  1%|          | 3392/400000 [48:55<77:56:48,  1.41it/s]  1%|          | 3393/400000 [48:55<75:27:24,  1.46it/s]  1%|          | 3394/400000 [48:56<72:49:40,  1.51it/s]  1%|          | 3395/400000 [48:57<75:19:47,  1.46it/s]  1%|          | 3396/400000 [48:57<80:09:30,  1.37it/s]  1%|          | 3397/400000 [48:58<82:07:25,  1.34it/s]  1%|          | 3398/400000 [48:59<78:54:29,  1.40it/s]  1%|          | 3399/400000 [48:59<76:24:13,  1.44it/s]  1%|          | 3400/400000 [49:00<74:55:57,  1.47it/s]                                                          1%|          | 3400/400000 [49:00<74:55:57,  1.47it/s]  1%|          | 3401/400000 [49:01<73:46:31,  1.49it/s]  1%|          | 3402/400000 [49:01<72:39:34,  1.52it/s]  1%|          | 3403/400000 [49:02<72:37:44,  1.52it/s]  1%|          | 3404/400000 [49:03<83:38:45,  1.32it/s]  1%|          | 3405/400000 [49:04<87:35:19,  1.26it/s]  1%|          | 3406/400000 [49:05<84:50:06,  1.30it/s]  1%|          | 3407/400000 [49:05<82:49:00,  1.33it/s]  1%|          | 3408/400000 [49:06<79:09:10,  1.39it/s]  1%|          | 3409/400000 [49:07<75:24:01,  1.46it/s]  1%|          | 3410/400000 [49:07<72:49:01,  1.51it/s]                                                          1%|          | 3410/400000 [49:07<72:49:01,  1.51it/s]  1%|          | 3411/400000 [49:08<71:25:36,  1.54it/s]  1%|          | 3412/400000 [49:08<70:17:18,  1.57it/s]  1%|          | 3413/400000 [49:09<74:07:30,  1.49it/s]  1%|          | 3414/400000 [49:10<74:17:28,  1.48it/s]  1%|          | 3415/400000 [49:10<73:41:39,  1.49it/s]  1%|          | 3416/400000 [49:11<72:06:33,  1.53it/s]  1%|          | 3417/400000 [49:12<72:41:56,  1.52it/s]  1%|          | 3418/400000 [49:12<72:06:15,  1.53it/s]  1%|          | 3419/400000 [49:13<71:30:29,  1.54it/s]  1%|          | 3420/400000 [49:14<79:34:46,  1.38it/s]                                                          1%|          | 3420/400000 [49:14<79:34:46,  1.38it/s]  1%|          | 3421/400000 [49:15<84:51:50,  1.30it/s]  1%|          | 3422/400000 [49:16<86:21:49,  1.28it/s]  1%|          | 3423/400000 [49:16<83:19:05,  1.32it/s]  1%|          | 3424/400000 [49:17<80:50:41,  1.36it/s]  1%|          | 3425/400000 [49:18<78:35:40,  1.40it/s]  1%|          | 3426/400000 [49:18<77:51:30,  1.41it/s]  1%|          | 3427/400000 [49:19<75:22:39,  1.46it/s]  1%|          | 3428/400000 [49:20<72:38:27,  1.52it/s]  1%|          | 3429/400000 [49:20<72:53:48,  1.51it/s]  1%|          | 3430/400000 [49:21<71:02:41,  1.55it/s]                                                          1%|          | 3430/400000 [49:21<71:02:41,  1.55it/s]  1%|          | 3431/400000 [49:22<78:21:06,  1.41it/s]  1%|          | 3432/400000 [49:23<80:31:34,  1.37it/s]  1%|          | 3433/400000 [49:23<80:04:30,  1.38it/s]  1%|          | 3434/400000 [49:24<78:48:28,  1.40it/s]  1%|          | 3435/400000 [49:25<77:41:04,  1.42it/s]  1%|          | 3436/400000 [49:25<75:48:52,  1.45it/s]  1%|          | 3437/400000 [49:26<71:11:11,  1.55it/s]  1%|          | 3438/400000 [49:26<68:13:41,  1.61it/s]  1%|          | 3439/400000 [49:27<68:59:31,  1.60it/s]  1%|          | 3440/400000 [49:28<70:49:25,  1.56it/s]                                                          1%|          | 3440/400000 [49:28<70:49:25,  1.56it/s]  1%|          | 3441/400000 [49:28<71:46:49,  1.53it/s]  1%|          | 3442/400000 [49:29<72:18:58,  1.52it/s]  1%|          | 3443/400000 [49:30<79:15:11,  1.39it/s]  1%|          | 3444/400000 [49:31<80:23:54,  1.37it/s]  1%|          | 3445/400000 [49:31<79:58:42,  1.38it/s]  1%|          | 3446/400000 [49:32<79:22:29,  1.39it/s]  1%|          | 3447/400000 [49:33<77:52:52,  1.41it/s]  1%|          | 3448/400000 [49:33<76:11:46,  1.45it/s]  1%|          | 3449/400000 [49:34<74:27:53,  1.48it/s]  1%|          | 3450/400000 [49:35<73:57:30,  1.49it/s]                                                          1%|          | 3450/400000 [49:35<73:57:30,  1.49it/s]  1%|          | 3451/400000 [49:35<74:45:39,  1.47it/s]  1%|          | 3452/400000 [49:36<79:27:59,  1.39it/s]  1%|          | 3453/400000 [49:37<80:59:12,  1.36it/s]  1%|          | 3454/400000 [49:38<80:22:03,  1.37it/s]  1%|          | 3455/400000 [49:38<77:39:40,  1.42it/s]  1%|          | 3456/400000 [49:39<76:13:53,  1.44it/s]  1%|          | 3457/400000 [49:40<75:42:37,  1.45it/s]  1%|          | 3458/400000 [49:40<73:54:12,  1.49it/s]  1%|          | 3459/400000 [49:41<79:32:00,  1.38it/s]  1%|          | 3460/400000 [49:42<81:24:23,  1.35it/s]                                                          1%|          | 3460/400000 [49:42<81:24:23,  1.35it/s]  1%|          | 3461/400000 [49:43<80:19:59,  1.37it/s]  1%|          | 3462/400000 [49:43<78:37:50,  1.40it/s]  1%|          | 3463/400000 [49:44<77:11:55,  1.43it/s]  1%|          | 3464/400000 [49:45<75:15:32,  1.46it/s]  1%|          | 3465/400000 [49:45<74:09:50,  1.49it/s]  1%|          | 3466/400000 [49:46<74:50:35,  1.47it/s]  1%|          | 3467/400000 [49:47<79:45:10,  1.38it/s]  1%|          | 3468/400000 [49:48<79:13:12,  1.39it/s]  1%|          | 3469/400000 [49:48<78:11:13,  1.41it/s]  1%|          | 3470/400000 [49:49<76:15:00,  1.44it/s]                                                          1%|          | 3470/400000 [49:49<76:15:00,  1.44it/s]  1%|          | 3471/400000 [49:49<73:51:03,  1.49it/s]  1%|          | 3472/400000 [49:50<72:20:39,  1.52it/s]  1%|          | 3473/400000 [49:51<72:06:16,  1.53it/s]  1%|          | 3474/400000 [49:51<72:34:26,  1.52it/s]  1%|          | 3475/400000 [49:52<72:27:58,  1.52it/s]  1%|          | 3476/400000 [49:53<75:57:44,  1.45it/s]  1%|          | 3477/400000 [49:54<80:33:25,  1.37it/s]  1%|          | 3478/400000 [49:54<79:37:30,  1.38it/s]  1%|          | 3479/400000 [49:55<78:10:28,  1.41it/s]  1%|          | 3480/400000 [49:56<76:13:37,  1.44it/s]                                                          1%|          | 3480/400000 [49:56<76:13:37,  1.44it/s]  1%|          | 3481/400000 [49:56<74:57:56,  1.47it/s]  1%|          | 3482/400000 [49:57<76:43:10,  1.44it/s]  1%|          | 3483/400000 [49:58<76:46:02,  1.43it/s]  1%|          | 3484/400000 [49:58<75:41:12,  1.46it/s]  1%|          | 3485/400000 [49:59<72:53:29,  1.51it/s]  1%|          | 3486/400000 [50:00<78:35:28,  1.40it/s]  1%|          | 3487/400000 [50:01<81:31:35,  1.35it/s]  1%|          | 3488/400000 [50:01<80:14:11,  1.37it/s]  1%|          | 3489/400000 [50:02<77:24:40,  1.42it/s]  1%|          | 3490/400000 [50:03<76:36:27,  1.44it/s]                                                          1%|          | 3490/400000 [50:03<76:36:27,  1.44it/s]  1%|          | 3491/400000 [50:03<74:47:48,  1.47it/s]  1%|          | 3492/400000 [50:04<73:14:13,  1.50it/s]  1%|          | 3493/400000 [50:05<72:30:54,  1.52it/s]  1%|          | 3494/400000 [50:05<71:58:36,  1.53it/s]  1%|          | 3495/400000 [50:06<70:52:20,  1.55it/s]  1%|          | 3496/400000 [50:07<71:26:21,  1.54it/s]  1%|          | 3497/400000 [50:08<83:31:18,  1.32it/s]  1%|          | 3498/400000 [50:08<84:33:30,  1.30it/s]  1%|          | 3499/400000 [50:09<84:19:15,  1.31it/s]  1%|          | 3500/400000 [50:10<82:30:49,  1.33it/s]                                                          1%|          | 3500/400000 [50:10<82:30:49,  1.33it/s]  1%|          | 3501/400000 [50:10<78:15:39,  1.41it/s]  1%|          | 3502/400000 [50:11<75:23:34,  1.46it/s]  1%|          | 3503/400000 [50:12<74:13:28,  1.48it/s]  1%|          | 3504/400000 [50:12<73:07:47,  1.51it/s]  1%|          | 3505/400000 [50:13<72:39:11,  1.52it/s]  1%|          | 3506/400000 [50:14<72:24:25,  1.52it/s]  1%|          | 3507/400000 [50:14<72:17:59,  1.52it/s]  1%|          | 3508/400000 [50:15<71:38:48,  1.54it/s]  1%|          | 3509/400000 [50:16<75:23:26,  1.46it/s]  1%|          | 3510/400000 [50:17<87:59:05,  1.25it/s]                                                          1%|          | 3510/400000 [50:17<87:59:05,  1.25it/s]  1%|          | 3511/400000 [50:18<93:59:13,  1.17it/s]  1%|          | 3512/400000 [50:19<91:36:13,  1.20it/s]  1%|          | 3513/400000 [50:19<87:52:36,  1.25it/s]  1%|          | 3514/400000 [50:20<81:44:26,  1.35it/s]  1%|          | 3515/400000 [50:21<78:32:00,  1.40it/s]  1%|          | 3516/400000 [50:21<75:14:53,  1.46it/s]  1%|          | 3517/400000 [50:22<73:29:37,  1.50it/s]  1%|          | 3518/400000 [50:22<71:02:15,  1.55it/s]  1%|          | 3519/400000 [50:23<79:07:56,  1.39it/s]  1%|          | 3520/400000 [50:24<84:09:56,  1.31it/s]                                                          1%|          | 3520/400000 [50:24<84:09:56,  1.31it/s]  1%|          | 3521/400000 [50:25<83:27:15,  1.32it/s]  1%|          | 3522/400000 [50:25<76:24:47,  1.44it/s]  1%|          | 3523/400000 [50:26<74:47:52,  1.47it/s]  1%|          | 3524/400000 [50:27<73:47:15,  1.49it/s]  1%|          | 3525/400000 [50:27<73:07:24,  1.51it/s]  1%|          | 3526/400000 [50:28<72:13:58,  1.52it/s]  1%|          | 3527/400000 [50:29<80:52:33,  1.36it/s]  1%|          | 3528/400000 [50:30<84:20:23,  1.31it/s]  1%|          | 3529/400000 [50:30<81:36:08,  1.35it/s]  1%|          | 3530/400000 [50:31<78:00:23,  1.41it/s]                                                          1%|          | 3530/400000 [50:31<78:00:23,  1.41it/s]  1%|          | 3531/400000 [50:32<78:19:57,  1.41it/s]  1%|          | 3532/400000 [50:32<78:17:23,  1.41it/s]  1%|          | 3533/400000 [50:33<75:14:58,  1.46it/s]  1%|          | 3534/400000 [50:34<73:52:08,  1.49it/s]  1%|          | 3535/400000 [50:34<72:10:14,  1.53it/s]  1%|          | 3536/400000 [50:35<71:26:46,  1.54it/s]  1%|          | 3537/400000 [50:36<80:28:48,  1.37it/s]  1%|          | 3538/400000 [50:37<80:36:21,  1.37it/s]  1%|          | 3539/400000 [50:37<82:46:09,  1.33it/s]  1%|          | 3540/400000 [50:38<80:34:26,  1.37it/s]                                                          1%|          | 3540/400000 [50:38<80:34:26,  1.37it/s]  1%|          | 3541/400000 [50:39<79:40:15,  1.38it/s]  1%|          | 3542/400000 [50:40<78:52:05,  1.40it/s]  1%|          | 3543/400000 [50:40<76:33:52,  1.44it/s]  1%|          | 3544/400000 [50:41<75:43:50,  1.45it/s]  1%|          | 3545/400000 [50:41<73:52:27,  1.49it/s]  1%|          | 3546/400000 [50:42<72:52:06,  1.51it/s]  1%|          | 3547/400000 [50:43<75:33:07,  1.46it/s]  1%|          | 3548/400000 [50:44<79:20:56,  1.39it/s]  1%|          | 3549/400000 [50:44<81:05:16,  1.36it/s]  1%|          | 3550/400000 [50:45<78:53:18,  1.40it/s]                                                          1%|          | 3550/400000 [50:45<78:53:18,  1.40it/s]  1%|          | 3551/400000 [50:46<76:44:29,  1.44it/s]  1%|          | 3552/400000 [50:46<75:10:43,  1.46it/s]  1%|          | 3553/400000 [50:47<73:21:48,  1.50it/s]  1%|          | 3554/400000 [50:48<72:00:38,  1.53it/s]  1%|          | 3555/400000 [50:48<72:42:17,  1.51it/s]  1%|          | 3556/400000 [50:49<80:51:50,  1.36it/s]  1%|          | 3557/400000 [50:50<85:03:53,  1.29it/s]  1%|          | 3558/400000 [50:51<83:58:24,  1.31it/s]  1%|          | 3559/400000 [50:52<82:26:06,  1.34it/s]  1%|          | 3560/400000 [50:52<80:40:17,  1.37it/s]                                                          1%|          | 3560/400000 [50:52<80:40:17,  1.37it/s]  1%|          | 3561/400000 [50:53<78:59:34,  1.39it/s]  1%|          | 3562/400000 [50:54<76:27:14,  1.44it/s]  1%|          | 3563/400000 [50:54<75:16:20,  1.46it/s]  1%|          | 3564/400000 [50:55<74:54:40,  1.47it/s]  1%|          | 3565/400000 [50:56<80:38:52,  1.37it/s]  1%|          | 3566/400000 [50:57<84:13:07,  1.31it/s]  1%|          | 3567/400000 [50:57<84:55:44,  1.30it/s]  1%|          | 3568/400000 [50:58<82:22:59,  1.34it/s]  1%|          | 3569/400000 [50:59<78:54:05,  1.40it/s]  1%|          | 3570/400000 [50:59<76:22:18,  1.44it/s]                                                          1%|          | 3570/400000 [50:59<76:22:18,  1.44it/s]  1%|          | 3571/400000 [51:00<74:37:56,  1.48it/s]  1%|          | 3572/400000 [51:01<72:57:30,  1.51it/s]  1%|          | 3573/400000 [51:01<71:07:59,  1.55it/s]  1%|          | 3574/400000 [51:02<71:06:36,  1.55it/s]  1%|          | 3575/400000 [51:03<71:12:24,  1.55it/s]  1%|          | 3576/400000 [51:03<72:14:09,  1.52it/s]  1%|          | 3577/400000 [51:04<72:30:02,  1.52it/s]  1%|          | 3578/400000 [51:05<74:40:31,  1.47it/s]  1%|          | 3579/400000 [51:06<84:17:07,  1.31it/s]  1%|          | 3580/400000 [51:07<93:29:16,  1.18it/s]                                                          1%|          | 3580/400000 [51:07<93:29:16,  1.18it/s]  1%|          | 3581/400000 [51:07<93:36:36,  1.18it/s]  1%|          | 3582/400000 [51:08<90:18:13,  1.22it/s]  1%|          | 3583/400000 [51:09<81:54:59,  1.34it/s]  1%|          | 3584/400000 [51:09<77:40:30,  1.42it/s]  1%|          | 3585/400000 [51:10<74:52:15,  1.47it/s]  1%|          | 3586/400000 [51:11<73:12:18,  1.50it/s]  1%|          | 3587/400000 [51:11<71:47:06,  1.53it/s]  1%|          | 3588/400000 [51:12<71:25:44,  1.54it/s]  1%|          | 3589/400000 [51:13<71:25:30,  1.54it/s]  1%|          | 3590/400000 [51:13<71:56:13,  1.53it/s]                                                          1%|          | 3590/400000 [51:13<71:56:13,  1.53it/s]  1%|          | 3591/400000 [51:14<71:43:30,  1.54it/s]  1%|          | 3592/400000 [51:15<71:44:49,  1.53it/s]  1%|          | 3593/400000 [51:15<71:55:03,  1.53it/s]  1%|          | 3594/400000 [51:16<73:01:25,  1.51it/s]  1%|          | 3595/400000 [51:17<75:42:14,  1.45it/s]  1%|          | 3596/400000 [51:17<76:06:54,  1.45it/s]  1%|          | 3597/400000 [51:18<75:19:25,  1.46it/s]  1%|          | 3598/400000 [51:19<72:14:37,  1.52it/s]  1%|          | 3599/400000 [51:19<78:16:57,  1.41it/s]  1%|          | 3600/400000 [51:20<79:09:19,  1.39it/s]                                                          1%|          | 3600/400000 [51:20<79:09:19,  1.39it/s]  1%|          | 3601/400000 [51:21<80:27:19,  1.37it/s]  1%|          | 3602/400000 [51:22<78:21:50,  1.41it/s]  1%|          | 3603/400000 [51:22<75:32:55,  1.46it/s]  1%|          | 3604/400000 [51:23<74:31:59,  1.48it/s]  1%|          | 3605/400000 [51:23<73:04:54,  1.51it/s]  1%|          | 3606/400000 [51:24<72:54:45,  1.51it/s]  1%|          | 3607/400000 [51:25<73:34:36,  1.50it/s]  1%|          | 3608/400000 [51:25<73:32:05,  1.50it/s]  1%|          | 3609/400000 [51:26<72:24:27,  1.52it/s]  1%|          | 3610/400000 [51:27<71:51:32,  1.53it/s]                                                          1%|          | 3610/400000 [51:27<71:51:32,  1.53it/s]  1%|          | 3611/400000 [51:27<72:08:47,  1.53it/s]  1%|          | 3612/400000 [51:28<77:59:47,  1.41it/s]  1%|          | 3613/400000 [51:29<78:33:25,  1.40it/s]  1%|          | 3614/400000 [51:30<78:46:08,  1.40it/s]  1%|          | 3615/400000 [51:30<77:34:00,  1.42it/s]  1%|          | 3616/400000 [51:31<75:45:08,  1.45it/s]  1%|          | 3617/400000 [51:32<74:59:00,  1.47it/s]  1%|          | 3618/400000 [51:32<73:57:44,  1.49it/s]  1%|          | 3619/400000 [51:33<80:11:33,  1.37it/s]  1%|          | 3620/400000 [51:34<80:33:53,  1.37it/s]                                                          1%|          | 3620/400000 [51:34<80:33:53,  1.37it/s]  1%|          | 3621/400000 [51:35<79:36:46,  1.38it/s]  1%|          | 3622/400000 [51:35<77:55:16,  1.41it/s]  1%|          | 3623/400000 [51:36<76:24:52,  1.44it/s]  1%|          | 3624/400000 [51:37<74:58:13,  1.47it/s]  1%|          | 3625/400000 [51:37<75:05:53,  1.47it/s]  1%|          | 3626/400000 [51:38<73:38:51,  1.50it/s]  1%|          | 3627/400000 [51:39<72:42:05,  1.51it/s]  1%|          | 3628/400000 [51:39<74:33:49,  1.48it/s]  1%|          | 3629/400000 [51:40<74:21:08,  1.48it/s]  1%|          | 3630/400000 [51:41<74:43:21,  1.47it/s]                                                          1%|          | 3630/400000 [51:41<74:43:21,  1.47it/s]  1%|          | 3631/400000 [51:41<75:43:33,  1.45it/s]  1%|          | 3632/400000 [51:42<76:24:02,  1.44it/s]  1%|          | 3633/400000 [51:43<75:43:17,  1.45it/s]  1%|          | 3634/400000 [51:43<76:10:54,  1.45it/s]  1%|          | 3635/400000 [51:44<74:55:28,  1.47it/s]  1%|          | 3636/400000 [51:45<75:15:45,  1.46it/s]  1%|          | 3637/400000 [51:46<75:20:34,  1.46it/s]  1%|          | 3638/400000 [51:46<77:24:26,  1.42it/s]  1%|          | 3639/400000 [51:47<81:02:46,  1.36it/s]  1%|          | 3640/400000 [51:48<80:10:17,  1.37it/s]                                                          1%|          | 3640/400000 [51:48<80:10:17,  1.37it/s]  1%|          | 3641/400000 [51:48<78:14:29,  1.41it/s]  1%|          | 3642/400000 [51:49<78:35:37,  1.40it/s]  1%|          | 3643/400000 [51:50<77:09:41,  1.43it/s]  1%|          | 3644/400000 [51:50<75:11:39,  1.46it/s]  1%|          | 3645/400000 [51:51<74:56:26,  1.47it/s]  1%|          | 3646/400000 [51:52<76:04:57,  1.45it/s]  1%|          | 3647/400000 [51:52<73:02:52,  1.51it/s]  1%|          | 3648/400000 [51:53<73:16:52,  1.50it/s]  1%|          | 3649/400000 [51:54<72:53:04,  1.51it/s]  1%|          | 3650/400000 [51:55<76:16:59,  1.44it/s]                                                          1%|          | 3650/400000 [51:55<76:16:59,  1.44it/s]  1%|          | 3651/400000 [51:55<80:17:54,  1.37it/s]  1%|          | 3652/400000 [51:56<82:24:57,  1.34it/s]  1%|          | 3653/400000 [51:57<84:11:46,  1.31it/s]  1%|          | 3654/400000 [51:58<83:38:29,  1.32it/s]  1%|          | 3655/400000 [51:58<80:58:04,  1.36it/s]  1%|          | 3656/400000 [51:59<78:56:14,  1.39it/s]  1%|          | 3657/400000 [52:00<77:57:37,  1.41it/s]  1%|          | 3658/400000 [52:01<81:19:46,  1.35it/s]  1%|          | 3659/400000 [52:01<81:08:21,  1.36it/s]  1%|          | 3660/400000 [52:02<78:27:30,  1.40it/s]                                                          1%|          | 3660/400000 [52:02<78:27:30,  1.40it/s]  1%|          | 3661/400000 [52:03<77:50:21,  1.41it/s]  1%|          | 3662/400000 [52:03<76:31:23,  1.44it/s]  1%|          | 3663/400000 [52:04<74:53:56,  1.47it/s]  1%|          | 3664/400000 [52:05<78:14:33,  1.41it/s]  1%|          | 3665/400000 [52:06<81:46:48,  1.35it/s]  1%|          | 3666/400000 [52:06<80:40:40,  1.36it/s]  1%|          | 3667/400000 [52:07<77:48:28,  1.41it/s]  1%|          | 3668/400000 [52:08<75:08:05,  1.47it/s]  1%|          | 3669/400000 [52:08<74:03:58,  1.49it/s]  1%|          | 3670/400000 [52:09<78:19:29,  1.41it/s]                                                          1%|          | 3670/400000 [52:09<78:19:29,  1.41it/s]  1%|          | 3671/400000 [52:10<79:59:49,  1.38it/s]  1%|          | 3672/400000 [52:10<77:43:40,  1.42it/s]  1%|          | 3673/400000 [52:11<75:31:17,  1.46it/s]  1%|          | 3674/400000 [52:12<75:12:49,  1.46it/s]  1%|          | 3675/400000 [52:12<74:21:10,  1.48it/s]  1%|          | 3676/400000 [52:13<81:29:05,  1.35it/s]  1%|          | 3677/400000 [52:14<83:22:24,  1.32it/s]  1%|          | 3678/400000 [52:15<81:26:20,  1.35it/s]  1%|          | 3679/400000 [52:15<79:07:59,  1.39it/s]  1%|          | 3680/400000 [52:16<77:05:48,  1.43it/s]                                                          1%|          | 3680/400000 [52:16<77:05:48,  1.43it/s]  1%|          | 3681/400000 [52:17<74:36:41,  1.48it/s]  1%|          | 3682/400000 [52:17<72:05:03,  1.53it/s]  1%|          | 3683/400000 [52:18<70:39:21,  1.56it/s]  1%|          | 3684/400000 [52:19<72:19:51,  1.52it/s]  1%|          | 3685/400000 [52:20<82:52:55,  1.33it/s]  1%|          | 3686/400000 [52:20<86:45:17,  1.27it/s]  1%|          | 3687/400000 [52:21<85:12:01,  1.29it/s]  1%|          | 3688/400000 [52:22<82:07:04,  1.34it/s]  1%|          | 3689/400000 [52:23<78:59:24,  1.39it/s]  1%|          | 3690/400000 [52:23<75:30:59,  1.46it/s]                                                          1%|          | 3690/400000 [52:23<75:30:59,  1.46it/s]  1%|          | 3691/400000 [52:24<74:48:06,  1.47it/s]  1%|          | 3692/400000 [52:24<72:46:10,  1.51it/s]  1%|          | 3693/400000 [52:25<72:07:54,  1.53it/s]  1%|          | 3694/400000 [52:26<71:18:51,  1.54it/s]  1%|          | 3695/400000 [52:26<71:29:24,  1.54it/s]  1%|          | 3696/400000 [52:27<72:10:34,  1.53it/s]  1%|          | 3697/400000 [52:28<83:26:21,  1.32it/s]  1%|          | 3698/400000 [52:29<87:36:34,  1.26it/s]  1%|          | 3699/400000 [52:30<89:39:44,  1.23it/s]  1%|          | 3700/400000 [52:31<87:02:14,  1.26it/s]                                                          1%|          | 3700/400000 [52:31<87:02:14,  1.26it/s]  1%|          | 3701/400000 [52:31<85:00:55,  1.29it/s]  1%|          | 3702/400000 [52:32<80:37:51,  1.37it/s]  1%|          | 3703/400000 [52:32<76:39:24,  1.44it/s]  1%|          | 3704/400000 [52:33<72:51:32,  1.51it/s]  1%|          | 3705/400000 [52:34<71:55:54,  1.53it/s]  1%|          | 3706/400000 [52:34<70:08:53,  1.57it/s]  1%|          | 3707/400000 [52:35<80:16:38,  1.37it/s]  1%|          | 3708/400000 [52:36<86:39:14,  1.27it/s]  1%|          | 3709/400000 [52:37<88:25:19,  1.24it/s]  1%|          | 3710/400000 [52:38<85:22:49,  1.29it/s]                                                          1%|          | 3710/400000 [52:38<85:22:49,  1.29it/s]  1%|          | 3711/400000 [52:38<81:54:26,  1.34it/s]  1%|          | 3712/400000 [52:39<78:39:49,  1.40it/s]  1%|          | 3713/400000 [52:40<77:22:45,  1.42it/s]  1%|          | 3714/400000 [52:40<74:42:24,  1.47it/s]  1%|          | 3715/400000 [52:41<73:39:31,  1.49it/s]  1%|          | 3716/400000 [52:42<73:21:51,  1.50it/s]  1%|          | 3717/400000 [52:42<71:47:52,  1.53it/s]  1%|          | 3718/400000 [52:43<79:31:12,  1.38it/s]  1%|          | 3719/400000 [52:44<83:29:29,  1.32it/s]  1%|          | 3720/400000 [52:45<82:17:43,  1.34it/s]                                                          1%|          | 3720/400000 [52:45<82:17:43,  1.34it/s]  1%|          | 3721/400000 [52:45<79:24:43,  1.39it/s]  1%|          | 3722/400000 [52:46<77:53:13,  1.41it/s]  1%|          | 3723/400000 [52:47<76:04:43,  1.45it/s]  1%|          | 3724/400000 [52:47<74:38:55,  1.47it/s]  1%|          | 3725/400000 [52:48<73:58:01,  1.49it/s]  1%|          | 3726/400000 [52:49<73:44:27,  1.49it/s]  1%|          | 3727/400000 [52:49<74:24:22,  1.48it/s]  1%|          | 3728/400000 [52:50<74:56:26,  1.47it/s]  1%|          | 3729/400000 [52:51<73:22:52,  1.50it/s]  1%|          | 3730/400000 [52:51<71:55:46,  1.53it/s]                                                          1%|          | 3730/400000 [52:51<71:55:46,  1.53it/s]  1%|          | 3731/400000 [52:52<72:43:51,  1.51it/s]  1%|          | 3732/400000 [52:53<78:29:32,  1.40it/s]  1%|          | 3733/400000 [52:54<80:01:57,  1.38it/s]  1%|          | 3734/400000 [52:54<79:58:51,  1.38it/s]  1%|          | 3735/400000 [52:55<78:01:07,  1.41it/s]  1%|          | 3736/400000 [52:56<76:08:07,  1.45it/s]  1%|          | 3737/400000 [52:56<73:31:25,  1.50it/s]  1%|          | 3738/400000 [52:57<71:45:44,  1.53it/s]  1%|          | 3739/400000 [52:58<72:01:39,  1.53it/s]  1%|          | 3740/400000 [52:59<84:20:36,  1.31it/s]                                                          1%|          | 3740/400000 [52:59<84:20:36,  1.31it/s]  1%|          | 3741/400000 [53:00<92:08:37,  1.19it/s]  1%|          | 3742/400000 [53:00<89:48:26,  1.23it/s]  1%|          | 3743/400000 [53:01<85:41:11,  1.28it/s]  1%|          | 3744/400000 [53:02<80:42:03,  1.36it/s]  1%|          | 3745/400000 [53:02<78:08:42,  1.41it/s]  1%|          | 3746/400000 [53:03<75:41:39,  1.45it/s]  1%|          | 3747/400000 [53:04<73:16:23,  1.50it/s]  1%|          | 3748/400000 [53:04<72:13:35,  1.52it/s]  1%|          | 3749/400000 [53:05<82:41:26,  1.33it/s]  1%|          | 3750/400000 [53:06<86:30:05,  1.27it/s]                                                          1%|          | 3750/400000 [53:06<86:30:05,  1.27it/s]  1%|          | 3751/400000 [53:07<83:38:06,  1.32it/s]  1%|          | 3752/400000 [53:07<78:44:13,  1.40it/s]  1%|          | 3753/400000 [53:08<74:43:34,  1.47it/s]  1%|          | 3754/400000 [53:09<73:48:28,  1.49it/s]  1%|          | 3755/400000 [53:09<80:10:46,  1.37it/s]  1%|          | 3756/400000 [53:10<81:42:52,  1.35it/s]  1%|          | 3757/400000 [53:11<79:37:23,  1.38it/s]  1%|          | 3758/400000 [53:11<75:53:39,  1.45it/s]  1%|          | 3759/400000 [53:12<74:35:01,  1.48it/s]  1%|          | 3760/400000 [53:13<72:22:30,  1.52it/s]                                                          1%|          | 3760/400000 [53:13<72:22:30,  1.52it/s]  1%|          | 3761/400000 [53:13<72:45:40,  1.51it/s]  1%|          | 3762/400000 [53:14<75:53:30,  1.45it/s]  1%|          | 3763/400000 [53:15<75:14:41,  1.46it/s]  1%|          | 3764/400000 [53:16<74:45:13,  1.47it/s]  1%|          | 3765/400000 [53:16<73:18:53,  1.50it/s]  1%|          | 3766/400000 [53:17<73:55:00,  1.49it/s]  1%|          | 3767/400000 [53:18<79:22:12,  1.39it/s]  1%|          | 3768/400000 [53:18<79:38:48,  1.38it/s]  1%|          | 3769/400000 [53:19<76:10:51,  1.44it/s]  1%|          | 3770/400000 [53:20<74:17:50,  1.48it/s]                                                          1%|          | 3770/400000 [53:20<74:17:50,  1.48it/s]  1%|          | 3771/400000 [53:20<73:08:09,  1.50it/s]  1%|          | 3772/400000 [53:21<72:26:22,  1.52it/s]  1%|          | 3773/400000 [53:22<71:05:04,  1.55it/s]  1%|          | 3774/400000 [53:22<75:43:26,  1.45it/s]  1%|          | 3775/400000 [53:23<79:01:55,  1.39it/s]  1%|          | 3776/400000 [53:24<77:23:01,  1.42it/s]  1%|          | 3777/400000 [53:24<76:08:33,  1.45it/s]  1%|          | 3778/400000 [53:25<74:43:03,  1.47it/s]  1%|          | 3779/400000 [53:26<73:09:24,  1.50it/s]  1%|          | 3780/400000 [53:26<72:42:37,  1.51it/s]                                                          1%|          | 3780/400000 [53:26<72:42:37,  1.51it/s]  1%|          | 3781/400000 [53:27<74:11:09,  1.48it/s]  1%|          | 3782/400000 [53:28<84:06:27,  1.31it/s]  1%|          | 3783/400000 [53:29<86:22:00,  1.27it/s]  1%|          | 3784/400000 [53:30<82:42:20,  1.33it/s]  1%|          | 3785/400000 [53:30<81:01:57,  1.36it/s]  1%|          | 3786/400000 [53:31<76:50:44,  1.43it/s]  1%|          | 3787/400000 [53:32<74:05:43,  1.49it/s]  1%|          | 3788/400000 [53:32<73:22:25,  1.50it/s]  1%|          | 3789/400000 [53:33<72:49:18,  1.51it/s]  1%|          | 3790/400000 [53:33<71:47:32,  1.53it/s]                                                          1%|          | 3790/400000 [53:33<71:47:32,  1.53it/s]  1%|          | 3791/400000 [53:34<77:13:10,  1.43it/s]  1%|          | 3792/400000 [53:35<80:04:59,  1.37it/s]  1%|          | 3793/400000 [53:36<79:54:21,  1.38it/s]  1%|          | 3794/400000 [53:36<77:52:51,  1.41it/s]  1%|          | 3795/400000 [53:37<75:10:06,  1.46it/s]  1%|          | 3796/400000 [53:38<74:21:02,  1.48it/s]  1%|          | 3797/400000 [53:38<73:47:34,  1.49it/s]  1%|          | 3798/400000 [53:39<72:39:49,  1.51it/s]  1%|          | 3799/400000 [53:40<73:32:52,  1.50it/s]  1%|          | 3800/400000 [53:40<73:49:49,  1.49it/s]                                                          1%|          | 3800/400000 [53:40<73:49:49,  1.49it/s]  1%|          | 3801/400000 [53:41<73:14:02,  1.50it/s]  1%|          | 3802/400000 [53:42<73:50:37,  1.49it/s]  1%|          | 3803/400000 [53:42<73:01:59,  1.51it/s]  1%|          | 3804/400000 [53:43<71:54:50,  1.53it/s]  1%|          | 3805/400000 [53:44<83:22:53,  1.32it/s]  1%|          | 3806/400000 [53:45<88:56:26,  1.24it/s]  1%|          | 3807/400000 [53:46<87:00:50,  1.26it/s]  1%|          | 3808/400000 [53:46<83:59:59,  1.31it/s]  1%|          | 3809/400000 [53:47<80:08:33,  1.37it/s]  1%|          | 3810/400000 [53:48<77:03:10,  1.43it/s]                                                          1%|          | 3810/400000 [53:48<77:03:10,  1.43it/s]  1%|          | 3811/400000 [53:48<74:56:41,  1.47it/s]  1%|          | 3812/400000 [53:49<74:30:13,  1.48it/s]  1%|          | 3813/400000 [53:50<74:13:57,  1.48it/s]  1%|          | 3814/400000 [53:50<73:49:15,  1.49it/s]  1%|          | 3815/400000 [53:51<72:41:23,  1.51it/s]  1%|          | 3816/400000 [53:52<72:32:11,  1.52it/s]  1%|          | 3817/400000 [53:52<71:40:29,  1.54it/s]  1%|          | 3818/400000 [53:53<76:25:03,  1.44it/s]  1%|          | 3819/400000 [53:54<79:49:30,  1.38it/s]  1%|          | 3820/400000 [53:55<79:11:52,  1.39it/s]                                                          1%|          | 3820/400000 [53:55<79:11:52,  1.39it/s]  1%|          | 3821/400000 [53:55<78:21:51,  1.40it/s]  1%|          | 3822/400000 [53:56<77:19:05,  1.42it/s]  1%|          | 3823/400000 [53:57<76:33:57,  1.44it/s]  1%|          | 3824/400000 [53:57<75:14:04,  1.46it/s]  1%|          | 3825/400000 [53:58<75:02:12,  1.47it/s]  1%|          | 3826/400000 [53:59<73:33:05,  1.50it/s]  1%|          | 3827/400000 [53:59<72:32:24,  1.52it/s]  1%|          | 3828/400000 [54:00<72:25:03,  1.52it/s]  1%|          | 3829/400000 [54:01<73:15:20,  1.50it/s]  1%|          | 3830/400000 [54:02<86:58:24,  1.27it/s]                                                          1%|          | 3830/400000 [54:02<86:58:24,  1.27it/s]  1%|          | 3831/400000 [54:03<95:38:39,  1.15it/s]  1%|          | 3832/400000 [54:04<96:16:13,  1.14it/s]  1%|          | 3833/400000 [54:04<90:33:14,  1.22it/s]  1%|          | 3834/400000 [54:05<84:50:49,  1.30it/s]  1%|          | 3835/400000 [54:06<80:06:39,  1.37it/s]  1%|          | 3836/400000 [54:06<76:40:28,  1.44it/s]  1%|          | 3837/400000 [54:07<72:54:00,  1.51it/s]  1%|          | 3838/400000 [54:07<70:51:53,  1.55it/s]  1%|          | 3839/400000 [54:08<69:42:55,  1.58it/s]  1%|          | 3840/400000 [54:09<69:30:09,  1.58it/s]                                                          1%|          | 3840/400000 [54:09<69:30:09,  1.58it/s]  1%|          | 3841/400000 [54:09<67:59:04,  1.62it/s]  1%|          | 3842/400000 [54:10<69:28:23,  1.58it/s]  1%|          | 3843/400000 [54:11<81:04:58,  1.36it/s]  1%|          | 3844/400000 [54:12<84:36:00,  1.30it/s]  1%|          | 3845/400000 [54:12<83:14:03,  1.32it/s]  1%|          | 3846/400000 [54:13<80:17:45,  1.37it/s]  1%|          | 3847/400000 [54:14<77:55:02,  1.41it/s]  1%|          | 3848/400000 [54:14<75:23:51,  1.46it/s]  1%|          | 3849/400000 [54:15<74:28:48,  1.48it/s]  1%|          | 3850/400000 [54:16<72:56:20,  1.51it/s]                                                          1%|          | 3850/400000 [54:16<72:56:20,  1.51it/s]  1%|          | 3851/400000 [54:16<72:16:57,  1.52it/s]  1%|          | 3852/400000 [54:17<72:58:20,  1.51it/s]  1%|          | 3853/400000 [54:18<74:51:50,  1.47it/s]  1%|          | 3854/400000 [54:18<74:15:49,  1.48it/s]  1%|          | 3855/400000 [54:19<73:51:46,  1.49it/s]  1%|          | 3856/400000 [54:20<72:36:59,  1.52it/s]  1%|          | 3857/400000 [54:20<71:01:19,  1.55it/s]  1%|          | 3858/400000 [54:21<71:06:35,  1.55it/s]  1%|          | 3859/400000 [54:22<75:27:51,  1.46it/s]  1%|          | 3860/400000 [54:22<79:07:31,  1.39it/s]                                                          1%|          | 3860/400000 [54:22<79:07:31,  1.39it/s]  1%|          | 3861/400000 [54:23<79:33:17,  1.38it/s]  1%|          | 3862/400000 [54:24<78:38:43,  1.40it/s]  1%|          | 3863/400000 [54:24<76:03:21,  1.45it/s]  1%|          | 3864/400000 [54:25<74:25:52,  1.48it/s]  1%|          | 3865/400000 [54:26<74:24:37,  1.48it/s]  1%|          | 3866/400000 [54:26<73:25:41,  1.50it/s]  1%|          | 3867/400000 [54:27<78:51:29,  1.40it/s]  1%|          | 3868/400000 [54:28<87:23:42,  1.26it/s]  1%|          | 3869/400000 [54:29<87:26:20,  1.26it/s]  1%|          | 3870/400000 [54:30<84:42:25,  1.30it/s]                                                          1%|          | 3870/400000 [54:30<84:42:25,  1.30it/s]  1%|          | 3871/400000 [54:30<79:51:32,  1.38it/s]  1%|          | 3872/400000 [54:31<77:10:13,  1.43it/s]  1%|          | 3873/400000 [54:32<75:40:43,  1.45it/s]  1%|          | 3874/400000 [54:32<73:49:18,  1.49it/s]  1%|          | 3875/400000 [54:33<73:32:34,  1.50it/s]  1%|          | 3876/400000 [54:34<72:38:24,  1.51it/s]  1%|          | 3877/400000 [54:34<70:58:34,  1.55it/s]  1%|          | 3878/400000 [54:35<70:29:02,  1.56it/s]  1%|          | 3879/400000 [54:36<72:32:47,  1.52it/s]  1%|          | 3880/400000 [54:36<75:41:29,  1.45it/s]                                                          1%|          | 3880/400000 [54:36<75:41:29,  1.45it/s]  1%|          | 3881/400000 [54:37<76:29:16,  1.44it/s]  1%|          | 3882/400000 [54:38<77:16:10,  1.42it/s]  1%|          | 3883/400000 [54:38<77:32:23,  1.42it/s]  1%|          | 3884/400000 [54:39<76:02:48,  1.45it/s]  1%|          | 3885/400000 [54:40<75:18:18,  1.46it/s]  1%|          | 3886/400000 [54:40<73:53:39,  1.49it/s]  1%|          | 3887/400000 [54:41<72:28:50,  1.52it/s]  1%|          | 3888/400000 [54:42<71:33:37,  1.54it/s]  1%|          | 3889/400000 [54:42<71:08:56,  1.55it/s]  1%|          | 3890/400000 [54:43<76:06:22,  1.45it/s]                                                          1%|          | 3890/400000 [54:43<76:06:22,  1.45it/s]  1%|          | 3891/400000 [54:44<80:49:10,  1.36it/s]  1%|          | 3892/400000 [54:45<81:55:56,  1.34it/s]  1%|          | 3893/400000 [54:45<80:40:34,  1.36it/s]  1%|          | 3894/400000 [54:46<78:40:57,  1.40it/s]  1%|          | 3895/400000 [54:47<78:08:23,  1.41it/s]  1%|          | 3896/400000 [54:47<76:08:39,  1.45it/s]  1%|          | 3897/400000 [54:48<73:43:50,  1.49it/s]  1%|          | 3898/400000 [54:49<73:07:03,  1.50it/s]  1%|          | 3899/400000 [54:50<85:30:35,  1.29it/s]  1%|          | 3900/400000 [54:51<87:23:23,  1.26it/s]                                                          1%|          | 3900/400000 [54:51<87:23:23,  1.26it/s]  1%|          | 3901/400000 [54:51<84:26:05,  1.30it/s]  1%|          | 3902/400000 [54:52<81:54:08,  1.34it/s]  1%|          | 3903/400000 [54:53<78:33:39,  1.40it/s]  1%|          | 3904/400000 [54:53<76:08:09,  1.45it/s]  1%|          | 3905/400000 [54:54<73:20:35,  1.50it/s]  1%|          | 3906/400000 [54:55<71:46:26,  1.53it/s]  1%|          | 3907/400000 [54:55<70:45:00,  1.56it/s]  1%|          | 3908/400000 [54:56<71:00:50,  1.55it/s]  1%|          | 3909/400000 [54:57<78:36:54,  1.40it/s]  1%|          | 3910/400000 [54:57<82:03:24,  1.34it/s]                                                          1%|          | 3910/400000 [54:58<82:03:24,  1.34it/s]  1%|          | 3911/400000 [54:58<80:16:20,  1.37it/s]  1%|          | 3912/400000 [54:59<78:41:32,  1.40it/s]  1%|          | 3913/400000 [54:59<76:04:34,  1.45it/s]  1%|          | 3914/400000 [55:00<74:41:44,  1.47it/s]  1%|          | 3915/400000 [55:01<73:33:45,  1.50it/s]  1%|          | 3916/400000 [55:01<74:24:57,  1.48it/s]  1%|          | 3917/400000 [55:02<74:35:58,  1.47it/s]  1%|          | 3918/400000 [55:03<75:20:41,  1.46it/s]  1%|          | 3919/400000 [55:03<73:23:50,  1.50it/s]  1%|          | 3920/400000 [55:04<73:27:37,  1.50it/s]                                                          1%|          | 3920/400000 [55:04<73:27:37,  1.50it/s]  1%|          | 3921/400000 [55:05<73:41:06,  1.49it/s]  1%|          | 3922/400000 [55:05<72:46:33,  1.51it/s]  1%|          | 3923/400000 [55:06<73:18:26,  1.50it/s]  1%|          | 3924/400000 [55:07<77:16:35,  1.42it/s]  1%|          | 3925/400000 [55:08<83:18:44,  1.32it/s]  1%|          | 3926/400000 [55:09<83:10:49,  1.32it/s]  1%|          | 3927/400000 [55:09<79:27:24,  1.38it/s]  1%|          | 3928/400000 [55:10<76:23:34,  1.44it/s]  1%|          | 3929/400000 [55:11<75:21:57,  1.46it/s]  1%|          | 3930/400000 [55:11<73:30:29,  1.50it/s]                                                          1%|          | 3930/400000 [55:11<73:30:29,  1.50it/s]  1%|          | 3931/400000 [55:12<76:52:11,  1.43it/s]  1%|          | 3932/400000 [55:13<80:22:35,  1.37it/s]  1%|          | 3933/400000 [55:13<79:53:42,  1.38it/s]  1%|          | 3934/400000 [55:14<76:09:47,  1.44it/s]  1%|          | 3935/400000 [55:15<73:58:17,  1.49it/s]  1%|          | 3936/400000 [55:15<72:28:42,  1.52it/s]  1%|          | 3937/400000 [55:16<72:37:12,  1.51it/s]  1%|          | 3938/400000 [55:17<73:59:30,  1.49it/s]  1%|          | 3939/400000 [55:17<76:22:25,  1.44it/s]  1%|          | 3940/400000 [55:18<82:12:15,  1.34it/s]                                                          1%|          | 3940/400000 [55:18<82:12:15,  1.34it/s]  1%|          | 3941/400000 [55:19<83:37:14,  1.32it/s]  1%|          | 3942/400000 [55:20<83:18:27,  1.32it/s]  1%|          | 3943/400000 [55:21<81:11:34,  1.35it/s]  1%|          | 3944/400000 [55:21<77:58:17,  1.41it/s]  1%|          | 3945/400000 [55:22<75:58:54,  1.45it/s]  1%|          | 3946/400000 [55:22<72:49:39,  1.51it/s]  1%|          | 3947/400000 [55:23<72:33:29,  1.52it/s]  1%|          | 3948/400000 [55:24<71:27:56,  1.54it/s]  1%|          | 3949/400000 [55:24<73:41:31,  1.49it/s]  1%|          | 3950/400000 [55:25<75:04:22,  1.47it/s]                                                          1%|          | 3950/400000 [55:25<75:04:22,  1.47it/s]  1%|          | 3951/400000 [55:26<74:19:19,  1.48it/s]  1%|          | 3952/400000 [55:26<74:09:20,  1.48it/s]  1%|          | 3953/400000 [55:27<80:20:13,  1.37it/s]  1%|          | 3954/400000 [55:28<79:18:05,  1.39it/s]  1%|          | 3955/400000 [55:29<77:45:33,  1.41it/s]  1%|          | 3956/400000 [55:29<76:08:02,  1.44it/s]  1%|          | 3957/400000 [55:30<75:02:24,  1.47it/s]  1%|          | 3958/400000 [55:31<73:12:14,  1.50it/s]  1%|          | 3959/400000 [55:31<72:40:02,  1.51it/s]  1%|          | 3960/400000 [55:32<73:04:34,  1.51it/s]                                                          1%|          | 3960/400000 [55:32<73:04:34,  1.51it/s]  1%|          | 3961/400000 [55:33<72:42:13,  1.51it/s]  1%|          | 3962/400000 [55:33<73:05:30,  1.51it/s]  1%|          | 3963/400000 [55:34<71:35:06,  1.54it/s]  1%|          | 3964/400000 [55:35<72:57:43,  1.51it/s]  1%|          | 3965/400000 [55:35<75:04:50,  1.47it/s]  1%|          | 3966/400000 [55:36<75:23:32,  1.46it/s]  1%|          | 3967/400000 [55:37<74:00:40,  1.49it/s]  1%|          | 3968/400000 [55:37<78:00:44,  1.41it/s]  1%|          | 3969/400000 [55:38<78:49:58,  1.40it/s]  1%|          | 3970/400000 [55:39<80:36:24,  1.36it/s]                                                          1%|          | 3970/400000 [55:39<80:36:24,  1.36it/s]  1%|          | 3971/400000 [55:40<78:52:58,  1.39it/s]  1%|          | 3972/400000 [55:40<76:11:34,  1.44it/s]  1%|          | 3973/400000 [55:41<75:35:08,  1.46it/s]  1%|          | 3974/400000 [55:42<76:41:56,  1.43it/s]  1%|          | 3975/400000 [55:42<78:20:54,  1.40it/s]  1%|          | 3976/400000 [55:43<77:43:57,  1.42it/s]  1%|          | 3977/400000 [55:44<75:33:42,  1.46it/s]  1%|          | 3978/400000 [55:44<74:58:48,  1.47it/s]  1%|          | 3979/400000 [55:45<73:57:08,  1.49it/s]  1%|          | 3980/400000 [55:46<78:12:10,  1.41it/s]                                                          1%|          | 3980/400000 [55:46<78:12:10,  1.41it/s]  1%|          | 3981/400000 [55:47<83:11:17,  1.32it/s]  1%|          | 3982/400000 [55:47<81:04:27,  1.36it/s]  1%|          | 3983/400000 [55:48<78:08:17,  1.41it/s]  1%|          | 3984/400000 [55:49<76:55:32,  1.43it/s]  1%|          | 3985/400000 [55:49<76:49:53,  1.43it/s]  1%|          | 3986/400000 [55:50<77:29:01,  1.42it/s]  1%|          | 3987/400000 [55:51<75:20:08,  1.46it/s]  1%|          | 3988/400000 [55:51<72:52:03,  1.51it/s]  1%|          | 3989/400000 [55:52<79:43:00,  1.38it/s]  1%|          | 3990/400000 [55:53<81:04:52,  1.36it/s]                                                          1%|          | 3990/400000 [55:53<81:04:52,  1.36it/s]  1%|          | 3991/400000 [55:54<79:23:19,  1.39it/s]  1%|          | 3992/400000 [55:54<77:02:08,  1.43it/s]  1%|          | 3993/400000 [55:55<76:12:38,  1.44it/s]  1%|          | 3994/400000 [55:56<75:20:05,  1.46it/s]  1%|          | 3995/400000 [55:56<73:42:29,  1.49it/s]  1%|          | 3996/400000 [55:57<72:45:28,  1.51it/s]  1%|          | 3997/400000 [55:58<75:22:54,  1.46it/s]  1%|          | 3998/400000 [55:58<77:57:29,  1.41it/s]  1%|          | 3999/400000 [55:59<76:59:10,  1.43it/s]  1%|          | 4000/400000 [56:00<77:18:46,  1.42it/s]                                                          1%|          | 4000/400000 [56:00<77:18:46,  1.42it/s]
  0%|          | 0/122 [00:00<?, ?it/s][A
  2%|▏         | 2/122 [00:05<05:06,  2.55s/it][A
  2%|▏         | 3/122 [00:05<03:03,  1.54s/it][A
  3%|▎         | 4/122 [00:05<01:59,  1.02s/it][A
  4%|▍         | 5/122 [00:05<01:24,  1.38it/s][A
  5%|▍         | 6/122 [00:05<01:03,  1.84it/s][A
  6%|▌         | 7/122 [00:05<00:48,  2.37it/s][A
  7%|▋         | 8/122 [00:06<00:39,  2.89it/s][A
  7%|▋         | 9/122 [00:06<00:33,  3.34it/s][A
  8%|▊         | 10/122 [00:06<00:31,  3.54it/s][A
  9%|▉         | 11/122 [00:06<00:31,  3.53it/s][A
 10%|▉         | 12/122 [00:07<00:36,  2.99it/s][A
 11%|█         | 13/122 [00:07<00:41,  2.65it/s][A
 11%|█▏        | 14/122 [00:08<00:43,  2.46it/s][A
 12%|█▏        | 15/122 [00:08<00:46,  2.33it/s][A
 13%|█▎        | 16/122 [00:09<00:47,  2.25it/s][A
 14%|█▍        | 17/122 [00:09<00:57,  1.81it/s][A
 15%|█▍        | 18/122 [00:12<01:59,  1.15s/it][A
 16%|█▌        | 19/122 [00:12<01:29,  1.15it/s][A
 16%|█▋        | 20/122 [00:12<01:10,  1.45it/s][A
 17%|█▋        | 21/122 [00:13<01:00,  1.67it/s][A
 18%|█▊        | 22/122 [00:13<00:55,  1.79it/s][A
 19%|█▉        | 23/122 [00:14<00:52,  1.89it/s][A
 20%|█▉        | 24/122 [00:14<00:49,  1.98it/s][A
 20%|██        | 25/122 [00:15<00:47,  2.04it/s][A
 21%|██▏       | 26/122 [00:15<00:45,  2.12it/s][A
 22%|██▏       | 27/122 [00:16<00:43,  2.20it/s][A
 23%|██▎       | 28/122 [00:16<00:41,  2.24it/s][A
 24%|██▍       | 29/122 [00:16<00:40,  2.30it/s][A
 25%|██▍       | 30/122 [00:17<00:39,  2.31it/s][A
 25%|██▌       | 31/122 [00:17<00:39,  2.33it/s][A
 26%|██▌       | 32/122 [00:18<00:38,  2.35it/s][A
 27%|██▋       | 33/122 [00:18<00:37,  2.35it/s][A
 28%|██▊       | 34/122 [00:18<00:37,  2.36it/s][A
 29%|██▊       | 35/122 [00:19<00:36,  2.36it/s][A
 30%|██▉       | 36/122 [00:21<01:28,  1.02s/it][A
 30%|███       | 37/122 [00:22<01:08,  1.24it/s][A
 31%|███       | 38/122 [00:22<00:56,  1.49it/s][A
 32%|███▏      | 39/122 [00:22<00:46,  1.77it/s][A
 33%|███▎      | 40/122 [00:23<00:41,  2.00it/s][A
 34%|███▎      | 41/122 [00:23<00:37,  2.16it/s][A
 34%|███▍      | 42/122 [00:23<00:33,  2.39it/s][A
 35%|███▌      | 43/122 [00:24<00:31,  2.51it/s][A
 36%|███▌      | 44/122 [00:24<00:32,  2.38it/s][A
 37%|███▋      | 45/122 [00:25<00:33,  2.31it/s][A
 38%|███▊      | 46/122 [00:25<00:33,  2.26it/s][A
 39%|███▊      | 47/122 [00:26<00:33,  2.22it/s][A
 39%|███▉      | 48/122 [00:26<00:32,  2.25it/s][A
 40%|████      | 49/122 [00:26<00:32,  2.26it/s][A
 41%|████      | 50/122 [00:33<02:45,  2.29s/it][A
 42%|████▏     | 51/122 [00:33<01:57,  1.65s/it][A
 43%|████▎     | 52/122 [00:33<01:24,  1.20s/it][A
 43%|████▎     | 53/122 [00:34<01:01,  1.13it/s][A
 44%|████▍     | 54/122 [00:34<00:45,  1.49it/s][A
 45%|████▌     | 55/122 [00:34<00:34,  1.92it/s][A
 46%|████▌     | 56/122 [00:34<00:27,  2.39it/s][A
 47%|████▋     | 57/122 [00:34<00:22,  2.85it/s][A
 48%|████▊     | 58/122 [00:34<00:19,  3.31it/s][A
 48%|████▊     | 59/122 [00:35<00:17,  3.69it/s][A
 49%|████▉     | 60/122 [00:35<00:15,  4.00it/s][A
 50%|█████     | 61/122 [00:35<00:14,  4.22it/s][A
 51%|█████     | 62/122 [00:35<00:13,  4.49it/s][A
 52%|█████▏    | 63/122 [00:35<00:12,  4.56it/s][A
 52%|█████▏    | 64/122 [00:36<00:12,  4.60it/s][A
 53%|█████▎    | 65/122 [00:36<00:12,  4.65it/s][A
 54%|█████▍    | 66/122 [00:45<02:48,  3.01s/it][A
 55%|█████▍    | 67/122 [00:45<01:57,  2.14s/it][A
 56%|█████▌    | 68/122 [00:46<01:28,  1.64s/it][A
 57%|█████▋    | 69/122 [00:46<01:03,  1.20s/it][A
 57%|█████▋    | 70/122 [00:46<00:46,  1.13it/s][A
 58%|█████▊    | 71/122 [00:46<00:34,  1.48it/s][A
 59%|█████▉    | 72/122 [00:47<00:26,  1.90it/s][A
 60%|█████▉    | 73/122 [00:47<00:20,  2.34it/s][A
 61%|██████    | 74/122 [00:47<00:17,  2.73it/s][A
 61%|██████▏   | 75/122 [00:47<00:16,  2.90it/s][A
 62%|██████▏   | 76/122 [00:48<00:16,  2.77it/s][A
 63%|██████▎   | 77/122 [00:48<00:17,  2.52it/s][A
 64%|██████▍   | 78/122 [00:49<00:18,  2.38it/s][A
 65%|██████▍   | 79/122 [00:49<00:18,  2.27it/s][A
 66%|██████▌   | 80/122 [00:50<00:18,  2.26it/s][A
 66%|██████▋   | 81/122 [00:50<00:18,  2.28it/s][A
 67%|██████▋   | 82/122 [00:59<01:59,  2.98s/it][A
 68%|██████▊   | 83/122 [00:59<01:25,  2.18s/it][A
 69%|██████▉   | 84/122 [01:00<01:01,  1.63s/it][A
 70%|██████▉   | 85/122 [01:00<00:46,  1.25s/it][A
 70%|███████   | 86/122 [01:00<00:35,  1.03it/s][A
 71%|███████▏  | 87/122 [01:01<00:27,  1.25it/s][A
 72%|███████▏  | 88/122 [01:01<00:22,  1.53it/s][A
 73%|███████▎  | 89/122 [01:01<00:18,  1.79it/s][A
 74%|███████▍  | 90/122 [01:02<00:15,  2.04it/s][A
 75%|███████▍  | 91/122 [01:02<00:13,  2.36it/s][A
 75%|███████▌  | 92/122 [01:02<00:11,  2.64it/s][A
 76%|███████▌  | 93/122 [01:03<00:11,  2.60it/s][A
 77%|███████▋  | 94/122 [01:03<00:11,  2.41it/s][A
 78%|███████▊  | 95/122 [01:04<00:11,  2.33it/s][A
 79%|███████▊  | 96/122 [01:04<00:11,  2.25it/s][A
 80%|███████▉  | 97/122 [01:05<00:11,  2.22it/s][A
 80%|████████  | 98/122 [01:10<00:47,  1.99s/it][A
 81%|████████  | 99/122 [01:10<00:33,  1.48s/it][A
 82%|████████▏ | 100/122 [01:11<00:24,  1.13s/it][A
 83%|████████▎ | 101/122 [01:11<00:20,  1.05it/s][A
 84%|████████▎ | 102/122 [01:12<00:15,  1.32it/s][A
 84%|████████▍ | 103/122 [01:12<00:11,  1.62it/s][A
 85%|████████▌ | 104/122 [01:15<00:23,  1.30s/it][A
 86%|████████▌ | 105/122 [01:15<00:17,  1.01s/it][A
 87%|████████▋ | 106/122 [01:15<00:12,  1.25it/s][A
 88%|████████▊ | 107/122 [01:16<00:09,  1.53it/s][A
 89%|████████▊ | 108/122 [01:16<00:08,  1.73it/s][A
 89%|████████▉ | 109/122 [01:17<00:06,  1.90it/s][A
 90%|█████████ | 110/122 [01:17<00:05,  2.04it/s][A
 91%|█████████ | 111/122 [01:17<00:05,  2.16it/s][A
 92%|█████████▏| 112/122 [01:18<00:04,  2.25it/s][A
 93%|█████████▎| 113/122 [01:18<00:03,  2.34it/s][A
 93%|█████████▎| 114/122 [01:19<00:03,  2.39it/s][A
 94%|█████████▍| 115/122 [01:19<00:02,  2.40it/s][A
 95%|█████████▌| 116/122 [01:19<00:02,  2.44it/s][A
 96%|█████████▌| 117/122 [01:20<00:02,  2.45it/s][A
 97%|█████████▋| 118/122 [01:20<00:01,  2.46it/s][A
 98%|█████████▊| 119/122 [01:21<00:01,  2.47it/s][A
 98%|█████████▊| 120/122 [01:21<00:00,  2.49it/s][A
 99%|█████████▉| 121/122 [01:21<00:00,  2.49it/s][A
100%|██████████| 122/122 [01:22<00:00,  2.49it/s][A                                                        
                                                 [A  1%|          | 4000/400000 [57:30<77:18:46,  1.42it/s]
100%|██████████| 122/122 [01:22<00:00,  2.49it/s][A
                                                 [A                                                          1%|          | 4000/400000 [58:54<77:18:46,  1.42it/s]  1%|          | 4001/400000 [59:01<6029:29:04, 54.81s/it]  1%|          | 4002/400000 [59:01<4238:27:38, 38.53s/it]  1%|          | 4003/400000 [59:02<2984:23:55, 27.13s/it]  1%|          | 4004/400000 [59:03<2109:37:34, 19.18s/it]  1%|          | 4005/400000 [59:03<1498:34:57, 13.62s/it]  1%|          | 4006/400000 [59:05<1101:04:39, 10.01s/it]  1%|          | 4007/400000 [59:05<788:25:41,  7.17s/it]   1%|          | 4008/400000 [59:06<570:54:29,  5.19s/it]  1%|          | 4009/400000 [59:07<417:04:44,  3.79s/it]  1%|          | 4010/400000 [59:07<309:31:17,  2.81s/it]                                                           1%|          | 4010/400000 [59:07<309:31:17,  2.81s/it]  1%|          | 4011/400000 [59:08<235:12:50,  2.14s/it]  1%|          | 4012/400000 [59:08<184:43:43,  1.68s/it]  1%|          | 4013/400000 [59:09<147:47:18,  1.34s/it]  1%|          | 4014/400000 [59:09<122:27:38,  1.11s/it]  1%|          | 4015/400000 [59:10<104:22:31,  1.05it/s]  1%|          | 4016/400000 [59:11<98:22:38,  1.12it/s]   1%|          | 4017/400000 [59:12<98:18:55,  1.12it/s]  1%|          | 4018/400000 [59:13<131:37:19,  1.20s/it]  1%|          | 4019/400000 [59:14<110:52:56,  1.01s/it]  1%|          | 4020/400000 [59:15<96:56:59,  1.13it/s]                                                           1%|          | 4020/400000 [59:15<96:56:59,  1.13it/s]  1%|          | 4021/400000 [59:15<88:26:45,  1.24it/s]  1%|          | 4022/400000 [59:16<94:31:52,  1.16it/s]  1%|          | 4023/400000 [59:17<93:23:51,  1.18it/s]  1%|          | 4024/400000 [59:18<87:43:56,  1.25it/s]  1%|          | 4025/400000 [59:20<119:58:49,  1.09s/it]  1%|          | 4026/400000 [59:20<100:54:07,  1.09it/s]  1%|          | 4027/400000 [59:21<88:02:19,  1.25it/s]   1%|          | 4028/400000 [59:21<78:59:06,  1.39it/s]  1%|          | 4029/400000 [59:22<72:17:05,  1.52it/s]  1%|          | 4030/400000 [59:22<76:47:00,  1.43it/s]                                                          1%|          | 4030/400000 [59:22<76:47:00,  1.43it/s]  1%|          | 4031/400000 [59:23<83:06:40,  1.32it/s]  1%|          | 4032/400000 [59:24<83:23:44,  1.32it/s]  1%|          | 4033/400000 [59:25<80:16:49,  1.37it/s]  1%|          | 4034/400000 [59:25<75:30:59,  1.46it/s]  1%|          | 4035/400000 [59:27<104:53:43,  1.05it/s]  1%|          | 4036/400000 [59:28<95:10:55,  1.16it/s]   1%|          | 4037/400000 [59:28<87:07:07,  1.26it/s]  1%|          | 4038/400000 [59:29<79:46:41,  1.38it/s]  1%|          | 4039/400000 [59:30<111:20:53,  1.01s/it]  1%|          | 4040/400000 [59:31<94:36:10,  1.16it/s]                                                           1%|          | 4040/400000 [59:31<94:36:10,  1.16it/s]  1%|          | 4041/400000 [59:31<85:09:35,  1.29it/s]  1%|          | 4042/400000 [59:32<77:35:28,  1.42it/s]  1%|          | 4043/400000 [59:33<73:50:52,  1.49it/s]  1%|          | 4044/400000 [59:34<86:44:20,  1.27it/s]  1%|          | 4045/400000 [59:35<93:04:47,  1.18it/s]  1%|          | 4046/400000 [59:35<90:31:06,  1.22it/s]  1%|          | 4047/400000 [59:36<83:55:23,  1.31it/s]  1%|          | 4048/400000 [59:37<78:38:08,  1.40it/s]  1%|          | 4049/400000 [59:37<73:26:41,  1.50it/s]  1%|          | 4050/400000 [59:38<69:38:48,  1.58it/s]                                                          1%|          | 4050/400000 [59:38<69:38:48,  1.58it/s]  1%|          | 4051/400000 [59:38<67:28:49,  1.63it/s]  1%|          | 4052/400000 [59:39<73:45:19,  1.49it/s]  1%|          | 4053/400000 [59:40<75:42:21,  1.45it/s]  1%|          | 4054/400000 [59:41<75:00:18,  1.47it/s]  1%|          | 4055/400000 [59:41<73:35:17,  1.49it/s]  1%|          | 4056/400000 [59:42<72:13:19,  1.52it/s]  1%|          | 4057/400000 [59:42<71:15:24,  1.54it/s]  1%|          | 4058/400000 [59:43<72:01:56,  1.53it/s]  1%|          | 4059/400000 [59:44<70:37:14,  1.56it/s]  1%|          | 4060/400000 [59:44<73:32:01,  1.50it/s]                                                          1%|          | 4060/400000 [59:44<73:32:01,  1.50it/s]  1%|          | 4061/400000 [59:45<77:14:31,  1.42it/s]  1%|          | 4062/400000 [59:46<78:35:02,  1.40it/s]  1%|          | 4063/400000 [59:47<77:15:50,  1.42it/s]  1%|          | 4064/400000 [59:47<75:58:48,  1.45it/s]  1%|          | 4065/400000 [59:48<75:04:07,  1.47it/s]  1%|          | 4066/400000 [59:49<73:27:31,  1.50it/s]  1%|          | 4067/400000 [59:49<71:53:02,  1.53it/s]  1%|          | 4068/400000 [59:50<73:01:33,  1.51it/s]  1%|          | 4069/400000 [59:51<73:45:37,  1.49it/s]  1%|          | 4070/400000 [59:51<73:37:40,  1.49it/s]                                                          1%|          | 4070/400000 [59:51<73:37:40,  1.49it/s]  1%|          | 4071/400000 [59:52<73:48:45,  1.49it/s]  1%|          | 4072/400000 [59:53<75:20:49,  1.46it/s]  1%|          | 4073/400000 [59:53<73:38:25,  1.49it/s]  1%|          | 4074/400000 [59:54<73:11:06,  1.50it/s]  1%|          | 4075/400000 [59:55<72:56:47,  1.51it/s]  1%|          | 4076/400000 [59:55<73:13:48,  1.50it/s]  1%|          | 4077/400000 [59:56<72:54:20,  1.51it/s]  1%|          | 4078/400000 [59:58<109:20:19,  1.01it/s]  1%|          | 4079/400000 [59:58<99:13:25,  1.11it/s]   1%|          | 4080/400000 [59:59<89:15:57,  1.23it/s]                                                          1%|          | 4080/400000 [59:59<89:15:57,  1.23it/s]  1%|          | 4081/400000 [1:00:00<83:42:02,  1.31it/s]  1%|          | 4082/400000 [1:00:00<79:33:13,  1.38it/s]  1%|          | 4083/400000 [1:00:01<74:51:37,  1.47it/s]  1%|          | 4084/400000 [1:00:02<75:08:05,  1.46it/s]  1%|          | 4085/400000 [1:00:02<73:20:16,  1.50it/s]  1%|          | 4086/400000 [1:00:03<72:02:32,  1.53it/s]  1%|          | 4087/400000 [1:00:03<70:38:37,  1.56it/s]  1%|          | 4088/400000 [1:00:04<77:22:50,  1.42it/s]  1%|          | 4089/400000 [1:00:05<81:07:11,  1.36it/s]  1%|          | 4090/400000 [1:00:06<82:03:54,  1.34it/s]                                                            1%|          | 4090/400000 [1:00:06<82:03:54,  1.34it/s]  1%|          | 4091/400000 [1:00:06<78:41:16,  1.40it/s]  1%|          | 4092/400000 [1:00:07<75:43:38,  1.45it/s]  1%|          | 4093/400000 [1:00:08<73:55:06,  1.49it/s]  1%|          | 4094/400000 [1:00:08<72:10:28,  1.52it/s]  1%|          | 4095/400000 [1:00:09<73:35:54,  1.49it/s]  1%|          | 4096/400000 [1:00:10<84:10:05,  1.31it/s]  1%|          | 4097/400000 [1:00:11<88:23:14,  1.24it/s]  1%|          | 4098/400000 [1:00:12<87:01:22,  1.26it/s]  1%|          | 4099/400000 [1:00:12<82:59:40,  1.33it/s]  1%|          | 4100/400000 [1:00:13<79:02:52,  1.39it/s]                                                            1%|          | 4100/400000 [1:00:13<79:02:52,  1.39it/s]  1%|          | 4101/400000 [1:00:14<77:22:28,  1.42it/s]  1%|          | 4102/400000 [1:00:16<118:27:21,  1.08s/it]  1%|          | 4103/400000 [1:00:16<102:34:11,  1.07it/s]  1%|          | 4104/400000 [1:00:17<92:37:17,  1.19it/s]   1%|          | 4105/400000 [1:00:17<84:08:33,  1.31it/s]  1%|          | 4106/400000 [1:00:18<77:52:47,  1.41it/s]  1%|          | 4107/400000 [1:00:19<74:14:11,  1.48it/s]  1%|          | 4108/400000 [1:00:19<72:44:05,  1.51it/s]  1%|          | 4109/400000 [1:00:20<71:24:39,  1.54it/s]  1%|          | 4110/400000 [1:00:21<76:01:34,  1.45it/s]                                                            1%|          | 4110/400000 [1:00:21<76:01:34,  1.45it/s]  1%|          | 4111/400000 [1:00:21<78:10:31,  1.41it/s]  1%|          | 4112/400000 [1:00:22<75:53:21,  1.45it/s]  1%|          | 4113/400000 [1:00:23<73:47:42,  1.49it/s]  1%|          | 4114/400000 [1:00:23<72:41:42,  1.51it/s]  1%|          | 4115/400000 [1:00:24<70:57:54,  1.55it/s]  1%|          | 4116/400000 [1:00:25<70:28:00,  1.56it/s]  1%|          | 4117/400000 [1:00:25<76:10:37,  1.44it/s]  1%|          | 4118/400000 [1:00:26<77:20:59,  1.42it/s]  1%|          | 4119/400000 [1:00:27<76:45:38,  1.43it/s]  1%|          | 4120/400000 [1:00:28<78:01:33,  1.41it/s]                                                            1%|          | 4120/400000 [1:00:28<78:01:33,  1.41it/s]  1%|          | 4121/400000 [1:00:28<77:45:32,  1.41it/s]  1%|          | 4122/400000 [1:00:29<78:48:48,  1.40it/s]  1%|          | 4123/400000 [1:00:30<77:46:03,  1.41it/s]  1%|          | 4124/400000 [1:00:30<77:55:24,  1.41it/s]  1%|          | 4125/400000 [1:00:31<76:27:13,  1.44it/s]  1%|          | 4126/400000 [1:00:32<74:04:40,  1.48it/s]  1%|          | 4127/400000 [1:00:32<74:08:07,  1.48it/s]  1%|          | 4128/400000 [1:00:33<74:19:35,  1.48it/s]  1%|          | 4129/400000 [1:00:34<73:54:00,  1.49it/s]  1%|          | 4130/400000 [1:00:34<73:09:16,  1.50it/s]                                                            1%|          | 4130/400000 [1:00:34<73:09:16,  1.50it/s]  1%|          | 4131/400000 [1:00:35<73:48:28,  1.49it/s]  1%|          | 4132/400000 [1:00:36<73:31:36,  1.50it/s]  1%|          | 4133/400000 [1:00:36<73:18:15,  1.50it/s]  1%|          | 4134/400000 [1:00:37<72:29:32,  1.52it/s]  1%|          | 4135/400000 [1:00:38<73:33:59,  1.49it/s]  1%|          | 4136/400000 [1:00:38<73:27:29,  1.50it/s]  1%|          | 4137/400000 [1:00:39<74:25:25,  1.48it/s]  1%|          | 4138/400000 [1:00:40<77:55:08,  1.41it/s]  1%|          | 4139/400000 [1:00:41<78:05:06,  1.41it/s]  1%|          | 4140/400000 [1:00:41<77:38:34,  1.42it/s]                                                            1%|          | 4140/400000 [1:00:41<77:38:34,  1.42it/s]  1%|          | 4141/400000 [1:00:42<75:55:05,  1.45it/s]  1%|          | 4142/400000 [1:00:43<75:58:20,  1.45it/s]  1%|          | 4143/400000 [1:00:43<75:13:49,  1.46it/s]  1%|          | 4144/400000 [1:00:44<73:49:47,  1.49it/s]  1%|          | 4145/400000 [1:00:45<72:41:30,  1.51it/s]  1%|          | 4146/400000 [1:00:45<72:31:52,  1.52it/s]  1%|          | 4147/400000 [1:00:46<77:31:14,  1.42it/s]  1%|          | 4148/400000 [1:00:47<76:59:06,  1.43it/s]  1%|          | 4149/400000 [1:00:47<76:23:22,  1.44it/s]  1%|          | 4150/400000 [1:00:48<76:01:40,  1.45it/s]                                                            1%|          | 4150/400000 [1:00:48<76:01:40,  1.45it/s]  1%|          | 4151/400000 [1:00:49<75:06:34,  1.46it/s]  1%|          | 4152/400000 [1:00:49<73:56:49,  1.49it/s]  1%|          | 4153/400000 [1:00:50<73:44:48,  1.49it/s]  1%|          | 4154/400000 [1:00:51<73:41:38,  1.49it/s]  1%|          | 4155/400000 [1:00:52<82:16:12,  1.34it/s]  1%|          | 4156/400000 [1:00:53<115:10:37,  1.05s/it]  1%|          | 4157/400000 [1:00:54<101:50:48,  1.08it/s]  1%|          | 4158/400000 [1:00:55<91:57:36,  1.20it/s]   1%|          | 4159/400000 [1:00:55<84:43:29,  1.30it/s]  1%|          | 4160/400000 [1:00:56<79:05:35,  1.39it/s]                                                            1%|          | 4160/400000 [1:00:56<79:05:35,  1.39it/s]  1%|          | 4161/400000 [1:00:56<74:16:21,  1.48it/s]  1%|          | 4162/400000 [1:00:57<72:23:11,  1.52it/s]  1%|          | 4163/400000 [1:00:58<74:01:46,  1.49it/s]  1%|          | 4164/400000 [1:00:58<73:03:09,  1.51it/s]  1%|          | 4165/400000 [1:00:59<74:01:54,  1.49it/s]  1%|          | 4166/400000 [1:01:00<73:47:24,  1.49it/s]  1%|          | 4167/400000 [1:01:01<76:41:06,  1.43it/s]  1%|          | 4168/400000 [1:01:01<75:51:18,  1.45it/s]  1%|          | 4169/400000 [1:01:02<74:53:51,  1.47it/s]  1%|          | 4170/400000 [1:01:03<74:36:39,  1.47it/s]                                                            1%|          | 4170/400000 [1:01:03<74:36:39,  1.47it/s]  1%|          | 4171/400000 [1:01:03<72:32:09,  1.52it/s]  1%|          | 4172/400000 [1:01:04<71:09:22,  1.55it/s]  1%|          | 4173/400000 [1:01:04<73:58:54,  1.49it/s]  1%|          | 4174/400000 [1:01:05<76:12:24,  1.44it/s]  1%|          | 4175/400000 [1:01:06<77:28:01,  1.42it/s]  1%|          | 4176/400000 [1:01:07<75:50:02,  1.45it/s]  1%|          | 4177/400000 [1:01:07<74:02:50,  1.48it/s]  1%|          | 4178/400000 [1:01:08<73:14:44,  1.50it/s]  1%|          | 4179/400000 [1:01:09<72:50:04,  1.51it/s]  1%|          | 4180/400000 [1:01:09<72:44:24,  1.51it/s]                                                            1%|          | 4180/400000 [1:01:09<72:44:24,  1.51it/s]  1%|          | 4181/400000 [1:01:10<71:27:58,  1.54it/s]  1%|          | 4182/400000 [1:01:10<70:47:41,  1.55it/s]  1%|          | 4183/400000 [1:01:11<70:57:12,  1.55it/s]  1%|          | 4184/400000 [1:01:12<72:44:40,  1.51it/s]  1%|          | 4185/400000 [1:01:13<80:42:46,  1.36it/s]  1%|          | 4186/400000 [1:01:13<81:14:22,  1.35it/s]  1%|          | 4187/400000 [1:01:14<81:29:36,  1.35it/s]  1%|          | 4188/400000 [1:01:15<78:15:23,  1.40it/s]  1%|          | 4189/400000 [1:01:16<77:43:31,  1.41it/s]  1%|          | 4190/400000 [1:01:16<75:58:11,  1.45it/s]                                                            1%|          | 4190/400000 [1:01:16<75:58:11,  1.45it/s]  1%|          | 4191/400000 [1:01:17<73:26:17,  1.50it/s]  1%|          | 4192/400000 [1:01:18<78:16:47,  1.40it/s]  1%|          | 4193/400000 [1:01:18<79:32:27,  1.38it/s]  1%|          | 4194/400000 [1:01:19<78:22:05,  1.40it/s]  1%|          | 4195/400000 [1:01:20<76:45:57,  1.43it/s]  1%|          | 4196/400000 [1:01:20<74:30:39,  1.48it/s]  1%|          | 4197/400000 [1:01:21<72:28:02,  1.52it/s]  1%|          | 4198/400000 [1:01:22<71:08:02,  1.55it/s]  1%|          | 4199/400000 [1:01:22<70:52:09,  1.55it/s]  1%|          | 4200/400000 [1:01:23<70:56:46,  1.55it/s]                                                            1%|          | 4200/400000 [1:01:23<70:56:46,  1.55it/s]  1%|          | 4201/400000 [1:01:24<73:00:19,  1.51it/s]  1%|          | 4202/400000 [1:01:24<72:19:58,  1.52it/s]  1%|          | 4203/400000 [1:01:25<76:24:56,  1.44it/s]  1%|          | 4204/400000 [1:01:26<86:58:11,  1.26it/s]  1%|          | 4205/400000 [1:01:27<88:10:51,  1.25it/s]  1%|          | 4206/400000 [1:01:28<83:59:39,  1.31it/s]  1%|          | 4207/400000 [1:01:28<78:43:34,  1.40it/s]  1%|          | 4208/400000 [1:01:29<76:45:36,  1.43it/s]  1%|          | 4209/400000 [1:01:29<73:35:55,  1.49it/s]  1%|          | 4210/400000 [1:01:30<72:18:24,  1.52it/s]                                                            1%|          | 4210/400000 [1:01:30<72:18:24,  1.52it/s]  1%|          | 4211/400000 [1:01:31<72:41:49,  1.51it/s]  1%|          | 4212/400000 [1:01:31<70:49:03,  1.55it/s]  1%|          | 4213/400000 [1:01:32<70:57:51,  1.55it/s]  1%|          | 4214/400000 [1:01:33<73:02:20,  1.51it/s]  1%|          | 4215/400000 [1:01:34<85:56:39,  1.28it/s]  1%|          | 4216/400000 [1:01:35<88:47:04,  1.24it/s]  1%|          | 4217/400000 [1:01:35<85:29:12,  1.29it/s]  1%|          | 4218/400000 [1:01:36<81:42:26,  1.35it/s]  1%|          | 4219/400000 [1:01:37<78:38:38,  1.40it/s]  1%|          | 4220/400000 [1:01:37<75:18:15,  1.46it/s]                                                            1%|          | 4220/400000 [1:01:37<75:18:15,  1.46it/s]  1%|          | 4221/400000 [1:01:38<74:31:14,  1.48it/s]  1%|          | 4222/400000 [1:01:39<73:00:05,  1.51it/s]  1%|          | 4223/400000 [1:01:39<70:14:30,  1.57it/s]  1%|          | 4224/400000 [1:01:40<69:07:16,  1.59it/s]  1%|          | 4225/400000 [1:01:40<72:55:23,  1.51it/s]  1%|          | 4226/400000 [1:01:41<79:40:40,  1.38it/s]  1%|          | 4227/400000 [1:01:42<83:31:09,  1.32it/s]  1%|          | 4228/400000 [1:01:43<82:23:31,  1.33it/s]  1%|          | 4229/400000 [1:01:44<80:13:59,  1.37it/s]  1%|          | 4230/400000 [1:01:44<76:53:59,  1.43it/s]                                                            1%|          | 4230/400000 [1:01:44<76:53:59,  1.43it/s]  1%|          | 4231/400000 [1:01:45<75:24:23,  1.46it/s]  1%|          | 4232/400000 [1:01:45<74:16:51,  1.48it/s]  1%|          | 4233/400000 [1:01:46<73:17:55,  1.50it/s]  1%|          | 4234/400000 [1:01:47<74:39:42,  1.47it/s]  1%|          | 4235/400000 [1:01:48<76:02:58,  1.45it/s]  1%|          | 4236/400000 [1:01:48<76:34:10,  1.44it/s]  1%|          | 4237/400000 [1:01:49<74:25:30,  1.48it/s]  1%|          | 4238/400000 [1:01:50<74:21:58,  1.48it/s]  1%|          | 4239/400000 [1:01:50<74:14:30,  1.48it/s]  1%|          | 4240/400000 [1:01:51<73:45:54,  1.49it/s]                                                            1%|          | 4240/400000 [1:01:51<73:45:54,  1.49it/s]  1%|          | 4241/400000 [1:01:52<71:49:18,  1.53it/s]  1%|          | 4242/400000 [1:01:52<71:39:02,  1.53it/s]  1%|          | 4243/400000 [1:01:53<78:50:26,  1.39it/s]  1%|          | 4244/400000 [1:01:54<80:06:09,  1.37it/s]  1%|          | 4245/400000 [1:01:54<78:33:42,  1.40it/s]  1%|          | 4246/400000 [1:01:55<76:25:33,  1.44it/s]  1%|          | 4247/400000 [1:01:56<75:38:25,  1.45it/s]  1%|          | 4248/400000 [1:01:57<76:17:58,  1.44it/s]  1%|          | 4249/400000 [1:01:57<76:12:31,  1.44it/s]  1%|          | 4250/400000 [1:01:58<74:42:43,  1.47it/s]                                                            1%|          | 4250/400000 [1:01:58<74:42:43,  1.47it/s]  1%|          | 4251/400000 [1:01:59<75:05:06,  1.46it/s]  1%|          | 4252/400000 [1:01:59<73:39:22,  1.49it/s]  1%|          | 4253/400000 [1:02:00<72:23:47,  1.52it/s]  1%|          | 4254/400000 [1:02:01<74:09:47,  1.48it/s]  1%|          | 4255/400000 [1:02:01<75:26:22,  1.46it/s]  1%|          | 4256/400000 [1:02:02<74:09:07,  1.48it/s]  1%|          | 4257/400000 [1:02:03<72:58:05,  1.51it/s]  1%|          | 4258/400000 [1:02:03<74:02:08,  1.48it/s]  1%|          | 4259/400000 [1:02:04<80:07:30,  1.37it/s]  1%|          | 4260/400000 [1:02:05<80:59:39,  1.36it/s]                                                            1%|          | 4260/400000 [1:02:05<80:59:39,  1.36it/s]  1%|          | 4261/400000 [1:02:06<79:42:28,  1.38it/s]  1%|          | 4262/400000 [1:02:06<77:10:12,  1.42it/s]  1%|          | 4263/400000 [1:02:07<75:46:01,  1.45it/s]  1%|          | 4264/400000 [1:02:07<73:11:50,  1.50it/s]  1%|          | 4265/400000 [1:02:08<72:06:01,  1.52it/s]  1%|          | 4266/400000 [1:02:09<72:08:24,  1.52it/s]  1%|          | 4267/400000 [1:02:09<73:16:28,  1.50it/s]  1%|          | 4268/400000 [1:02:10<72:00:08,  1.53it/s]  1%|          | 4269/400000 [1:02:11<71:24:13,  1.54it/s]  1%|          | 4270/400000 [1:02:11<72:28:40,  1.52it/s]                                                            1%|          | 4270/400000 [1:02:11<72:28:40,  1.52it/s]  1%|          | 4271/400000 [1:02:12<74:45:17,  1.47it/s]  1%|          | 4272/400000 [1:02:13<73:46:43,  1.49it/s]  1%|          | 4273/400000 [1:02:14<76:49:08,  1.43it/s]  1%|          | 4274/400000 [1:02:14<79:22:45,  1.38it/s]  1%|          | 4275/400000 [1:02:15<82:09:48,  1.34it/s]  1%|          | 4276/400000 [1:02:16<79:46:20,  1.38it/s]  1%|          | 4277/400000 [1:02:16<78:22:47,  1.40it/s]  1%|          | 4278/400000 [1:02:17<77:18:14,  1.42it/s]  1%|          | 4279/400000 [1:02:18<75:23:02,  1.46it/s]  1%|          | 4280/400000 [1:02:18<73:29:38,  1.50it/s]                                                            1%|          | 4280/400000 [1:02:18<73:29:38,  1.50it/s]  1%|          | 4281/400000 [1:02:19<71:31:20,  1.54it/s]  1%|          | 4282/400000 [1:02:20<73:16:46,  1.50it/s]  1%|          | 4283/400000 [1:02:20<75:31:34,  1.46it/s]  1%|          | 4284/400000 [1:02:21<73:12:18,  1.50it/s]  1%|          | 4285/400000 [1:02:22<72:25:35,  1.52it/s]  1%|          | 4286/400000 [1:02:23<85:38:37,  1.28it/s]  1%|          | 4287/400000 [1:02:24<93:22:11,  1.18it/s]  1%|          | 4288/400000 [1:02:25<92:34:36,  1.19it/s]  1%|          | 4289/400000 [1:02:25<88:38:41,  1.24it/s]  1%|          | 4290/400000 [1:02:26<84:17:37,  1.30it/s]                                                            1%|          | 4290/400000 [1:02:26<84:17:37,  1.30it/s]  1%|          | 4291/400000 [1:02:27<79:44:49,  1.38it/s]  1%|          | 4292/400000 [1:02:27<75:18:02,  1.46it/s]  1%|          | 4293/400000 [1:02:28<72:29:01,  1.52it/s]  1%|          | 4294/400000 [1:02:28<70:44:31,  1.55it/s]  1%|          | 4295/400000 [1:02:29<69:38:38,  1.58it/s]  1%|          | 4296/400000 [1:02:30<68:51:26,  1.60it/s]  1%|          | 4297/400000 [1:02:30<72:01:23,  1.53it/s]  1%|          | 4298/400000 [1:02:31<81:13:19,  1.35it/s]  1%|          | 4299/400000 [1:02:32<85:12:42,  1.29it/s]  1%|          | 4300/400000 [1:02:33<83:22:33,  1.32it/s]                                                            1%|          | 4300/400000 [1:02:33<83:22:33,  1.32it/s]  1%|          | 4301/400000 [1:02:34<80:24:03,  1.37it/s]  1%|          | 4302/400000 [1:02:34<78:27:29,  1.40it/s]  1%|          | 4303/400000 [1:02:35<75:43:13,  1.45it/s]  1%|          | 4304/400000 [1:02:36<74:37:29,  1.47it/s]  1%|          | 4305/400000 [1:02:36<72:38:41,  1.51it/s]  1%|          | 4306/400000 [1:02:37<70:56:37,  1.55it/s]  1%|          | 4307/400000 [1:02:37<71:47:47,  1.53it/s]  1%|          | 4308/400000 [1:02:38<71:53:05,  1.53it/s]  1%|          | 4309/400000 [1:02:39<70:31:07,  1.56it/s]  1%|          | 4310/400000 [1:02:39<70:17:23,  1.56it/s]                                                            1%|          | 4310/400000 [1:02:39<70:17:23,  1.56it/s]  1%|          | 4311/400000 [1:02:40<73:09:03,  1.50it/s]  1%|          | 4312/400000 [1:02:41<77:20:19,  1.42it/s]  1%|          | 4313/400000 [1:02:42<80:57:23,  1.36it/s]  1%|          | 4314/400000 [1:02:42<80:43:19,  1.36it/s]  1%|          | 4315/400000 [1:02:43<79:15:30,  1.39it/s]  1%|          | 4316/400000 [1:02:44<78:27:48,  1.40it/s]  1%|          | 4317/400000 [1:02:44<76:37:17,  1.43it/s]  1%|          | 4318/400000 [1:02:45<74:38:59,  1.47it/s]  1%|          | 4319/400000 [1:02:46<72:32:34,  1.52it/s]  1%|          | 4320/400000 [1:02:46<75:41:37,  1.45it/s]                                                            1%|          | 4320/400000 [1:02:46<75:41:37,  1.45it/s]  1%|          | 4321/400000 [1:02:47<73:42:35,  1.49it/s]  1%|          | 4322/400000 [1:02:48<72:05:44,  1.52it/s]  1%|          | 4323/400000 [1:02:48<71:07:22,  1.55it/s]  1%|          | 4324/400000 [1:02:49<81:09:25,  1.35it/s]  1%|          | 4325/400000 [1:02:50<77:28:15,  1.42it/s]  1%|          | 4326/400000 [1:02:51<80:29:12,  1.37it/s]  1%|          | 4327/400000 [1:02:51<81:53:31,  1.34it/s]  1%|          | 4328/400000 [1:02:52<81:09:43,  1.35it/s]  1%|          | 4329/400000 [1:02:53<80:04:39,  1.37it/s]  1%|          | 4330/400000 [1:02:54<78:54:30,  1.39it/s]                                                            1%|          | 4330/400000 [1:02:54<78:54:30,  1.39it/s]  1%|          | 4331/400000 [1:02:54<78:46:44,  1.40it/s]  1%|          | 4332/400000 [1:02:55<77:54:28,  1.41it/s]  1%|          | 4333/400000 [1:02:56<76:24:57,  1.44it/s]  1%|          | 4334/400000 [1:02:56<74:46:59,  1.47it/s]  1%|          | 4335/400000 [1:02:57<74:12:10,  1.48it/s]  1%|          | 4336/400000 [1:02:58<82:25:39,  1.33it/s]  1%|          | 4337/400000 [1:02:59<82:57:59,  1.32it/s]  1%|          | 4338/400000 [1:02:59<83:03:06,  1.32it/s]  1%|          | 4339/400000 [1:03:00<79:20:06,  1.39it/s]  1%|          | 4340/400000 [1:03:01<76:46:28,  1.43it/s]                                                            1%|          | 4340/400000 [1:03:01<76:46:28,  1.43it/s]  1%|          | 4341/400000 [1:03:01<74:17:28,  1.48it/s]  1%|          | 4342/400000 [1:03:02<73:22:22,  1.50it/s]  1%|          | 4343/400000 [1:03:03<75:41:39,  1.45it/s]  1%|          | 4344/400000 [1:03:03<75:09:38,  1.46it/s]  1%|          | 4345/400000 [1:03:04<73:26:15,  1.50it/s]  1%|          | 4346/400000 [1:03:05<73:52:20,  1.49it/s]  1%|          | 4347/400000 [1:03:05<73:44:44,  1.49it/s]  1%|          | 4348/400000 [1:03:06<72:34:20,  1.51it/s]  1%|          | 4349/400000 [1:03:07<71:46:28,  1.53it/s]  1%|          | 4350/400000 [1:03:07<70:48:47,  1.55it/s]                                                            1%|          | 4350/400000 [1:03:07<70:48:47,  1.55it/s]  1%|          | 4351/400000 [1:03:08<70:38:58,  1.56it/s]  1%|          | 4352/400000 [1:03:09<70:38:58,  1.56it/s]  1%|          | 4353/400000 [1:03:09<71:13:57,  1.54it/s]  1%|          | 4354/400000 [1:03:10<71:40:42,  1.53it/s]  1%|          | 4355/400000 [1:03:11<71:38:31,  1.53it/s]  1%|          | 4356/400000 [1:03:11<71:58:45,  1.53it/s]  1%|          | 4357/400000 [1:03:12<75:31:41,  1.46it/s]  1%|          | 4358/400000 [1:03:13<75:13:52,  1.46it/s]  1%|          | 4359/400000 [1:03:13<74:36:48,  1.47it/s]  1%|          | 4360/400000 [1:03:14<74:24:53,  1.48it/s]                                                            1%|          | 4360/400000 [1:03:14<74:24:53,  1.48it/s]  1%|          | 4361/400000 [1:03:15<75:56:15,  1.45it/s]  1%|          | 4362/400000 [1:03:15<77:22:39,  1.42it/s]  1%|          | 4363/400000 [1:03:16<76:10:25,  1.44it/s]  1%|          | 4364/400000 [1:03:17<76:12:35,  1.44it/s]  1%|          | 4365/400000 [1:03:17<75:08:09,  1.46it/s]  1%|          | 4366/400000 [1:03:18<80:56:33,  1.36it/s]  1%|          | 4367/400000 [1:03:19<81:12:05,  1.35it/s]  1%|          | 4368/400000 [1:03:20<78:43:33,  1.40it/s]  1%|          | 4369/400000 [1:03:20<76:52:55,  1.43it/s]  1%|          | 4370/400000 [1:03:21<74:38:29,  1.47it/s]                                                            1%|          | 4370/400000 [1:03:21<74:38:29,  1.47it/s]  1%|          | 4371/400000 [1:03:22<74:03:59,  1.48it/s]  1%|          | 4372/400000 [1:03:22<73:31:36,  1.49it/s]  1%|          | 4373/400000 [1:03:23<72:27:49,  1.52it/s]  1%|          | 4374/400000 [1:03:24<71:35:35,  1.54it/s]  1%|          | 4375/400000 [1:03:24<71:31:33,  1.54it/s]  1%|          | 4376/400000 [1:03:25<77:19:02,  1.42it/s]  1%|          | 4377/400000 [1:03:26<80:27:43,  1.37it/s]  1%|          | 4378/400000 [1:03:27<80:58:18,  1.36it/s]  1%|          | 4379/400000 [1:03:27<79:46:26,  1.38it/s]  1%|          | 4380/400000 [1:03:28<78:43:41,  1.40it/s]                                                            1%|          | 4380/400000 [1:03:28<78:43:41,  1.40it/s]  1%|          | 4381/400000 [1:03:29<78:12:27,  1.41it/s]  1%|          | 4382/400000 [1:03:29<75:15:09,  1.46it/s]  1%|          | 4383/400000 [1:03:30<73:21:15,  1.50it/s]  1%|          | 4384/400000 [1:03:31<72:30:34,  1.52it/s]  1%|          | 4385/400000 [1:03:31<72:23:12,  1.52it/s]  1%|          | 4386/400000 [1:03:32<72:07:45,  1.52it/s]  1%|          | 4387/400000 [1:03:33<71:32:19,  1.54it/s]  1%|          | 4388/400000 [1:03:33<71:37:01,  1.53it/s]  1%|          | 4389/400000 [1:03:34<72:46:57,  1.51it/s]  1%|          | 4390/400000 [1:03:35<73:54:03,  1.49it/s]                                                            1%|          | 4390/400000 [1:03:35<73:54:03,  1.49it/s]  1%|          | 4391/400000 [1:03:35<72:15:19,  1.52it/s]  1%|          | 4392/400000 [1:03:36<71:54:58,  1.53it/s]  1%|          | 4393/400000 [1:03:36<71:26:22,  1.54it/s]  1%|          | 4394/400000 [1:03:37<71:37:10,  1.53it/s]  1%|          | 4395/400000 [1:03:38<72:38:20,  1.51it/s]  1%|          | 4396/400000 [1:03:38<72:28:58,  1.52it/s]  1%|          | 4397/400000 [1:03:39<73:22:00,  1.50it/s]  1%|          | 4398/400000 [1:03:40<75:26:45,  1.46it/s]  1%|          | 4399/400000 [1:03:41<75:12:26,  1.46it/s]  1%|          | 4400/400000 [1:03:41<75:06:34,  1.46it/s]                                                            1%|          | 4400/400000 [1:03:41<75:06:34,  1.46it/s]  1%|          | 4401/400000 [1:03:42<74:47:46,  1.47it/s]  1%|          | 4402/400000 [1:03:43<79:28:03,  1.38it/s]  1%|          | 4403/400000 [1:03:44<86:52:46,  1.26it/s]  1%|          | 4404/400000 [1:03:44<86:24:52,  1.27it/s]  1%|          | 4405/400000 [1:03:45<83:09:11,  1.32it/s]  1%|          | 4406/400000 [1:03:46<79:45:14,  1.38it/s]  1%|          | 4407/400000 [1:03:46<77:38:31,  1.42it/s]  1%|          | 4408/400000 [1:03:47<75:42:47,  1.45it/s]  1%|          | 4409/400000 [1:03:48<76:51:56,  1.43it/s]  1%|          | 4410/400000 [1:03:49<77:35:36,  1.42it/s]                                                            1%|          | 4410/400000 [1:03:49<77:35:36,  1.42it/s]  1%|          | 4411/400000 [1:03:49<76:59:20,  1.43it/s]  1%|          | 4412/400000 [1:03:50<74:47:48,  1.47it/s]  1%|          | 4413/400000 [1:03:51<76:26:48,  1.44it/s]  1%|          | 4414/400000 [1:03:51<74:17:49,  1.48it/s]  1%|          | 4415/400000 [1:03:52<72:54:26,  1.51it/s]  1%|          | 4416/400000 [1:03:53<73:19:54,  1.50it/s]  1%|          | 4417/400000 [1:03:53<73:12:29,  1.50it/s]  1%|          | 4418/400000 [1:03:54<73:07:44,  1.50it/s]  1%|          | 4419/400000 [1:03:55<73:46:17,  1.49it/s]  1%|          | 4420/400000 [1:03:56<82:41:51,  1.33it/s]                                                            1%|          | 4420/400000 [1:03:56<82:41:51,  1.33it/s]  1%|          | 4421/400000 [1:03:56<85:44:32,  1.28it/s]  1%|          | 4422/400000 [1:03:57<84:45:54,  1.30it/s]  1%|          | 4423/400000 [1:03:58<84:10:12,  1.31it/s]  1%|          | 4424/400000 [1:03:59<81:24:10,  1.35it/s]  1%|          | 4425/400000 [1:03:59<77:56:57,  1.41it/s]  1%|          | 4426/400000 [1:04:00<75:02:40,  1.46it/s]  1%|          | 4427/400000 [1:04:00<72:37:33,  1.51it/s]  1%|          | 4428/400000 [1:04:01<71:53:22,  1.53it/s]  1%|          | 4429/400000 [1:04:02<71:40:42,  1.53it/s]  1%|          | 4430/400000 [1:04:03<79:54:43,  1.38it/s]                                                            1%|          | 4430/400000 [1:04:03<79:54:43,  1.38it/s]  1%|          | 4431/400000 [1:04:03<82:04:28,  1.34it/s]  1%|          | 4432/400000 [1:04:04<79:22:27,  1.38it/s]  1%|          | 4433/400000 [1:04:05<81:51:12,  1.34it/s]  1%|          | 4434/400000 [1:04:06<81:43:31,  1.34it/s]  1%|          | 4435/400000 [1:04:06<79:16:30,  1.39it/s]  1%|          | 4436/400000 [1:04:07<79:21:38,  1.38it/s]  1%|          | 4437/400000 [1:04:08<75:39:55,  1.45it/s]  1%|          | 4438/400000 [1:04:09<85:56:11,  1.28it/s]  1%|          | 4439/400000 [1:04:09<89:05:15,  1.23it/s]  1%|          | 4440/400000 [1:04:10<86:09:44,  1.28it/s]                                                            1%|          | 4440/400000 [1:04:10<86:09:44,  1.28it/s]  1%|          | 4441/400000 [1:04:11<82:10:07,  1.34it/s]  1%|          | 4442/400000 [1:04:11<76:53:45,  1.43it/s]  1%|          | 4443/400000 [1:04:12<74:29:06,  1.48it/s]  1%|          | 4444/400000 [1:04:13<72:15:56,  1.52it/s]  1%|          | 4445/400000 [1:04:14<77:13:45,  1.42it/s]  1%|          | 4446/400000 [1:04:14<78:34:21,  1.40it/s]  1%|          | 4447/400000 [1:04:15<81:29:07,  1.35it/s]  1%|          | 4448/400000 [1:04:16<79:17:53,  1.39it/s]  1%|          | 4449/400000 [1:04:16<76:40:05,  1.43it/s]  1%|          | 4450/400000 [1:04:17<74:49:59,  1.47it/s]                                                            1%|          | 4450/400000 [1:04:17<74:49:59,  1.47it/s]  1%|          | 4451/400000 [1:04:18<73:15:53,  1.50it/s]  1%|          | 4452/400000 [1:04:18<72:34:08,  1.51it/s]  1%|          | 4453/400000 [1:04:19<70:56:19,  1.55it/s]  1%|          | 4454/400000 [1:04:20<71:48:34,  1.53it/s]  1%|          | 4455/400000 [1:04:20<72:06:45,  1.52it/s]  1%|          | 4456/400000 [1:04:21<71:40:17,  1.53it/s]  1%|          | 4457/400000 [1:04:22<70:41:58,  1.55it/s]  1%|          | 4458/400000 [1:04:22<72:03:33,  1.52it/s]  1%|          | 4459/400000 [1:04:23<73:29:39,  1.49it/s]  1%|          | 4460/400000 [1:04:24<73:01:52,  1.50it/s]                                                            1%|          | 4460/400000 [1:04:24<73:01:52,  1.50it/s]  1%|          | 4461/400000 [1:04:24<74:19:41,  1.48it/s]  1%|          | 4462/400000 [1:04:25<73:18:41,  1.50it/s]  1%|          | 4463/400000 [1:04:26<73:21:26,  1.50it/s]  1%|          | 4464/400000 [1:04:26<71:57:46,  1.53it/s]  1%|          | 4465/400000 [1:04:27<71:36:39,  1.53it/s]  1%|          | 4466/400000 [1:04:27<71:57:32,  1.53it/s]  1%|          | 4467/400000 [1:04:28<74:18:13,  1.48it/s]  1%|          | 4468/400000 [1:04:29<84:33:44,  1.30it/s]  1%|          | 4469/400000 [1:04:30<86:01:33,  1.28it/s]  1%|          | 4470/400000 [1:04:31<83:26:48,  1.32it/s]                                                            1%|          | 4470/400000 [1:04:31<83:26:48,  1.32it/s]  1%|          | 4471/400000 [1:04:31<81:12:48,  1.35it/s]  1%|          | 4472/400000 [1:04:32<78:02:11,  1.41it/s]  1%|          | 4473/400000 [1:04:33<75:28:47,  1.46it/s]  1%|          | 4474/400000 [1:04:33<74:59:34,  1.47it/s]  1%|          | 4475/400000 [1:04:34<73:58:57,  1.49it/s]  1%|          | 4476/400000 [1:04:35<72:32:27,  1.51it/s]  1%|          | 4477/400000 [1:04:36<83:42:26,  1.31it/s]  1%|          | 4478/400000 [1:04:36<84:13:42,  1.30it/s]  1%|          | 4479/400000 [1:04:37<81:33:37,  1.35it/s]  1%|          | 4480/400000 [1:04:38<78:39:30,  1.40it/s]                                                            1%|          | 4480/400000 [1:04:38<78:39:30,  1.40it/s]  1%|          | 4481/400000 [1:04:38<76:41:45,  1.43it/s]  1%|          | 4482/400000 [1:04:39<75:44:19,  1.45it/s]  1%|          | 4483/400000 [1:04:40<74:09:30,  1.48it/s]  1%|          | 4484/400000 [1:04:40<73:13:20,  1.50it/s]  1%|          | 4485/400000 [1:04:41<72:14:05,  1.52it/s]  1%|          | 4486/400000 [1:04:42<75:40:40,  1.45it/s]  1%|          | 4487/400000 [1:04:43<80:15:38,  1.37it/s]  1%|          | 4488/400000 [1:04:43<77:49:19,  1.41it/s]  1%|          | 4489/400000 [1:04:44<78:08:33,  1.41it/s]  1%|          | 4490/400000 [1:04:45<77:17:15,  1.42it/s]                                                            1%|          | 4490/400000 [1:04:45<77:17:15,  1.42it/s]  1%|          | 4491/400000 [1:04:45<77:04:02,  1.43it/s]  1%|          | 4492/400000 [1:04:46<76:21:47,  1.44it/s]  1%|          | 4493/400000 [1:04:47<74:58:30,  1.47it/s]  1%|          | 4494/400000 [1:04:47<73:52:32,  1.49it/s]  1%|          | 4495/400000 [1:04:48<73:20:27,  1.50it/s]  1%|          | 4496/400000 [1:04:49<72:35:19,  1.51it/s]  1%|          | 4497/400000 [1:04:49<74:28:27,  1.48it/s]  1%|          | 4498/400000 [1:04:50<76:15:50,  1.44it/s]  1%|          | 4499/400000 [1:04:51<77:07:37,  1.42it/s]  1%|          | 4500/400000 [1:04:52<77:26:02,  1.42it/s]                                                            1%|          | 4500/400000 [1:04:52<77:26:02,  1.42it/s]  1%|          | 4501/400000 [1:04:52<76:16:23,  1.44it/s]  1%|          | 4502/400000 [1:04:53<82:00:23,  1.34it/s]  1%|          | 4503/400000 [1:04:54<82:39:08,  1.33it/s]  1%|          | 4504/400000 [1:04:54<79:15:18,  1.39it/s]  1%|          | 4505/400000 [1:04:55<76:13:33,  1.44it/s]  1%|          | 4506/400000 [1:04:56<74:45:49,  1.47it/s]  1%|          | 4507/400000 [1:04:57<78:23:16,  1.40it/s]  1%|          | 4508/400000 [1:04:57<83:23:32,  1.32it/s]  1%|          | 4509/400000 [1:04:58<82:50:47,  1.33it/s]  1%|          | 4510/400000 [1:04:59<78:59:42,  1.39it/s]                                                            1%|          | 4510/400000 [1:04:59<78:59:42,  1.39it/s]  1%|          | 4511/400000 [1:04:59<75:07:09,  1.46it/s]  1%|          | 4512/400000 [1:05:00<74:51:48,  1.47it/s]  1%|          | 4513/400000 [1:05:01<73:32:14,  1.49it/s]  1%|          | 4514/400000 [1:05:01<72:26:11,  1.52it/s]  1%|          | 4515/400000 [1:05:02<71:13:14,  1.54it/s]  1%|          | 4516/400000 [1:05:03<70:54:47,  1.55it/s]  1%|          | 4517/400000 [1:05:03<71:55:05,  1.53it/s]  1%|          | 4518/400000 [1:05:04<80:04:06,  1.37it/s]  1%|          | 4519/400000 [1:05:05<81:47:51,  1.34it/s]  1%|          | 4520/400000 [1:05:06<79:33:34,  1.38it/s]                                                            1%|          | 4520/400000 [1:05:06<79:33:34,  1.38it/s]  1%|          | 4521/400000 [1:05:06<76:18:36,  1.44it/s]  1%|          | 4522/400000 [1:05:07<77:12:05,  1.42it/s]  1%|          | 4523/400000 [1:05:08<80:58:11,  1.36it/s]  1%|          | 4524/400000 [1:05:09<79:58:57,  1.37it/s]  1%|          | 4525/400000 [1:05:09<76:42:52,  1.43it/s]  1%|          | 4526/400000 [1:05:10<74:59:31,  1.46it/s]  1%|          | 4527/400000 [1:05:10<73:09:13,  1.50it/s]  1%|          | 4528/400000 [1:05:11<72:17:06,  1.52it/s]  1%|          | 4529/400000 [1:05:12<71:31:32,  1.54it/s]  1%|          | 4530/400000 [1:05:12<71:32:30,  1.54it/s]                                                            1%|          | 4530/400000 [1:05:12<71:32:30,  1.54it/s]  1%|          | 4531/400000 [1:05:13<72:14:59,  1.52it/s]  1%|          | 4532/400000 [1:05:14<84:29:50,  1.30it/s]  1%|          | 4533/400000 [1:05:15<85:41:20,  1.28it/s]  1%|          | 4534/400000 [1:05:16<83:43:07,  1.31it/s]  1%|          | 4535/400000 [1:05:16<79:48:57,  1.38it/s]  1%|          | 4536/400000 [1:05:17<77:26:47,  1.42it/s]  1%|          | 4537/400000 [1:05:17<74:47:10,  1.47it/s]  1%|          | 4538/400000 [1:05:18<73:46:09,  1.49it/s]  1%|          | 4539/400000 [1:05:19<72:14:35,  1.52it/s]  1%|          | 4540/400000 [1:05:19<74:30:03,  1.47it/s]                                                            1%|          | 4540/400000 [1:05:20<74:30:03,  1.47it/s]  1%|          | 4541/400000 [1:05:20<79:33:52,  1.38it/s]  1%|          | 4542/400000 [1:05:21<78:45:55,  1.39it/s]  1%|          | 4543/400000 [1:05:22<76:44:56,  1.43it/s]  1%|          | 4544/400000 [1:05:22<75:24:20,  1.46it/s]  1%|          | 4545/400000 [1:05:23<73:40:19,  1.49it/s]  1%|          | 4546/400000 [1:05:24<71:55:10,  1.53it/s]  1%|          | 4547/400000 [1:05:24<77:51:12,  1.41it/s]  1%|          | 4548/400000 [1:05:25<82:54:51,  1.32it/s]  1%|          | 4549/400000 [1:05:26<82:47:13,  1.33it/s]  1%|          | 4550/400000 [1:05:27<79:23:33,  1.38it/s]                                                            1%|          | 4550/400000 [1:05:27<79:23:33,  1.38it/s]  1%|          | 4551/400000 [1:05:27<78:30:20,  1.40it/s]  1%|          | 4552/400000 [1:05:28<77:21:58,  1.42it/s]  1%|          | 4553/400000 [1:05:29<74:51:01,  1.47it/s]  1%|          | 4554/400000 [1:05:29<72:18:43,  1.52it/s]  1%|          | 4555/400000 [1:05:30<76:00:51,  1.45it/s]  1%|          | 4556/400000 [1:05:31<78:03:09,  1.41it/s]  1%|          | 4557/400000 [1:05:31<74:59:16,  1.46it/s]  1%|          | 4558/400000 [1:05:32<73:16:00,  1.50it/s]  1%|          | 4559/400000 [1:05:33<72:28:42,  1.52it/s]  1%|          | 4560/400000 [1:05:33<72:14:10,  1.52it/s]                                                            1%|          | 4560/400000 [1:05:33<72:14:10,  1.52it/s]  1%|          | 4561/400000 [1:05:34<72:24:30,  1.52it/s]  1%|          | 4562/400000 [1:05:35<71:24:48,  1.54it/s]  1%|          | 4563/400000 [1:05:35<72:34:07,  1.51it/s]  1%|          | 4564/400000 [1:05:36<75:35:46,  1.45it/s]  1%|          | 4565/400000 [1:05:37<74:48:47,  1.47it/s]  1%|          | 4566/400000 [1:05:37<75:02:43,  1.46it/s]  1%|          | 4567/400000 [1:05:38<72:29:27,  1.52it/s]  1%|          | 4568/400000 [1:05:39<71:44:39,  1.53it/s]  1%|          | 4569/400000 [1:05:39<72:57:44,  1.51it/s]  1%|          | 4570/400000 [1:05:40<73:43:06,  1.49it/s]                                                            1%|          | 4570/400000 [1:05:40<73:43:06,  1.49it/s]  1%|          | 4571/400000 [1:05:41<76:37:58,  1.43it/s]  1%|          | 4572/400000 [1:05:42<82:52:30,  1.33it/s]  1%|          | 4573/400000 [1:05:43<84:51:58,  1.29it/s]  1%|          | 4574/400000 [1:05:43<82:36:51,  1.33it/s]  1%|          | 4575/400000 [1:05:44<80:03:09,  1.37it/s]  1%|          | 4576/400000 [1:05:45<76:42:52,  1.43it/s]  1%|          | 4577/400000 [1:05:45<75:32:18,  1.45it/s]  1%|          | 4578/400000 [1:05:46<74:27:21,  1.48it/s]  1%|          | 4579/400000 [1:05:47<73:37:55,  1.49it/s]  1%|          | 4580/400000 [1:05:47<72:09:08,  1.52it/s]                                                            1%|          | 4580/400000 [1:05:47<72:09:08,  1.52it/s]  1%|          | 4581/400000 [1:05:48<79:25:47,  1.38it/s]  1%|          | 4582/400000 [1:05:49<87:25:38,  1.26it/s]  1%|          | 4583/400000 [1:05:50<86:38:04,  1.27it/s]  1%|          | 4584/400000 [1:05:50<84:52:47,  1.29it/s]  1%|          | 4585/400000 [1:05:51<80:31:03,  1.36it/s]  1%|          | 4586/400000 [1:05:52<79:55:23,  1.37it/s]  1%|          | 4587/400000 [1:05:53<77:44:14,  1.41it/s]  1%|          | 4588/400000 [1:05:53<75:59:58,  1.45it/s]  1%|          | 4589/400000 [1:05:54<74:32:29,  1.47it/s]  1%|          | 4590/400000 [1:05:54<73:39:47,  1.49it/s]                                                            1%|          | 4590/400000 [1:05:54<73:39:47,  1.49it/s]  1%|          | 4591/400000 [1:05:55<73:54:56,  1.49it/s]  1%|          | 4592/400000 [1:05:56<72:54:17,  1.51it/s]  1%|          | 4593/400000 [1:05:57<75:14:13,  1.46it/s]  1%|          | 4594/400000 [1:05:57<78:35:30,  1.40it/s]  1%|          | 4595/400000 [1:05:58<77:59:44,  1.41it/s]  1%|          | 4596/400000 [1:05:59<77:55:54,  1.41it/s]  1%|          | 4597/400000 [1:05:59<75:27:43,  1.46it/s]  1%|          | 4598/400000 [1:06:00<74:19:35,  1.48it/s]  1%|          | 4599/400000 [1:06:01<73:43:11,  1.49it/s]  1%|          | 4600/400000 [1:06:02<85:54:49,  1.28it/s]                                                            1%|          | 4600/400000 [1:06:02<85:54:49,  1.28it/s]  1%|          | 4601/400000 [1:06:03<87:32:05,  1.25it/s]  1%|          | 4602/400000 [1:06:03<84:20:03,  1.30it/s]  1%|          | 4603/400000 [1:06:04<79:57:26,  1.37it/s]  1%|          | 4604/400000 [1:06:05<77:24:04,  1.42it/s]  1%|          | 4605/400000 [1:06:05<75:16:53,  1.46it/s]  1%|          | 4606/400000 [1:06:06<73:21:48,  1.50it/s]  1%|          | 4607/400000 [1:06:06<72:26:28,  1.52it/s]  1%|          | 4608/400000 [1:06:07<79:52:54,  1.37it/s]  1%|          | 4609/400000 [1:06:08<92:10:43,  1.19it/s]  1%|          | 4610/400000 [1:06:09<92:44:17,  1.18it/s]                                                            1%|          | 4610/400000 [1:06:09<92:44:17,  1.18it/s]  1%|          | 4611/400000 [1:06:10<89:28:27,  1.23it/s]  1%|          | 4612/400000 [1:06:11<85:37:11,  1.28it/s]  1%|          | 4613/400000 [1:06:11<81:19:47,  1.35it/s]  1%|          | 4614/400000 [1:06:12<77:43:45,  1.41it/s]  1%|          | 4615/400000 [1:06:13<73:37:39,  1.49it/s]  1%|          | 4616/400000 [1:06:13<71:45:38,  1.53it/s]  1%|          | 4617/400000 [1:06:14<71:08:07,  1.54it/s]  1%|          | 4618/400000 [1:06:14<72:01:07,  1.52it/s]  1%|          | 4619/400000 [1:06:15<75:26:37,  1.46it/s]  1%|          | 4620/400000 [1:06:16<75:35:26,  1.45it/s]                                                            1%|          | 4620/400000 [1:06:16<75:35:26,  1.45it/s]  1%|          | 4621/400000 [1:06:17<76:12:14,  1.44it/s]  1%|          | 4622/400000 [1:06:17<74:36:10,  1.47it/s]  1%|          | 4623/400000 [1:06:18<86:38:12,  1.27it/s]  1%|          | 4624/400000 [1:06:19<87:05:22,  1.26it/s]  1%|          | 4625/400000 [1:06:20<82:28:47,  1.33it/s]  1%|          | 4626/400000 [1:06:20<78:42:29,  1.40it/s]  1%|          | 4627/400000 [1:06:21<75:28:17,  1.46it/s]  1%|          | 4628/400000 [1:06:22<73:23:28,  1.50it/s]  1%|          | 4629/400000 [1:06:22<71:51:37,  1.53it/s]  1%|          | 4630/400000 [1:06:23<71:07:23,  1.54it/s]                                                            1%|          | 4630/400000 [1:06:23<71:07:23,  1.54it/s]  1%|          | 4631/400000 [1:06:24<72:08:46,  1.52it/s]  1%|          | 4632/400000 [1:06:24<73:31:15,  1.49it/s]  1%|          | 4633/400000 [1:06:25<74:42:20,  1.47it/s]  1%|          | 4634/400000 [1:06:26<74:38:44,  1.47it/s]  1%|          | 4635/400000 [1:06:27<82:32:35,  1.33it/s]  1%|          | 4636/400000 [1:06:27<85:22:46,  1.29it/s]  1%|          | 4637/400000 [1:06:28<82:59:21,  1.32it/s]  1%|          | 4638/400000 [1:06:29<79:12:49,  1.39it/s]  1%|          | 4639/400000 [1:06:29<75:26:57,  1.46it/s]  1%|          | 4640/400000 [1:06:30<71:51:24,  1.53it/s]                                                            1%|          | 4640/400000 [1:06:30<71:51:24,  1.53it/s]  1%|          | 4641/400000 [1:06:31<71:40:46,  1.53it/s]  1%|          | 4642/400000 [1:06:31<73:05:28,  1.50it/s]  1%|          | 4643/400000 [1:06:32<73:50:46,  1.49it/s]  1%|          | 4644/400000 [1:06:33<74:09:30,  1.48it/s]  1%|          | 4645/400000 [1:06:33<73:29:29,  1.49it/s]  1%|          | 4646/400000 [1:06:34<73:46:43,  1.49it/s]  1%|          | 4647/400000 [1:06:35<72:58:48,  1.50it/s]  1%|          | 4648/400000 [1:06:35<74:25:34,  1.48it/s]  1%|          | 4649/400000 [1:06:36<76:19:59,  1.44it/s]  1%|          | 4650/400000 [1:06:37<75:34:44,  1.45it/s]                                                            1%|          | 4650/400000 [1:06:37<75:34:44,  1.45it/s]  1%|          | 4651/400000 [1:06:37<76:15:54,  1.44it/s]  1%|          | 4652/400000 [1:06:38<75:29:37,  1.45it/s]  1%|          | 4653/400000 [1:06:39<75:18:09,  1.46it/s]  1%|          | 4654/400000 [1:06:40<74:45:52,  1.47it/s]  1%|          | 4655/400000 [1:06:40<74:38:28,  1.47it/s]  1%|          | 4656/400000 [1:06:41<73:28:33,  1.49it/s]  1%|          | 4657/400000 [1:06:42<73:55:45,  1.49it/s]  1%|          | 4658/400000 [1:06:42<73:36:43,  1.49it/s]  1%|          | 4659/400000 [1:06:43<72:19:36,  1.52it/s]  1%|          | 4660/400000 [1:06:43<72:47:17,  1.51it/s]                                                            1%|          | 4660/400000 [1:06:43<72:47:17,  1.51it/s]  1%|          | 4661/400000 [1:06:44<74:56:34,  1.47it/s]  1%|          | 4662/400000 [1:06:45<83:18:29,  1.32it/s]  1%|          | 4663/400000 [1:06:46<86:28:29,  1.27it/s]  1%|          | 4664/400000 [1:06:47<84:03:10,  1.31it/s]  1%|          | 4665/400000 [1:06:47<81:18:56,  1.35it/s]  1%|          | 4666/400000 [1:06:48<78:54:20,  1.39it/s]  1%|          | 4667/400000 [1:06:49<78:00:16,  1.41it/s]  1%|          | 4668/400000 [1:06:49<76:04:44,  1.44it/s]  1%|          | 4669/400000 [1:06:50<75:39:28,  1.45it/s]  1%|          | 4670/400000 [1:06:51<74:30:15,  1.47it/s]                                                            1%|          | 4670/400000 [1:06:51<74:30:15,  1.47it/s]  1%|          | 4671/400000 [1:06:51<74:32:32,  1.47it/s]  1%|          | 4672/400000 [1:06:52<73:09:24,  1.50it/s]  1%|          | 4673/400000 [1:06:53<72:32:27,  1.51it/s]  1%|          | 4674/400000 [1:06:53<74:59:07,  1.46it/s]  1%|          | 4675/400000 [1:06:54<81:34:03,  1.35it/s]  1%|          | 4676/400000 [1:06:55<83:20:18,  1.32it/s]  1%|          | 4677/400000 [1:06:56<81:31:29,  1.35it/s]  1%|          | 4678/400000 [1:06:56<78:59:22,  1.39it/s]  1%|          | 4679/400000 [1:06:57<76:45:26,  1.43it/s]  1%|          | 4680/400000 [1:06:58<74:49:12,  1.47it/s]                                                            1%|          | 4680/400000 [1:06:58<74:49:12,  1.47it/s]  1%|          | 4681/400000 [1:06:58<73:18:25,  1.50it/s]  1%|          | 4682/400000 [1:06:59<74:53:07,  1.47it/s]  1%|          | 4683/400000 [1:07:00<74:00:27,  1.48it/s]  1%|          | 4684/400000 [1:07:00<73:45:06,  1.49it/s]  1%|          | 4685/400000 [1:07:01<73:42:54,  1.49it/s]  1%|          | 4686/400000 [1:07:02<73:20:07,  1.50it/s]  1%|          | 4687/400000 [1:07:02<73:04:18,  1.50it/s]  1%|          | 4688/400000 [1:07:03<72:24:01,  1.52it/s]  1%|          | 4689/400000 [1:07:04<72:18:03,  1.52it/s]  1%|          | 4690/400000 [1:07:05<76:34:46,  1.43it/s]                                                            1%|          | 4690/400000 [1:07:05<76:34:46,  1.43it/s]  1%|          | 4691/400000 [1:07:05<78:54:44,  1.39it/s]  1%|          | 4692/400000 [1:07:06<79:20:11,  1.38it/s]  1%|          | 4693/400000 [1:07:07<78:35:35,  1.40it/s]  1%|          | 4694/400000 [1:07:07<76:44:41,  1.43it/s]  1%|          | 4695/400000 [1:07:08<75:08:44,  1.46it/s]  1%|          | 4696/400000 [1:07:09<75:53:35,  1.45it/s]  1%|          | 4697/400000 [1:07:09<76:13:57,  1.44it/s]  1%|          | 4698/400000 [1:07:10<76:48:40,  1.43it/s]  1%|          | 4699/400000 [1:07:11<78:37:26,  1.40it/s]  1%|          | 4700/400000 [1:07:12<78:22:27,  1.40it/s]                                                            1%|          | 4700/400000 [1:07:12<78:22:27,  1.40it/s]  1%|          | 4701/400000 [1:07:12<76:50:30,  1.43it/s]  1%|          | 4702/400000 [1:07:13<75:02:08,  1.46it/s]  1%|          | 4703/400000 [1:07:14<72:38:11,  1.51it/s]  1%|          | 4704/400000 [1:07:14<71:20:08,  1.54it/s]  1%|          | 4705/400000 [1:07:15<73:29:27,  1.49it/s]  1%|          | 4706/400000 [1:07:16<77:26:15,  1.42it/s]  1%|          | 4707/400000 [1:07:16<79:46:29,  1.38it/s]  1%|          | 4708/400000 [1:07:17<77:37:34,  1.41it/s]  1%|          | 4709/400000 [1:07:18<76:26:26,  1.44it/s]  1%|          | 4710/400000 [1:07:18<74:13:40,  1.48it/s]                                                            1%|          | 4710/400000 [1:07:18<74:13:40,  1.48it/s]  1%|          | 4711/400000 [1:07:19<83:17:08,  1.32it/s]  1%|          | 4712/400000 [1:07:20<84:55:06,  1.29it/s]  1%|          | 4713/400000 [1:07:21<83:34:21,  1.31it/s]  1%|          | 4714/400000 [1:07:22<80:29:07,  1.36it/s]  1%|          | 4715/400000 [1:07:22<74:35:25,  1.47it/s]  1%|          | 4716/400000 [1:07:23<73:00:45,  1.50it/s]  1%|          | 4717/400000 [1:07:23<72:06:14,  1.52it/s]  1%|          | 4718/400000 [1:07:24<71:34:05,  1.53it/s]  1%|          | 4719/400000 [1:07:25<82:06:50,  1.34it/s]  1%|          | 4720/400000 [1:07:26<84:06:11,  1.31it/s]                                                            1%|          | 4720/400000 [1:07:26<84:06:11,  1.31it/s]  1%|          | 4721/400000 [1:07:27<82:38:36,  1.33it/s]  1%|          | 4722/400000 [1:07:27<79:43:47,  1.38it/s]  1%|          | 4723/400000 [1:07:28<77:33:05,  1.42it/s]  1%|          | 4724/400000 [1:07:28<74:11:42,  1.48it/s]  1%|          | 4725/400000 [1:07:29<73:54:54,  1.49it/s]  1%|          | 4726/400000 [1:07:30<73:00:44,  1.50it/s]  1%|          | 4727/400000 [1:07:30<71:48:59,  1.53it/s]  1%|          | 4728/400000 [1:07:31<71:48:10,  1.53it/s]  1%|          | 4729/400000 [1:07:32<71:27:11,  1.54it/s]  1%|          | 4730/400000 [1:07:33<86:21:10,  1.27it/s]                                                            1%|          | 4730/400000 [1:07:33<86:21:10,  1.27it/s]  1%|          | 4731/400000 [1:07:34<93:43:36,  1.17it/s]  1%|          | 4732/400000 [1:07:35<92:16:35,  1.19it/s]  1%|          | 4733/400000 [1:07:35<86:32:26,  1.27it/s]  1%|          | 4734/400000 [1:07:36<82:05:58,  1.34it/s]  1%|          | 4735/400000 [1:07:37<78:34:15,  1.40it/s]  1%|          | 4736/400000 [1:07:37<74:37:43,  1.47it/s]  1%|          | 4737/400000 [1:07:38<72:21:12,  1.52it/s]  1%|          | 4738/400000 [1:07:38<70:50:44,  1.55it/s]  1%|          | 4739/400000 [1:07:39<70:11:26,  1.56it/s]  1%|          | 4740/400000 [1:07:40<71:39:28,  1.53it/s]                                                            1%|          | 4740/400000 [1:07:40<71:39:28,  1.53it/s]  1%|          | 4741/400000 [1:07:40<73:49:00,  1.49it/s]  1%|          | 4742/400000 [1:07:41<72:59:31,  1.50it/s]  1%|          | 4743/400000 [1:07:42<71:21:49,  1.54it/s]  1%|          | 4744/400000 [1:07:42<71:26:53,  1.54it/s]  1%|          | 4745/400000 [1:07:43<67:26:15,  1.63it/s]  1%|          | 4746/400000 [1:07:44<68:43:57,  1.60it/s]  1%|          | 4747/400000 [1:07:44<70:26:57,  1.56it/s]  1%|          | 4748/400000 [1:07:45<69:57:52,  1.57it/s]  1%|          | 4749/400000 [1:07:45<70:03:40,  1.57it/s]  1%|          | 4750/400000 [1:07:46<70:57:25,  1.55it/s]                                                            1%|          | 4750/400000 [1:07:46<70:57:25,  1.55it/s]  1%|          | 4751/400000 [1:07:47<72:08:47,  1.52it/s]  1%|          | 4752/400000 [1:07:48<82:22:59,  1.33it/s]  1%|          | 4753/400000 [1:07:49<87:22:38,  1.26it/s]  1%|          | 4754/400000 [1:07:49<84:28:20,  1.30it/s]  1%|          | 4755/400000 [1:07:50<81:50:44,  1.34it/s]  1%|          | 4756/400000 [1:07:51<78:26:10,  1.40it/s]  1%|          | 4757/400000 [1:07:51<77:26:18,  1.42it/s]  1%|          | 4758/400000 [1:07:52<75:53:48,  1.45it/s]  1%|          | 4759/400000 [1:07:53<74:12:01,  1.48it/s]  1%|          | 4760/400000 [1:07:53<76:06:04,  1.44it/s]                                                            1%|          | 4760/400000 [1:07:53<76:06:04,  1.44it/s]  1%|          | 4761/400000 [1:07:54<77:24:31,  1.42it/s]  1%|          | 4762/400000 [1:07:55<77:17:29,  1.42it/s]  1%|          | 4763/400000 [1:07:56<77:08:48,  1.42it/s]  1%|          | 4764/400000 [1:07:56<75:41:11,  1.45it/s]  1%|          | 4765/400000 [1:07:57<74:33:49,  1.47it/s]  1%|          | 4766/400000 [1:07:58<73:40:47,  1.49it/s]  1%|          | 4767/400000 [1:07:58<74:11:23,  1.48it/s]  1%|          | 4768/400000 [1:07:59<74:30:06,  1.47it/s]  1%|          | 4769/400000 [1:08:00<74:24:39,  1.48it/s]  1%|          | 4770/400000 [1:08:00<74:02:12,  1.48it/s]                                                            1%|          | 4770/400000 [1:08:00<74:02:12,  1.48it/s]  1%|          | 4771/400000 [1:08:01<74:02:43,  1.48it/s]  1%|          | 4772/400000 [1:08:02<73:02:24,  1.50it/s]  1%|          | 4773/400000 [1:08:02<75:26:59,  1.46it/s]  1%|          | 4774/400000 [1:08:03<74:48:20,  1.47it/s]  1%|          | 4775/400000 [1:08:04<74:01:58,  1.48it/s]  1%|          | 4776/400000 [1:08:04<73:38:13,  1.49it/s]  1%|          | 4777/400000 [1:08:05<72:31:46,  1.51it/s]  1%|          | 4778/400000 [1:08:06<72:20:19,  1.52it/s]  1%|          | 4779/400000 [1:08:07<81:21:10,  1.35it/s]  1%|          | 4780/400000 [1:08:07<84:40:16,  1.30it/s]                                                            1%|          | 4780/400000 [1:08:07<84:40:16,  1.30it/s]  1%|          | 4781/400000 [1:08:08<83:43:39,  1.31it/s]  1%|          | 4782/400000 [1:08:09<82:28:46,  1.33it/s]  1%|          | 4783/400000 [1:08:09<78:21:45,  1.40it/s]  1%|          | 4784/400000 [1:08:10<75:36:58,  1.45it/s]  1%|          | 4785/400000 [1:08:11<82:02:07,  1.34it/s]  1%|          | 4786/400000 [1:08:12<83:39:36,  1.31it/s]  1%|          | 4787/400000 [1:08:13<83:37:00,  1.31it/s]  1%|          | 4788/400000 [1:08:13<84:32:00,  1.30it/s]  1%|          | 4789/400000 [1:08:14<82:45:43,  1.33it/s]  1%|          | 4790/400000 [1:08:15<80:04:54,  1.37it/s]                                                            1%|          | 4790/400000 [1:08:15<80:04:54,  1.37it/s]  1%|          | 4791/400000 [1:08:15<77:12:18,  1.42it/s]  1%|          | 4792/400000 [1:08:16<74:11:13,  1.48it/s]  1%|          | 4793/400000 [1:08:17<73:37:26,  1.49it/s]  1%|          | 4794/400000 [1:08:17<71:39:47,  1.53it/s]  1%|          | 4795/400000 [1:08:18<69:33:57,  1.58it/s]  1%|          | 4796/400000 [1:08:19<70:58:00,  1.55it/s]  1%|          | 4797/400000 [1:08:19<80:24:19,  1.37it/s]  1%|          | 4798/400000 [1:08:20<84:22:55,  1.30it/s]  1%|          | 4799/400000 [1:08:21<86:31:59,  1.27it/s]  1%|          | 4800/400000 [1:08:22<87:27:34,  1.26it/s]                                                            1%|          | 4800/400000 [1:08:22<87:27:34,  1.26it/s]  1%|          | 4801/400000 [1:08:23<84:21:12,  1.30it/s]  1%|          | 4802/400000 [1:08:23<79:35:07,  1.38it/s]  1%|          | 4803/400000 [1:08:24<76:02:12,  1.44it/s]  1%|          | 4804/400000 [1:08:25<74:01:38,  1.48it/s]  1%|          | 4805/400000 [1:08:25<72:16:37,  1.52it/s]  1%|          | 4806/400000 [1:08:26<72:40:55,  1.51it/s]  1%|          | 4807/400000 [1:08:26<71:49:58,  1.53it/s]  1%|          | 4808/400000 [1:08:27<69:58:18,  1.57it/s]  1%|          | 4809/400000 [1:08:28<69:29:56,  1.58it/s]  1%|          | 4810/400000 [1:08:28<70:46:25,  1.55it/s]                                                            1%|          | 4810/400000 [1:08:28<70:46:25,  1.55it/s]  1%|          | 4811/400000 [1:08:29<76:24:03,  1.44it/s]  1%|          | 4812/400000 [1:08:30<79:01:13,  1.39it/s]  1%|          | 4813/400000 [1:08:31<80:02:30,  1.37it/s]  1%|          | 4814/400000 [1:08:31<79:28:01,  1.38it/s]  1%|          | 4815/400000 [1:08:32<78:23:05,  1.40it/s]  1%|          | 4816/400000 [1:08:33<76:52:18,  1.43it/s]  1%|          | 4817/400000 [1:08:33<74:55:27,  1.47it/s]  1%|          | 4818/400000 [1:08:34<74:49:44,  1.47it/s]  1%|          | 4819/400000 [1:08:35<73:06:10,  1.50it/s]  1%|          | 4820/400000 [1:08:35<74:56:54,  1.46it/s]                                                            1%|          | 4820/400000 [1:08:35<74:56:54,  1.46it/s]  1%|          | 4821/400000 [1:08:36<74:12:31,  1.48it/s]  1%|          | 4822/400000 [1:08:37<73:22:03,  1.50it/s]  1%|          | 4823/400000 [1:08:37<73:07:06,  1.50it/s]  1%|          | 4824/400000 [1:08:38<84:58:03,  1.29it/s]  1%|          | 4825/400000 [1:08:39<89:40:14,  1.22it/s]  1%|          | 4826/400000 [1:08:40<88:30:54,  1.24it/s]  1%|          | 4827/400000 [1:08:41<84:50:20,  1.29it/s]  1%|          | 4828/400000 [1:08:41<80:53:51,  1.36it/s]  1%|          | 4829/400000 [1:08:42<78:13:04,  1.40it/s]  1%|          | 4830/400000 [1:08:43<75:53:11,  1.45it/s]                                                            1%|          | 4830/400000 [1:08:43<75:53:11,  1.45it/s]  1%|          | 4831/400000 [1:08:43<74:11:08,  1.48it/s]  1%|          | 4832/400000 [1:08:44<74:08:42,  1.48it/s]  1%|          | 4833/400000 [1:08:45<72:45:29,  1.51it/s]  1%|          | 4834/400000 [1:08:46<76:28:41,  1.44it/s]  1%|          | 4835/400000 [1:08:46<78:05:55,  1.41it/s]  1%|          | 4836/400000 [1:08:47<77:37:04,  1.41it/s]  1%|          | 4837/400000 [1:08:48<76:31:27,  1.43it/s]  1%|          | 4838/400000 [1:08:48<75:04:36,  1.46it/s]  1%|          | 4839/400000 [1:08:49<73:32:38,  1.49it/s]  1%|          | 4840/400000 [1:08:50<72:29:26,  1.51it/s]                                                            1%|          | 4840/400000 [1:08:50<72:29:26,  1.51it/s]  1%|          | 4841/400000 [1:08:50<73:14:47,  1.50it/s]  1%|          | 4842/400000 [1:08:51<72:46:25,  1.51it/s]  1%|          | 4843/400000 [1:08:52<81:03:37,  1.35it/s]  1%|          | 4844/400000 [1:08:53<83:05:14,  1.32it/s]  1%|          | 4845/400000 [1:08:53<80:37:35,  1.36it/s]  1%|          | 4846/400000 [1:08:54<77:41:33,  1.41it/s]  1%|          | 4847/400000 [1:08:55<75:50:31,  1.45it/s]  1%|          | 4848/400000 [1:08:55<74:28:47,  1.47it/s]  1%|          | 4849/400000 [1:08:56<73:41:53,  1.49it/s]  1%|          | 4850/400000 [1:08:57<72:04:53,  1.52it/s]                                                            1%|          | 4850/400000 [1:08:57<72:04:53,  1.52it/s]  1%|          | 4851/400000 [1:08:57<71:12:05,  1.54it/s]  1%|          | 4852/400000 [1:08:58<74:03:23,  1.48it/s]  1%|          | 4853/400000 [1:08:59<80:04:48,  1.37it/s]  1%|          | 4854/400000 [1:08:59<78:57:25,  1.39it/s]  1%|          | 4855/400000 [1:09:00<76:43:38,  1.43it/s]  1%|          | 4856/400000 [1:09:01<76:47:42,  1.43it/s]  1%|          | 4857/400000 [1:09:01<76:56:48,  1.43it/s]  1%|          | 4858/400000 [1:09:02<75:03:34,  1.46it/s]  1%|          | 4859/400000 [1:09:03<75:37:52,  1.45it/s]  1%|          | 4860/400000 [1:09:03<74:59:22,  1.46it/s]                                                            1%|          | 4860/400000 [1:09:04<74:59:22,  1.46it/s]  1%|          | 4861/400000 [1:09:04<74:19:57,  1.48it/s]  1%|          | 4862/400000 [1:09:05<73:30:22,  1.49it/s]  1%|          | 4863/400000 [1:09:05<73:46:35,  1.49it/s]  1%|          | 4864/400000 [1:09:07<85:33:19,  1.28it/s]  1%|          | 4865/400000 [1:09:07<89:12:18,  1.23it/s]  1%|          | 4866/400000 [1:09:08<86:19:52,  1.27it/s]  1%|          | 4867/400000 [1:09:09<82:34:53,  1.33it/s]  1%|          | 4868/400000 [1:09:09<79:18:28,  1.38it/s]  1%|          | 4869/400000 [1:09:10<76:56:34,  1.43it/s]  1%|          | 4870/400000 [1:09:11<76:27:12,  1.44it/s]                                                            1%|          | 4870/400000 [1:09:11<76:27:12,  1.44it/s]  1%|          | 4871/400000 [1:09:11<74:56:34,  1.46it/s]  1%|          | 4872/400000 [1:09:12<73:11:34,  1.50it/s]  1%|          | 4873/400000 [1:09:13<73:36:39,  1.49it/s]  1%|          | 4874/400000 [1:09:13<72:25:23,  1.52it/s]  1%|          | 4875/400000 [1:09:14<71:30:47,  1.53it/s]  1%|          | 4876/400000 [1:09:15<76:46:18,  1.43it/s]  1%|          | 4877/400000 [1:09:16<78:45:39,  1.39it/s]  1%|          | 4878/400000 [1:09:16<77:31:38,  1.42it/s]  1%|          | 4879/400000 [1:09:17<76:28:01,  1.44it/s]  1%|          | 4880/400000 [1:09:18<75:24:42,  1.46it/s]                                                            1%|          | 4880/400000 [1:09:18<75:24:42,  1.46it/s]  1%|          | 4881/400000 [1:09:18<74:33:49,  1.47it/s]  1%|          | 4882/400000 [1:09:19<73:07:13,  1.50it/s]  1%|          | 4883/400000 [1:09:20<84:43:38,  1.30it/s]  1%|          | 4884/400000 [1:09:21<94:10:47,  1.17it/s]  1%|          | 4885/400000 [1:09:22<93:17:21,  1.18it/s]  1%|          | 4886/400000 [1:09:23<88:41:27,  1.24it/s]  1%|          | 4887/400000 [1:09:23<83:03:18,  1.32it/s]  1%|          | 4888/400000 [1:09:24<78:57:41,  1.39it/s]  1%|          | 4889/400000 [1:09:24<75:23:11,  1.46it/s]  1%|          | 4890/400000 [1:09:25<72:46:30,  1.51it/s]                                                            1%|          | 4890/400000 [1:09:25<72:46:30,  1.51it/s]  1%|          | 4891/400000 [1:09:26<71:44:11,  1.53it/s]  1%|          | 4892/400000 [1:09:26<71:06:51,  1.54it/s]  1%|          | 4893/400000 [1:09:27<76:53:17,  1.43it/s]  1%|          | 4894/400000 [1:09:28<84:00:23,  1.31it/s]  1%|          | 4895/400000 [1:09:29<84:48:44,  1.29it/s]  1%|          | 4896/400000 [1:09:30<82:30:22,  1.33it/s]  1%|          | 4897/400000 [1:09:30<78:40:14,  1.40it/s]  1%|          | 4898/400000 [1:09:31<76:02:15,  1.44it/s]  1%|          | 4899/400000 [1:09:31<74:10:04,  1.48it/s]  1%|          | 4900/400000 [1:09:32<72:02:58,  1.52it/s]                                                            1%|          | 4900/400000 [1:09:32<72:02:58,  1.52it/s]  1%|          | 4901/400000 [1:09:33<71:10:42,  1.54it/s]  1%|          | 4902/400000 [1:09:33<70:30:12,  1.56it/s]  1%|          | 4903/400000 [1:09:34<72:48:56,  1.51it/s]  1%|          | 4904/400000 [1:09:35<72:59:31,  1.50it/s]  1%|          | 4905/400000 [1:09:35<70:59:19,  1.55it/s]  1%|          | 4906/400000 [1:09:36<71:46:10,  1.53it/s]  1%|          | 4907/400000 [1:09:37<85:54:36,  1.28it/s]  1%|          | 4908/400000 [1:09:38<91:57:06,  1.19it/s]  1%|          | 4909/400000 [1:09:39<91:55:51,  1.19it/s]  1%|          | 4910/400000 [1:09:40<86:43:13,  1.27it/s]                                                            1%|          | 4910/400000 [1:09:40<86:43:13,  1.27it/s]  1%|          | 4911/400000 [1:09:40<81:51:02,  1.34it/s]  1%|          | 4912/400000 [1:09:41<77:09:29,  1.42it/s]  1%|          | 4913/400000 [1:09:41<74:05:33,  1.48it/s]  1%|          | 4914/400000 [1:09:42<72:25:25,  1.52it/s]  1%|          | 4915/400000 [1:09:43<71:11:27,  1.54it/s]  1%|          | 4916/400000 [1:09:43<70:14:43,  1.56it/s]  1%|          | 4917/400000 [1:09:44<80:47:34,  1.36it/s]  1%|          | 4918/400000 [1:09:45<85:04:52,  1.29it/s]  1%|          | 4919/400000 [1:09:46<83:39:28,  1.31it/s]  1%|          | 4920/400000 [1:09:46<79:01:49,  1.39it/s]                                                            1%|          | 4920/400000 [1:09:46<79:01:49,  1.39it/s]  1%|          | 4921/400000 [1:09:47<76:37:04,  1.43it/s]  1%|          | 4922/400000 [1:09:48<74:17:13,  1.48it/s]  1%|          | 4923/400000 [1:09:48<72:40:01,  1.51it/s]  1%|          | 4924/400000 [1:09:49<72:31:38,  1.51it/s]  1%|          | 4925/400000 [1:09:50<70:24:15,  1.56it/s]  1%|          | 4926/400000 [1:09:50<72:30:09,  1.51it/s]  1%|          | 4927/400000 [1:09:51<71:21:43,  1.54it/s]  1%|          | 4928/400000 [1:09:52<83:36:43,  1.31it/s]  1%|          | 4929/400000 [1:09:53<89:26:25,  1.23it/s]  1%|          | 4930/400000 [1:09:54<87:51:35,  1.25it/s]                                                            1%|          | 4930/400000 [1:09:54<87:51:35,  1.25it/s]  1%|          | 4931/400000 [1:09:54<83:35:04,  1.31it/s]  1%|          | 4932/400000 [1:09:55<80:34:30,  1.36it/s]  1%|          | 4933/400000 [1:09:56<76:16:27,  1.44it/s]  1%|          | 4934/400000 [1:09:56<74:23:03,  1.48it/s]  1%|          | 4935/400000 [1:09:57<72:14:30,  1.52it/s]  1%|          | 4936/400000 [1:09:57<70:56:47,  1.55it/s]  1%|          | 4937/400000 [1:09:58<69:53:00,  1.57it/s]  1%|          | 4938/400000 [1:09:59<71:55:29,  1.53it/s]  1%|          | 4939/400000 [1:10:00<74:49:16,  1.47it/s]  1%|          | 4940/400000 [1:10:00<73:40:08,  1.49it/s]                                                            1%|          | 4940/400000 [1:10:00<73:40:08,  1.49it/s]  1%|          | 4941/400000 [1:10:01<75:14:49,  1.46it/s]  1%|          | 4942/400000 [1:10:02<74:51:18,  1.47it/s]  1%|          | 4943/400000 [1:10:02<74:16:45,  1.48it/s]  1%|          | 4944/400000 [1:10:03<75:03:19,  1.46it/s]  1%|          | 4945/400000 [1:10:04<73:11:01,  1.50it/s]  1%|          | 4946/400000 [1:10:04<72:05:44,  1.52it/s]  1%|          | 4947/400000 [1:10:05<73:44:29,  1.49it/s]  1%|          | 4948/400000 [1:10:06<84:03:38,  1.31it/s]  1%|          | 4949/400000 [1:10:07<85:19:35,  1.29it/s]  1%|          | 4950/400000 [1:10:07<83:55:13,  1.31it/s]                                                            1%|          | 4950/400000 [1:10:07<83:55:13,  1.31it/s]  1%|          | 4951/400000 [1:10:08<82:44:56,  1.33it/s]  1%|          | 4952/400000 [1:10:09<78:20:56,  1.40it/s]  1%|          | 4953/400000 [1:10:09<75:28:30,  1.45it/s]  1%|          | 4954/400000 [1:10:10<73:15:37,  1.50it/s]  1%|          | 4955/400000 [1:10:11<72:52:52,  1.51it/s]  1%|          | 4956/400000 [1:10:11<71:49:39,  1.53it/s]  1%|          | 4957/400000 [1:10:12<72:27:53,  1.51it/s]  1%|          | 4958/400000 [1:10:13<74:42:35,  1.47it/s]  1%|          | 4959/400000 [1:10:13<74:16:14,  1.48it/s]  1%|          | 4960/400000 [1:10:14<75:58:58,  1.44it/s]                                                            1%|          | 4960/400000 [1:10:14<75:58:58,  1.44it/s]  1%|          | 4961/400000 [1:10:15<75:49:45,  1.45it/s]  1%|          | 4962/400000 [1:10:15<75:22:36,  1.46it/s]  1%|          | 4963/400000 [1:10:16<74:20:43,  1.48it/s]  1%|          | 4964/400000 [1:10:17<72:49:48,  1.51it/s]  1%|          | 4965/400000 [1:10:17<72:35:06,  1.51it/s]  1%|          | 4966/400000 [1:10:18<73:07:43,  1.50it/s]  1%|          | 4967/400000 [1:10:19<71:28:20,  1.54it/s]  1%|          | 4968/400000 [1:10:19<71:19:02,  1.54it/s]  1%|          | 4969/400000 [1:10:20<70:44:52,  1.55it/s]  1%|          | 4970/400000 [1:10:21<71:24:16,  1.54it/s]                                                            1%|          | 4970/400000 [1:10:21<71:24:16,  1.54it/s]  1%|          | 4971/400000 [1:10:21<73:23:14,  1.50it/s]  1%|          | 4972/400000 [1:10:22<74:59:48,  1.46it/s]  1%|          | 4973/400000 [1:10:23<74:34:04,  1.47it/s]  1%|          | 4974/400000 [1:10:23<74:45:24,  1.47it/s]  1%|          | 4975/400000 [1:10:24<73:41:15,  1.49it/s]  1%|          | 4976/400000 [1:10:25<80:33:37,  1.36it/s]  1%|          | 4977/400000 [1:10:26<82:18:48,  1.33it/s]  1%|          | 4978/400000 [1:10:26<80:45:06,  1.36it/s]  1%|          | 4979/400000 [1:10:27<78:06:37,  1.40it/s]  1%|          | 4980/400000 [1:10:28<75:19:24,  1.46it/s]                                                            1%|          | 4980/400000 [1:10:28<75:19:24,  1.46it/s]  1%|          | 4981/400000 [1:10:28<73:44:36,  1.49it/s]  1%|          | 4982/400000 [1:10:29<73:01:20,  1.50it/s]  1%|          | 4983/400000 [1:10:30<78:33:36,  1.40it/s]  1%|          | 4984/400000 [1:10:31<82:11:05,  1.34it/s]  1%|          | 4985/400000 [1:10:31<82:30:03,  1.33it/s]  1%|          | 4986/400000 [1:10:32<80:06:24,  1.37it/s]  1%|          | 4987/400000 [1:10:33<77:05:31,  1.42it/s]  1%|          | 4988/400000 [1:10:33<76:51:32,  1.43it/s]  1%|          | 4989/400000 [1:10:34<75:24:39,  1.46it/s]  1%|          | 4990/400000 [1:10:35<79:48:46,  1.37it/s]                                                            1%|          | 4990/400000 [1:10:35<79:48:46,  1.37it/s]  1%|          | 4991/400000 [1:10:36<81:42:44,  1.34it/s]  1%|          | 4992/400000 [1:10:36<79:56:34,  1.37it/s]  1%|          | 4993/400000 [1:10:37<77:57:52,  1.41it/s]  1%|          | 4994/400000 [1:10:38<76:43:22,  1.43it/s]  1%|          | 4995/400000 [1:10:38<74:17:39,  1.48it/s]  1%|          | 4996/400000 [1:10:39<74:01:01,  1.48it/s]  1%|          | 4997/400000 [1:10:40<77:34:02,  1.41it/s]  1%|          | 4998/400000 [1:10:41<80:06:30,  1.37it/s]  1%|          | 4999/400000 [1:10:41<79:43:14,  1.38it/s]  1%|▏         | 5000/400000 [1:10:42<77:27:49,  1.42it/s]                                                            1%|▏         | 5000/400000 [1:10:42<77:27:49,  1.42it/s]
  0%|          | 0/122 [00:00<?, ?it/s][A
  2%|▏         | 2/122 [00:05<05:20,  2.67s/it][A
  2%|▏         | 3/122 [00:05<03:12,  1.62s/it][A
  3%|▎         | 4/122 [00:05<02:07,  1.08s/it][A
  4%|▍         | 5/122 [00:05<01:30,  1.29it/s][A
  5%|▍         | 6/122 [00:06<01:08,  1.70it/s][A
  6%|▌         | 7/122 [00:06<00:53,  2.15it/s][A
  7%|▋         | 8/122 [00:06<00:45,  2.53it/s][A
  7%|▋         | 9/122 [00:06<00:41,  2.69it/s][A
  8%|▊         | 10/122 [00:07<00:44,  2.51it/s][A
  9%|▉         | 11/122 [00:07<00:46,  2.39it/s][A
 10%|▉         | 12/122 [00:08<00:47,  2.31it/s][A
 11%|█         | 13/122 [00:08<00:47,  2.28it/s][A
 11%|█▏        | 14/122 [00:09<00:47,  2.26it/s][A
 12%|█▏        | 15/122 [00:09<00:47,  2.24it/s][A
 13%|█▎        | 16/122 [00:10<00:47,  2.24it/s][A
 14%|█▍        | 17/122 [00:10<00:47,  2.22it/s][A
 15%|█▍        | 18/122 [00:12<01:28,  1.17it/s][A
 16%|█▌        | 19/122 [00:12<01:11,  1.45it/s][A
 16%|█▋        | 20/122 [00:12<00:58,  1.74it/s][A
 17%|█▋        | 21/122 [00:13<00:49,  2.03it/s][A
 18%|█▊        | 22/122 [00:13<00:45,  2.22it/s][A
 19%|█▉        | 23/122 [00:13<00:40,  2.46it/s][A
 20%|█▉        | 24/122 [00:14<00:40,  2.43it/s][A
 20%|██        | 25/122 [00:14<00:41,  2.35it/s][A
 21%|██▏       | 26/122 [00:15<00:43,  2.22it/s][A
 22%|██▏       | 27/122 [00:15<00:42,  2.21it/s][A
 23%|██▎       | 28/122 [00:16<00:42,  2.20it/s][A
 24%|██▍       | 29/122 [00:16<00:42,  2.20it/s][A
 25%|██▍       | 30/122 [00:17<00:40,  2.25it/s][A
 25%|██▌       | 31/122 [00:17<00:38,  2.33it/s][A
 26%|██▌       | 32/122 [00:17<00:38,  2.36it/s][A
 27%|██▋       | 33/122 [00:18<00:37,  2.40it/s][A
 28%|██▊       | 34/122 [00:18<00:43,  2.03it/s][A
 29%|██▊       | 35/122 [00:19<00:37,  2.29it/s][A
 30%|██▉       | 36/122 [00:22<01:42,  1.19s/it][A
 30%|███       | 37/122 [00:22<01:18,  1.08it/s][A
 31%|███       | 38/122 [00:22<01:02,  1.35it/s][A
 32%|███▏      | 39/122 [00:23<00:51,  1.63it/s][A
 33%|███▎      | 40/122 [00:23<00:44,  1.86it/s][A
 34%|███▎      | 41/122 [00:23<00:39,  2.07it/s][A
 34%|███▍      | 42/122 [00:24<00:35,  2.26it/s][A
 35%|███▌      | 43/122 [00:24<00:31,  2.50it/s][A
 36%|███▌      | 44/122 [00:24<00:30,  2.52it/s][A
 37%|███▋      | 45/122 [00:25<00:31,  2.47it/s][A
 38%|███▊      | 46/122 [00:25<00:31,  2.42it/s][A
 39%|███▊      | 47/122 [00:26<00:31,  2.39it/s][A
 39%|███▉      | 48/122 [00:26<00:30,  2.39it/s][A
 40%|████      | 49/122 [00:26<00:30,  2.39it/s][A
 41%|████      | 50/122 [00:33<02:45,  2.30s/it][A
 42%|████▏     | 51/122 [00:33<01:59,  1.68s/it][A
 43%|████▎     | 52/122 [00:34<01:28,  1.27s/it][A
 43%|████▎     | 53/122 [00:34<01:06,  1.03it/s][A
 44%|████▍     | 54/122 [00:34<00:51,  1.31it/s][A
 45%|████▌     | 55/122 [00:35<00:42,  1.58it/s][A
 46%|████▌     | 56/122 [00:35<00:38,  1.74it/s][A
 47%|████▋     | 57/122 [00:36<00:35,  1.86it/s][A
 48%|████▊     | 58/122 [00:36<00:32,  1.96it/s][A
 48%|████▊     | 59/122 [00:36<00:31,  2.03it/s][A
 49%|████▉     | 60/122 [00:37<00:29,  2.09it/s][A
 50%|█████     | 61/122 [00:37<00:28,  2.16it/s][A
 51%|█████     | 62/122 [00:38<00:26,  2.25it/s][A
 52%|█████▏    | 63/122 [00:38<00:25,  2.36it/s][A
 52%|█████▏    | 64/122 [00:38<00:23,  2.44it/s][A
 53%|█████▎    | 65/122 [00:39<00:22,  2.49it/s][A
 54%|█████▍    | 66/122 [00:45<01:56,  2.08s/it][A
 55%|█████▍    | 67/122 [00:45<01:22,  1.50s/it][A
 56%|█████▌    | 68/122 [00:46<01:10,  1.31s/it][A
 57%|█████▋    | 69/122 [00:46<00:51,  1.03it/s][A
 57%|█████▋    | 70/122 [00:46<00:38,  1.37it/s][A
 58%|█████▊    | 71/122 [00:46<00:28,  1.77it/s][A
 59%|█████▉    | 72/122 [00:47<00:22,  2.22it/s][A
 60%|█████▉    | 73/122 [00:47<00:18,  2.70it/s][A
 61%|██████    | 74/122 [00:47<00:15,  3.16it/s][A
 61%|██████▏   | 75/122 [00:47<00:13,  3.46it/s][A
 62%|██████▏   | 76/122 [00:47<00:13,  3.41it/s][A
 63%|██████▎   | 77/122 [00:48<00:13,  3.24it/s][A
 64%|██████▍   | 78/122 [00:48<00:15,  2.80it/s][A
 65%|██████▍   | 79/122 [00:49<00:16,  2.56it/s][A
 66%|██████▌   | 80/122 [00:49<00:17,  2.36it/s][A
 66%|██████▋   | 81/122 [00:50<00:17,  2.30it/s][A
 67%|██████▋   | 82/122 [00:58<01:56,  2.92s/it][A
 68%|██████▊   | 83/122 [00:59<01:22,  2.11s/it][A
 69%|██████▉   | 84/122 [00:59<00:59,  1.56s/it][A
 70%|██████▉   | 85/122 [00:59<00:43,  1.19s/it][A
 70%|███████   | 86/122 [01:00<00:34,  1.06it/s][A
 71%|███████▏  | 87/122 [01:00<00:27,  1.26it/s][A
 72%|███████▏  | 88/122 [01:00<00:23,  1.48it/s][A
 73%|███████▎  | 89/122 [01:01<00:19,  1.67it/s][A
 74%|███████▍  | 90/122 [01:01<00:17,  1.87it/s][A
 75%|███████▍  | 91/122 [01:02<00:15,  2.02it/s][A
 75%|███████▌  | 92/122 [01:02<00:13,  2.15it/s][A
 76%|███████▌  | 93/122 [01:02<00:12,  2.28it/s][A
 77%|███████▋  | 94/122 [01:03<00:11,  2.39it/s][A
 78%|███████▊  | 95/122 [01:03<00:10,  2.47it/s][A
 79%|███████▊  | 96/122 [01:04<00:10,  2.52it/s][A
 80%|███████▉  | 97/122 [01:04<00:09,  2.57it/s][A
 80%|████████  | 98/122 [01:10<00:49,  2.08s/it][A
 81%|████████  | 99/122 [01:10<00:35,  1.54s/it][A
 82%|████████▏ | 100/122 [01:11<00:25,  1.18s/it][A
 83%|████████▎ | 101/122 [01:12<00:23,  1.11s/it][A
 84%|████████▎ | 102/122 [01:12<00:17,  1.15it/s][A
 84%|████████▍ | 103/122 [01:12<00:13,  1.43it/s][A
 85%|████████▌ | 104/122 [01:14<00:21,  1.17s/it][A
 86%|████████▌ | 105/122 [01:15<00:16,  1.05it/s][A
 87%|████████▋ | 106/122 [01:15<00:12,  1.26it/s][A
 88%|████████▊ | 107/122 [01:16<00:10,  1.47it/s][A
 89%|████████▊ | 108/122 [01:16<00:08,  1.69it/s][A
 89%|████████▉ | 109/122 [01:16<00:06,  1.90it/s][A
 90%|█████████ | 110/122 [01:17<00:05,  2.07it/s][A
 91%|█████████ | 111/122 [01:17<00:04,  2.21it/s][A
 92%|█████████▏| 112/122 [01:18<00:04,  2.33it/s][A
 93%|█████████▎| 113/122 [01:18<00:03,  2.41it/s][A
 93%|█████████▎| 114/122 [01:18<00:03,  2.48it/s][A
 94%|█████████▍| 115/122 [01:19<00:02,  2.53it/s][A
 95%|█████████▌| 116/122 [01:19<00:02,  2.56it/s][A
 96%|█████████▌| 117/122 [01:19<00:01,  2.60it/s][A
 97%|█████████▋| 118/122 [01:20<00:01,  2.61it/s][A
 98%|█████████▊| 119/122 [01:20<00:01,  2.62it/s][A
 98%|█████████▊| 120/122 [01:21<00:00,  2.60it/s][A
 99%|█████████▉| 121/122 [01:21<00:00,  2.61it/s][A
100%|██████████| 122/122 [01:21<00:00,  2.62it/s][A                                                          
                                                 [A  1%|▏         | 5000/400000 [1:12:11<77:27:49,  1.42it/s]
100%|██████████| 122/122 [01:22<00:00,  2.62it/s][A
                                                 [A                                                            1%|▏         | 5000/400000 [1:13:31<77:27:49,  1.42it/s]  1%|▏         | 5001/400000 [1:13:38<5832:28:44, 53.16s/it]  1%|▏         | 5002/400000 [1:13:38<4103:14:28, 37.40s/it]  1%|▏         | 5003/400000 [1:13:39<2890:48:40, 26.35s/it]  1%|▏         | 5004/400000 [1:13:39<2043:42:45, 18.63s/it]  1%|▏         | 5005/400000 [1:13:40<1447:48:04, 13.20s/it]  1%|▏         | 5006/400000 [1:13:40<1032:19:23,  9.41s/it]  1%|▏         | 5007/400000 [1:13:41<741:07:41,  6.75s/it]   1%|▏         | 5008/400000 [1:13:42<539:54:21,  4.92s/it]  1%|▏         | 5009/400000 [1:13:42<400:04:41,  3.65s/it]  1%|▏         | 5010/400000 [1:13:43<301:19:35,  2.75s/it]                                                             1%|▏         | 5010/400000 [1:13:43<301:19:35,  2.75s/it]  1%|▏         | 5011/400000 [1:13:44<230:54:55,  2.10s/it]  1%|▏         | 5012/400000 [1:13:44<182:00:53,  1.66s/it]  1%|▏         | 5013/400000 [1:13:45<148:35:59,  1.35s/it]  1%|▏         | 5014/400000 [1:13:45<125:44:30,  1.15s/it]  1%|▏         | 5015/400000 [1:13:46<114:01:22,  1.04s/it]  1%|▏         | 5016/400000 [1:13:47<104:06:40,  1.05it/s]  1%|▏         | 5017/400000 [1:13:48<95:22:53,  1.15it/s]   1%|▏         | 5018/400000 [1:13:50<131:16:11,  1.20s/it]  1%|▏         | 5019/400000 [1:13:50<111:26:42,  1.02s/it]  1%|▏         | 5020/400000 [1:13:51<97:25:41,  1.13it/s]                                                             1%|▏         | 5020/400000 [1:13:51<97:25:41,  1.13it/s]  1%|▏         | 5021/400000 [1:13:51<87:03:26,  1.26it/s]  1%|▏         | 5022/400000 [1:13:52<83:40:05,  1.31it/s]  1%|▏         | 5023/400000 [1:13:53<80:36:34,  1.36it/s]  1%|▏         | 5024/400000 [1:13:53<76:03:21,  1.44it/s]  1%|▏         | 5025/400000 [1:13:54<72:33:53,  1.51it/s]  1%|▏         | 5026/400000 [1:13:56<108:28:56,  1.01it/s]  1%|▏         | 5027/400000 [1:13:56<93:26:04,  1.17it/s]   1%|▏         | 5028/400000 [1:13:57<84:07:01,  1.30it/s]  1%|▏         | 5029/400000 [1:13:57<76:38:04,  1.43it/s]  1%|▏         | 5030/400000 [1:13:58<72:34:28,  1.51it/s]                                                            1%|▏         | 5030/400000 [1:13:58<72:34:28,  1.51it/s]  1%|▏         | 5031/400000 [1:13:59<78:53:19,  1.39it/s]  1%|▏         | 5032/400000 [1:14:00<81:42:09,  1.34it/s]  1%|▏         | 5033/400000 [1:14:00<81:25:31,  1.35it/s]  1%|▏         | 5034/400000 [1:14:01<79:22:38,  1.38it/s]  1%|▏         | 5035/400000 [1:14:02<75:32:39,  1.45it/s]  1%|▏         | 5036/400000 [1:14:02<72:25:32,  1.51it/s]  1%|▏         | 5037/400000 [1:14:04<108:14:39,  1.01it/s]  1%|▏         | 5038/400000 [1:14:05<95:18:39,  1.15it/s]   1%|▏         | 5039/400000 [1:14:05<86:14:59,  1.27it/s]  1%|▏         | 5040/400000 [1:14:06<79:54:00,  1.37it/s]                                                            1%|▏         | 5040/400000 [1:14:06<79:54:00,  1.37it/s]  1%|▏         | 5041/400000 [1:14:06<75:57:54,  1.44it/s]  1%|▏         | 5042/400000 [1:14:07<71:11:51,  1.54it/s]  1%|▏         | 5043/400000 [1:14:07<69:27:29,  1.58it/s]  1%|▏         | 5044/400000 [1:14:08<69:13:40,  1.58it/s]  1%|▏         | 5045/400000 [1:14:09<67:35:53,  1.62it/s]  1%|▏         | 5046/400000 [1:14:09<67:26:56,  1.63it/s]  1%|▏         | 5047/400000 [1:14:10<73:14:56,  1.50it/s]  1%|▏         | 5048/400000 [1:14:11<79:08:37,  1.39it/s]  1%|▏         | 5049/400000 [1:14:12<80:07:57,  1.37it/s]  1%|▏         | 5050/400000 [1:14:12<78:37:31,  1.40it/s]                                                            1%|▏         | 5050/400000 [1:14:12<78:37:31,  1.40it/s]  1%|▏         | 5051/400000 [1:14:13<74:55:06,  1.46it/s]  1%|▏         | 5052/400000 [1:14:14<74:28:18,  1.47it/s]  1%|▏         | 5053/400000 [1:14:16<114:20:12,  1.04s/it]  1%|▏         | 5054/400000 [1:14:17<142:01:50,  1.29s/it]  1%|▏         | 5055/400000 [1:14:18<115:10:45,  1.05s/it]  1%|▏         | 5056/400000 [1:14:18<96:49:28,  1.13it/s]   1%|▏         | 5057/400000 [1:14:19<86:12:56,  1.27it/s]  1%|▏         | 5058/400000 [1:14:19<76:33:05,  1.43it/s]  1%|▏         | 5059/400000 [1:14:20<72:10:56,  1.52it/s]  1%|▏         | 5060/400000 [1:14:21<71:09:56,  1.54it/s]                                                            1%|▏         | 5060/400000 [1:14:21<71:09:56,  1.54it/s]  1%|▏         | 5061/400000 [1:14:21<71:12:00,  1.54it/s]  1%|▏         | 5062/400000 [1:14:22<69:02:18,  1.59it/s]  1%|▏         | 5063/400000 [1:14:23<70:01:09,  1.57it/s]  1%|▏         | 5064/400000 [1:14:23<70:59:09,  1.55it/s]  1%|▏         | 5065/400000 [1:14:24<71:54:02,  1.53it/s]  1%|▏         | 5066/400000 [1:14:25<72:00:55,  1.52it/s]  1%|▏         | 5067/400000 [1:14:25<72:08:41,  1.52it/s]  1%|▏         | 5068/400000 [1:14:26<72:19:08,  1.52it/s]  1%|▏         | 5069/400000 [1:14:26<72:04:00,  1.52it/s]  1%|▏         | 5070/400000 [1:14:27<72:09:09,  1.52it/s]                                                            1%|▏         | 5070/400000 [1:14:27<72:09:09,  1.52it/s]  1%|▏         | 5071/400000 [1:14:28<71:29:15,  1.53it/s]  1%|▏         | 5072/400000 [1:14:29<83:24:50,  1.32it/s]  1%|▏         | 5073/400000 [1:14:30<91:52:56,  1.19it/s]  1%|▏         | 5074/400000 [1:14:31<92:10:01,  1.19it/s]  1%|▏         | 5075/400000 [1:14:31<87:08:51,  1.26it/s]  1%|▏         | 5076/400000 [1:14:32<82:48:13,  1.32it/s]  1%|▏         | 5077/400000 [1:14:33<78:04:15,  1.41it/s]  1%|▏         | 5078/400000 [1:14:33<75:16:16,  1.46it/s]  1%|▏         | 5079/400000 [1:14:34<72:27:20,  1.51it/s]  1%|▏         | 5080/400000 [1:14:34<71:40:48,  1.53it/s]                                                            1%|▏         | 5080/400000 [1:14:34<71:40:48,  1.53it/s]  1%|▏         | 5081/400000 [1:14:35<70:58:37,  1.55it/s]  1%|▏         | 5082/400000 [1:14:36<76:24:12,  1.44it/s]  1%|▏         | 5083/400000 [1:14:37<75:00:00,  1.46it/s]  1%|▏         | 5084/400000 [1:14:37<79:46:26,  1.38it/s]  1%|▏         | 5085/400000 [1:14:38<80:25:27,  1.36it/s]  1%|▏         | 5086/400000 [1:14:39<78:02:23,  1.41it/s]  1%|▏         | 5087/400000 [1:14:39<75:47:57,  1.45it/s]  1%|▏         | 5088/400000 [1:14:40<75:11:29,  1.46it/s]  1%|▏         | 5089/400000 [1:14:41<75:12:44,  1.46it/s]  1%|▏         | 5090/400000 [1:14:41<72:51:23,  1.51it/s]                                                            1%|▏         | 5090/400000 [1:14:41<72:51:23,  1.51it/s]  1%|▏         | 5091/400000 [1:14:42<72:14:22,  1.52it/s]  1%|▏         | 5092/400000 [1:14:43<71:24:44,  1.54it/s]  1%|▏         | 5093/400000 [1:14:44<81:41:02,  1.34it/s]  1%|▏         | 5094/400000 [1:14:45<84:35:31,  1.30it/s]  1%|▏         | 5095/400000 [1:14:45<82:05:10,  1.34it/s]  1%|▏         | 5096/400000 [1:14:46<79:46:29,  1.38it/s]  1%|▏         | 5097/400000 [1:14:47<78:44:13,  1.39it/s]  1%|▏         | 5098/400000 [1:14:47<76:05:51,  1.44it/s]  1%|▏         | 5099/400000 [1:14:48<75:38:23,  1.45it/s]  1%|▏         | 5100/400000 [1:14:48<72:48:12,  1.51it/s]                                                            1%|▏         | 5100/400000 [1:14:49<72:48:12,  1.51it/s]  1%|▏         | 5101/400000 [1:14:49<72:33:40,  1.51it/s]  1%|▏         | 5102/400000 [1:14:51<110:36:20,  1.01s/it]  1%|▏         | 5103/400000 [1:14:52<102:37:23,  1.07it/s]  1%|▏         | 5104/400000 [1:14:52<93:27:47,  1.17it/s]   1%|▏         | 5105/400000 [1:14:53<85:54:14,  1.28it/s]  1%|▏         | 5106/400000 [1:14:54<81:43:53,  1.34it/s]  1%|▏         | 5107/400000 [1:14:54<78:04:52,  1.40it/s]  1%|▏         | 5108/400000 [1:14:55<73:51:05,  1.49it/s]  1%|▏         | 5109/400000 [1:14:55<71:39:35,  1.53it/s]  1%|▏         | 5110/400000 [1:14:57<110:45:21,  1.01s/it]                                                             1%|▏         | 5110/400000 [1:14:57<110:45:21,  1.01s/it]  1%|▏         | 5111/400000 [1:14:58<94:31:14,  1.16it/s]   1%|▏         | 5112/400000 [1:14:59<92:55:45,  1.18it/s]  1%|▏         | 5113/400000 [1:14:59<91:33:05,  1.20it/s]  1%|▏         | 5114/400000 [1:15:00<86:18:12,  1.27it/s]  1%|▏         | 5115/400000 [1:15:01<81:25:48,  1.35it/s]  1%|▏         | 5116/400000 [1:15:01<77:22:25,  1.42it/s]  1%|▏         | 5117/400000 [1:15:02<75:30:03,  1.45it/s]  1%|▏         | 5118/400000 [1:15:03<72:17:25,  1.52it/s]  1%|▏         | 5119/400000 [1:15:03<70:28:38,  1.56it/s]  1%|▏         | 5120/400000 [1:15:04<69:19:33,  1.58it/s]                                                            1%|▏         | 5120/400000 [1:15:04<69:19:33,  1.58it/s]  1%|▏         | 5121/400000 [1:15:04<68:02:30,  1.61it/s]  1%|▏         | 5122/400000 [1:15:05<70:07:15,  1.56it/s]  1%|▏         | 5123/400000 [1:15:06<72:33:09,  1.51it/s]  1%|▏         | 5124/400000 [1:15:06<71:41:26,  1.53it/s]  1%|▏         | 5125/400000 [1:15:07<70:16:56,  1.56it/s]  1%|▏         | 5126/400000 [1:15:08<71:04:11,  1.54it/s]  1%|▏         | 5127/400000 [1:15:08<71:27:15,  1.54it/s]  1%|▏         | 5128/400000 [1:15:09<72:18:59,  1.52it/s]  1%|▏         | 5129/400000 [1:15:10<72:06:16,  1.52it/s]  1%|▏         | 5130/400000 [1:15:10<71:07:11,  1.54it/s]                                                            1%|▏         | 5130/400000 [1:15:10<71:07:11,  1.54it/s]  1%|▏         | 5131/400000 [1:15:11<72:33:43,  1.51it/s]  1%|▏         | 5132/400000 [1:15:12<72:01:49,  1.52it/s]  1%|▏         | 5133/400000 [1:15:12<72:26:24,  1.51it/s]  1%|▏         | 5134/400000 [1:15:13<73:49:53,  1.49it/s]  1%|▏         | 5135/400000 [1:15:14<72:28:37,  1.51it/s]  1%|▏         | 5136/400000 [1:15:14<71:54:42,  1.53it/s]  1%|▏         | 5137/400000 [1:15:15<78:41:33,  1.39it/s]  1%|▏         | 5138/400000 [1:15:16<81:19:16,  1.35it/s]  1%|▏         | 5139/400000 [1:15:17<80:35:23,  1.36it/s]  1%|▏         | 5140/400000 [1:15:17<77:47:40,  1.41it/s]                                                            1%|▏         | 5140/400000 [1:15:17<77:47:40,  1.41it/s]  1%|▏         | 5141/400000 [1:15:18<77:00:12,  1.42it/s]  1%|▏         | 5142/400000 [1:15:19<74:59:48,  1.46it/s]  1%|▏         | 5143/400000 [1:15:20<80:00:28,  1.37it/s]  1%|▏         | 5144/400000 [1:15:20<80:07:01,  1.37it/s]  1%|▏         | 5145/400000 [1:15:21<79:02:37,  1.39it/s]  1%|▏         | 5146/400000 [1:15:22<76:17:45,  1.44it/s]  1%|▏         | 5147/400000 [1:15:22<76:24:05,  1.44it/s]  1%|▏         | 5148/400000 [1:15:23<76:06:16,  1.44it/s]  1%|▏         | 5149/400000 [1:15:24<73:53:18,  1.48it/s]  1%|▏         | 5150/400000 [1:15:24<75:22:39,  1.46it/s]                                                            1%|▏         | 5150/400000 [1:15:24<75:22:39,  1.46it/s]  1%|▏         | 5151/400000 [1:15:25<75:25:20,  1.45it/s]  1%|▏         | 5152/400000 [1:15:26<75:12:12,  1.46it/s]  1%|▏         | 5153/400000 [1:15:26<74:44:26,  1.47it/s]  1%|▏         | 5154/400000 [1:15:27<74:11:49,  1.48it/s]  1%|▏         | 5155/400000 [1:15:28<72:46:27,  1.51it/s]  1%|▏         | 5156/400000 [1:15:28<72:07:53,  1.52it/s]  1%|▏         | 5157/400000 [1:15:29<71:37:36,  1.53it/s]  1%|▏         | 5158/400000 [1:15:30<72:38:03,  1.51it/s]  1%|▏         | 5159/400000 [1:15:31<80:10:54,  1.37it/s]  1%|▏         | 5160/400000 [1:15:31<84:35:42,  1.30it/s]                                                            1%|▏         | 5160/400000 [1:15:31<84:35:42,  1.30it/s]  1%|▏         | 5161/400000 [1:15:32<84:29:29,  1.30it/s]  1%|▏         | 5162/400000 [1:15:33<82:45:08,  1.33it/s]  1%|▏         | 5163/400000 [1:15:34<78:59:44,  1.39it/s]  1%|▏         | 5164/400000 [1:15:34<76:32:18,  1.43it/s]  1%|▏         | 5165/400000 [1:15:35<74:49:27,  1.47it/s]  1%|▏         | 5166/400000 [1:15:36<75:27:00,  1.45it/s]  1%|▏         | 5167/400000 [1:15:37<85:02:02,  1.29it/s]  1%|▏         | 5168/400000 [1:15:37<86:20:48,  1.27it/s]  1%|▏         | 5169/400000 [1:15:38<84:48:07,  1.29it/s]  1%|▏         | 5170/400000 [1:15:39<80:48:51,  1.36it/s]                                                            1%|▏         | 5170/400000 [1:15:39<80:48:51,  1.36it/s]  1%|▏         | 5171/400000 [1:15:39<77:06:26,  1.42it/s]  1%|▏         | 5172/400000 [1:15:40<73:44:28,  1.49it/s]  1%|▏         | 5173/400000 [1:15:41<71:39:35,  1.53it/s]  1%|▏         | 5174/400000 [1:15:41<77:51:15,  1.41it/s]  1%|▏         | 5175/400000 [1:15:42<77:30:46,  1.41it/s]  1%|▏         | 5176/400000 [1:15:43<75:59:32,  1.44it/s]  1%|▏         | 5177/400000 [1:15:43<73:25:06,  1.49it/s]  1%|▏         | 5178/400000 [1:15:44<73:10:51,  1.50it/s]  1%|▏         | 5179/400000 [1:15:45<71:57:40,  1.52it/s]  1%|▏         | 5180/400000 [1:15:45<71:16:15,  1.54it/s]                                                            1%|▏         | 5180/400000 [1:15:45<71:16:15,  1.54it/s]  1%|▏         | 5181/400000 [1:15:46<72:44:31,  1.51it/s]  1%|▏         | 5182/400000 [1:15:47<78:30:48,  1.40it/s]  1%|▏         | 5183/400000 [1:15:48<80:14:28,  1.37it/s]  1%|▏         | 5184/400000 [1:15:48<78:25:50,  1.40it/s]  1%|▏         | 5185/400000 [1:15:49<77:47:52,  1.41it/s]  1%|▏         | 5186/400000 [1:15:50<75:28:03,  1.45it/s]  1%|▏         | 5187/400000 [1:15:50<73:25:44,  1.49it/s]  1%|▏         | 5188/400000 [1:15:51<72:29:38,  1.51it/s]  1%|▏         | 5189/400000 [1:15:52<80:22:25,  1.36it/s]  1%|▏         | 5190/400000 [1:15:53<82:35:32,  1.33it/s]                                                            1%|▏         | 5190/400000 [1:15:53<82:35:32,  1.33it/s]  1%|▏         | 5191/400000 [1:15:53<81:23:27,  1.35it/s]  1%|▏         | 5192/400000 [1:15:54<79:42:06,  1.38it/s]  1%|▏         | 5193/400000 [1:15:55<78:01:21,  1.41it/s]  1%|▏         | 5194/400000 [1:15:56<107:54:30,  1.02it/s]  1%|▏         | 5195/400000 [1:15:57<95:08:09,  1.15it/s]   1%|▏         | 5196/400000 [1:15:57<86:47:09,  1.26it/s]  1%|▏         | 5197/400000 [1:15:58<80:03:53,  1.37it/s]  1%|▏         | 5198/400000 [1:15:59<76:09:00,  1.44it/s]  1%|▏         | 5199/400000 [1:15:59<73:44:00,  1.49it/s]  1%|▏         | 5200/400000 [1:16:00<73:13:46,  1.50it/s]                                                            1%|▏         | 5200/400000 [1:16:00<73:13:46,  1.50it/s]  1%|▏         | 5201/400000 [1:16:01<72:16:11,  1.52it/s]  1%|▏         | 5202/400000 [1:16:01<72:58:26,  1.50it/s]  1%|▏         | 5203/400000 [1:16:02<73:05:27,  1.50it/s]  1%|▏         | 5204/400000 [1:16:03<71:39:46,  1.53it/s]  1%|▏         | 5205/400000 [1:16:03<73:04:02,  1.50it/s]  1%|▏         | 5206/400000 [1:16:04<71:54:05,  1.53it/s]  1%|▏         | 5207/400000 [1:16:05<71:46:33,  1.53it/s]  1%|▏         | 5208/400000 [1:16:05<71:59:42,  1.52it/s]  1%|▏         | 5209/400000 [1:16:06<71:34:32,  1.53it/s]  1%|▏         | 5210/400000 [1:16:07<73:39:05,  1.49it/s]                                                            1%|▏         | 5210/400000 [1:16:07<73:39:05,  1.49it/s]  1%|▏         | 5211/400000 [1:16:07<75:22:52,  1.45it/s]  1%|▏         | 5212/400000 [1:16:08<75:22:19,  1.45it/s]  1%|▏         | 5213/400000 [1:16:09<74:44:50,  1.47it/s]  1%|▏         | 5214/400000 [1:16:09<74:05:27,  1.48it/s]  1%|▏         | 5215/400000 [1:16:10<73:33:13,  1.49it/s]  1%|▏         | 5216/400000 [1:16:11<72:42:25,  1.51it/s]  1%|▏         | 5217/400000 [1:16:11<73:51:50,  1.48it/s]  1%|▏         | 5218/400000 [1:16:12<73:18:44,  1.50it/s]  1%|▏         | 5219/400000 [1:16:13<72:37:54,  1.51it/s]  1%|▏         | 5220/400000 [1:16:13<72:37:10,  1.51it/s]                                                            1%|▏         | 5220/400000 [1:16:13<72:37:10,  1.51it/s]  1%|▏         | 5221/400000 [1:16:14<77:17:31,  1.42it/s]  1%|▏         | 5222/400000 [1:16:15<77:39:50,  1.41it/s]  1%|▏         | 5223/400000 [1:16:16<78:00:11,  1.41it/s]  1%|▏         | 5224/400000 [1:16:16<76:08:11,  1.44it/s]  1%|▏         | 5225/400000 [1:16:17<75:54:44,  1.44it/s]  1%|▏         | 5226/400000 [1:16:18<74:34:53,  1.47it/s]  1%|▏         | 5227/400000 [1:16:18<74:26:41,  1.47it/s]  1%|▏         | 5228/400000 [1:16:19<72:57:36,  1.50it/s]  1%|▏         | 5229/400000 [1:16:20<74:39:57,  1.47it/s]  1%|▏         | 5230/400000 [1:16:20<76:54:07,  1.43it/s]                                                            1%|▏         | 5230/400000 [1:16:20<76:54:07,  1.43it/s]  1%|▏         | 5231/400000 [1:16:21<77:20:06,  1.42it/s]  1%|▏         | 5232/400000 [1:16:22<77:23:11,  1.42it/s]  1%|▏         | 5233/400000 [1:16:22<75:04:59,  1.46it/s]  1%|▏         | 5234/400000 [1:16:23<75:45:34,  1.45it/s]  1%|▏         | 5235/400000 [1:16:24<73:48:01,  1.49it/s]  1%|▏         | 5236/400000 [1:16:24<73:18:12,  1.50it/s]  1%|▏         | 5237/400000 [1:16:25<73:09:32,  1.50it/s]  1%|▏         | 5238/400000 [1:16:26<75:44:47,  1.45it/s]  1%|▏         | 5239/400000 [1:16:26<75:25:27,  1.45it/s]  1%|▏         | 5240/400000 [1:16:27<77:15:10,  1.42it/s]                                                            1%|▏         | 5240/400000 [1:16:27<77:15:10,  1.42it/s]  1%|▏         | 5241/400000 [1:16:28<75:28:48,  1.45it/s]  1%|▏         | 5242/400000 [1:16:28<74:24:59,  1.47it/s]  1%|▏         | 5243/400000 [1:16:29<73:56:23,  1.48it/s]  1%|▏         | 5244/400000 [1:16:30<73:11:02,  1.50it/s]  1%|▏         | 5245/400000 [1:16:31<78:18:08,  1.40it/s]  1%|▏         | 5246/400000 [1:16:31<76:59:41,  1.42it/s]  1%|▏         | 5247/400000 [1:16:32<76:19:15,  1.44it/s]  1%|▏         | 5248/400000 [1:16:33<75:04:09,  1.46it/s]  1%|▏         | 5249/400000 [1:16:33<74:27:50,  1.47it/s]  1%|▏         | 5250/400000 [1:16:34<75:17:00,  1.46it/s]                                                            1%|▏         | 5250/400000 [1:16:34<75:17:00,  1.46it/s]  1%|▏         | 5251/400000 [1:16:35<74:42:31,  1.47it/s]  1%|▏         | 5252/400000 [1:16:35<74:24:32,  1.47it/s]  1%|▏         | 5253/400000 [1:16:36<75:38:38,  1.45it/s]  1%|▏         | 5254/400000 [1:16:37<75:03:48,  1.46it/s]  1%|▏         | 5255/400000 [1:16:37<74:17:09,  1.48it/s]  1%|▏         | 5256/400000 [1:16:38<73:59:52,  1.48it/s]  1%|▏         | 5257/400000 [1:16:39<74:13:18,  1.48it/s]  1%|▏         | 5258/400000 [1:16:39<71:36:42,  1.53it/s]  1%|▏         | 5259/400000 [1:16:40<72:44:42,  1.51it/s]  1%|▏         | 5260/400000 [1:16:41<72:51:47,  1.50it/s]                                                            1%|▏         | 5260/400000 [1:16:41<72:51:47,  1.50it/s]  1%|▏         | 5261/400000 [1:16:41<73:35:05,  1.49it/s]  1%|▏         | 5262/400000 [1:16:42<72:24:09,  1.51it/s]  1%|▏         | 5263/400000 [1:16:43<72:37:57,  1.51it/s]  1%|▏         | 5264/400000 [1:16:43<71:54:43,  1.52it/s]  1%|▏         | 5265/400000 [1:16:44<79:52:13,  1.37it/s]  1%|▏         | 5266/400000 [1:16:45<87:49:26,  1.25it/s]  1%|▏         | 5267/400000 [1:16:46<86:43:34,  1.26it/s]  1%|▏         | 5268/400000 [1:16:47<85:11:18,  1.29it/s]  1%|▏         | 5269/400000 [1:16:47<82:16:28,  1.33it/s]  1%|▏         | 5270/400000 [1:16:48<77:59:11,  1.41it/s]                                                            1%|▏         | 5270/400000 [1:16:48<77:59:11,  1.41it/s]  1%|▏         | 5271/400000 [1:16:49<77:15:45,  1.42it/s]  1%|▏         | 5272/400000 [1:16:49<74:48:24,  1.47it/s]  1%|▏         | 5273/400000 [1:16:50<72:56:41,  1.50it/s]  1%|▏         | 5274/400000 [1:16:51<71:45:54,  1.53it/s]  1%|▏         | 5275/400000 [1:16:51<72:21:44,  1.52it/s]  1%|▏         | 5276/400000 [1:16:52<72:38:11,  1.51it/s]  1%|▏         | 5277/400000 [1:16:53<73:02:19,  1.50it/s]  1%|▏         | 5278/400000 [1:16:54<81:10:12,  1.35it/s]  1%|▏         | 5279/400000 [1:16:54<83:37:24,  1.31it/s]  1%|▏         | 5280/400000 [1:16:55<80:47:22,  1.36it/s]                                                            1%|▏         | 5280/400000 [1:16:55<80:47:22,  1.36it/s]  1%|▏         | 5281/400000 [1:16:56<79:01:30,  1.39it/s]  1%|▏         | 5282/400000 [1:16:56<77:23:54,  1.42it/s]  1%|▏         | 5283/400000 [1:16:57<75:14:19,  1.46it/s]  1%|▏         | 5284/400000 [1:16:58<73:20:57,  1.49it/s]  1%|▏         | 5285/400000 [1:16:59<79:46:03,  1.37it/s]  1%|▏         | 5286/400000 [1:16:59<79:32:04,  1.38it/s]  1%|▏         | 5287/400000 [1:17:00<78:45:30,  1.39it/s]  1%|▏         | 5288/400000 [1:17:01<75:53:47,  1.44it/s]  1%|▏         | 5289/400000 [1:17:01<73:57:20,  1.48it/s]  1%|▏         | 5290/400000 [1:17:02<73:41:54,  1.49it/s]                                                            1%|▏         | 5290/400000 [1:17:02<73:41:54,  1.49it/s]  1%|▏         | 5291/400000 [1:17:03<73:38:57,  1.49it/s]  1%|▏         | 5292/400000 [1:17:03<75:42:57,  1.45it/s]  1%|▏         | 5293/400000 [1:17:04<75:04:16,  1.46it/s]  1%|▏         | 5294/400000 [1:17:05<74:54:30,  1.46it/s]  1%|▏         | 5295/400000 [1:17:05<73:43:36,  1.49it/s]  1%|▏         | 5296/400000 [1:17:06<72:42:01,  1.51it/s]  1%|▏         | 5297/400000 [1:17:07<72:56:46,  1.50it/s]  1%|▏         | 5298/400000 [1:17:07<73:11:19,  1.50it/s]  1%|▏         | 5299/400000 [1:17:08<77:05:52,  1.42it/s]  1%|▏         | 5300/400000 [1:17:09<78:07:15,  1.40it/s]                                                            1%|▏         | 5300/400000 [1:17:09<78:07:15,  1.40it/s]  1%|▏         | 5301/400000 [1:17:09<77:41:35,  1.41it/s]  1%|▏         | 5302/400000 [1:17:10<76:26:24,  1.43it/s]  1%|▏         | 5303/400000 [1:17:11<75:40:32,  1.45it/s]  1%|▏         | 5304/400000 [1:17:11<74:57:33,  1.46it/s]  1%|▏         | 5305/400000 [1:17:12<74:04:57,  1.48it/s]  1%|▏         | 5306/400000 [1:17:13<75:00:57,  1.46it/s]  1%|▏         | 5307/400000 [1:17:14<74:24:56,  1.47it/s]  1%|▏         | 5308/400000 [1:17:14<74:13:51,  1.48it/s]  1%|▏         | 5309/400000 [1:17:15<76:05:43,  1.44it/s]  1%|▏         | 5310/400000 [1:17:16<75:12:26,  1.46it/s]                                                            1%|▏         | 5310/400000 [1:17:16<75:12:26,  1.46it/s]  1%|▏         | 5311/400000 [1:17:16<75:28:03,  1.45it/s]  1%|▏         | 5312/400000 [1:17:17<73:48:42,  1.49it/s]  1%|▏         | 5313/400000 [1:17:18<77:02:56,  1.42it/s]  1%|▏         | 5314/400000 [1:17:18<75:42:35,  1.45it/s]  1%|▏         | 5315/400000 [1:17:19<72:38:28,  1.51it/s]  1%|▏         | 5316/400000 [1:17:20<71:53:34,  1.52it/s]  1%|▏         | 5317/400000 [1:17:20<71:35:43,  1.53it/s]  1%|▏         | 5318/400000 [1:17:21<78:24:42,  1.40it/s]  1%|▏         | 5319/400000 [1:17:22<83:24:15,  1.31it/s]  1%|▏         | 5320/400000 [1:17:23<83:23:52,  1.31it/s]                                                            1%|▏         | 5320/400000 [1:17:23<83:23:52,  1.31it/s]  1%|▏         | 5321/400000 [1:17:23<79:52:05,  1.37it/s]  1%|▏         | 5322/400000 [1:17:24<77:35:28,  1.41it/s]  1%|▏         | 5323/400000 [1:17:25<75:16:18,  1.46it/s]  1%|▏         | 5324/400000 [1:17:25<74:41:40,  1.47it/s]  1%|▏         | 5325/400000 [1:17:26<73:34:47,  1.49it/s]  1%|▏         | 5326/400000 [1:17:27<72:11:01,  1.52it/s]  1%|▏         | 5327/400000 [1:17:27<71:47:54,  1.53it/s]  1%|▏         | 5328/400000 [1:17:28<73:45:54,  1.49it/s]  1%|▏         | 5329/400000 [1:17:29<76:13:48,  1.44it/s]  1%|▏         | 5330/400000 [1:17:29<76:57:58,  1.42it/s]                                                            1%|▏         | 5330/400000 [1:17:29<76:57:58,  1.42it/s]  1%|▏         | 5331/400000 [1:17:30<75:39:49,  1.45it/s]  1%|▏         | 5332/400000 [1:17:31<73:32:27,  1.49it/s]  1%|▏         | 5333/400000 [1:17:31<72:27:54,  1.51it/s]  1%|▏         | 5334/400000 [1:17:32<76:37:59,  1.43it/s]  1%|▏         | 5335/400000 [1:17:33<79:42:26,  1.38it/s]  1%|▏         | 5336/400000 [1:17:34<80:07:20,  1.37it/s]  1%|▏         | 5337/400000 [1:17:34<78:29:22,  1.40it/s]  1%|▏         | 5338/400000 [1:17:35<77:19:50,  1.42it/s]  1%|▏         | 5339/400000 [1:17:36<74:53:03,  1.46it/s]  1%|▏         | 5340/400000 [1:17:36<73:44:02,  1.49it/s]                                                            1%|▏         | 5340/400000 [1:17:36<73:44:02,  1.49it/s]  1%|▏         | 5341/400000 [1:17:37<73:38:23,  1.49it/s]  1%|▏         | 5342/400000 [1:17:38<76:17:05,  1.44it/s]  1%|▏         | 5343/400000 [1:17:38<76:54:54,  1.43it/s]  1%|▏         | 5344/400000 [1:17:39<75:19:48,  1.46it/s]  1%|▏         | 5345/400000 [1:17:40<74:37:21,  1.47it/s]  1%|▏         | 5346/400000 [1:17:40<72:38:25,  1.51it/s]  1%|▏         | 5347/400000 [1:17:41<72:02:17,  1.52it/s]  1%|▏         | 5348/400000 [1:17:42<71:53:57,  1.52it/s]  1%|▏         | 5349/400000 [1:17:42<71:04:18,  1.54it/s]  1%|▏         | 5350/400000 [1:17:43<73:05:51,  1.50it/s]                                                            1%|▏         | 5350/400000 [1:17:43<73:05:51,  1.50it/s]  1%|▏         | 5351/400000 [1:17:44<75:55:27,  1.44it/s]  1%|▏         | 5352/400000 [1:17:45<76:47:06,  1.43it/s]  1%|▏         | 5353/400000 [1:17:45<75:04:37,  1.46it/s]  1%|▏         | 5354/400000 [1:17:46<75:21:59,  1.45it/s]  1%|▏         | 5355/400000 [1:17:46<73:33:24,  1.49it/s]  1%|▏         | 5356/400000 [1:17:47<72:23:17,  1.51it/s]  1%|▏         | 5357/400000 [1:17:48<73:24:27,  1.49it/s]  1%|▏         | 5358/400000 [1:17:48<71:53:44,  1.52it/s]  1%|▏         | 5359/400000 [1:17:49<71:53:00,  1.53it/s]  1%|▏         | 5360/400000 [1:17:50<76:33:34,  1.43it/s]                                                            1%|▏         | 5360/400000 [1:17:50<76:33:34,  1.43it/s]  1%|▏         | 5361/400000 [1:17:51<77:52:06,  1.41it/s]  1%|▏         | 5362/400000 [1:17:51<79:19:57,  1.38it/s]  1%|▏         | 5363/400000 [1:17:52<77:45:46,  1.41it/s]  1%|▏         | 5364/400000 [1:17:53<77:29:46,  1.41it/s]  1%|▏         | 5365/400000 [1:17:53<75:22:16,  1.45it/s]  1%|▏         | 5366/400000 [1:17:54<74:33:21,  1.47it/s]  1%|▏         | 5367/400000 [1:17:55<72:50:42,  1.50it/s]  1%|▏         | 5368/400000 [1:17:56<77:37:45,  1.41it/s]  1%|▏         | 5369/400000 [1:17:56<78:40:02,  1.39it/s]  1%|▏         | 5370/400000 [1:17:57<76:52:40,  1.43it/s]                                                            1%|▏         | 5370/400000 [1:17:57<76:52:40,  1.43it/s]  1%|▏         | 5371/400000 [1:17:58<76:26:21,  1.43it/s]  1%|▏         | 5372/400000 [1:17:58<75:14:00,  1.46it/s]  1%|▏         | 5373/400000 [1:17:59<73:23:47,  1.49it/s]  1%|▏         | 5374/400000 [1:18:00<72:55:46,  1.50it/s]  1%|▏         | 5375/400000 [1:18:00<74:40:02,  1.47it/s]  1%|▏         | 5376/400000 [1:18:01<82:12:36,  1.33it/s]  1%|▏         | 5377/400000 [1:18:02<84:28:33,  1.30it/s]  1%|▏         | 5378/400000 [1:18:03<82:34:31,  1.33it/s]  1%|▏         | 5379/400000 [1:18:03<79:49:21,  1.37it/s]  1%|▏         | 5380/400000 [1:18:04<77:55:44,  1.41it/s]                                                            1%|▏         | 5380/400000 [1:18:04<77:55:44,  1.41it/s]  1%|▏         | 5381/400000 [1:18:05<76:04:08,  1.44it/s]  1%|▏         | 5382/400000 [1:18:05<75:24:20,  1.45it/s]  1%|▏         | 5383/400000 [1:18:06<75:03:20,  1.46it/s]  1%|▏         | 5384/400000 [1:18:07<75:05:34,  1.46it/s]  1%|▏         | 5385/400000 [1:18:07<75:15:15,  1.46it/s]  1%|▏         | 5386/400000 [1:18:08<75:05:36,  1.46it/s]  1%|▏         | 5387/400000 [1:18:09<76:47:20,  1.43it/s]  1%|▏         | 5388/400000 [1:18:09<74:56:32,  1.46it/s]  1%|▏         | 5389/400000 [1:18:10<75:41:56,  1.45it/s]  1%|▏         | 5390/400000 [1:18:11<74:45:21,  1.47it/s]                                                            1%|▏         | 5390/400000 [1:18:11<74:45:21,  1.47it/s]  1%|▏         | 5391/400000 [1:18:12<73:51:58,  1.48it/s]  1%|▏         | 5392/400000 [1:18:12<74:00:02,  1.48it/s]  1%|▏         | 5393/400000 [1:18:13<72:29:52,  1.51it/s]  1%|▏         | 5394/400000 [1:18:13<72:15:02,  1.52it/s]  1%|▏         | 5395/400000 [1:18:14<80:59:32,  1.35it/s]  1%|▏         | 5396/400000 [1:18:15<90:59:48,  1.20it/s]  1%|▏         | 5397/400000 [1:18:16<93:05:22,  1.18it/s]  1%|▏         | 5398/400000 [1:18:17<89:05:30,  1.23it/s]  1%|▏         | 5399/400000 [1:18:18<82:30:56,  1.33it/s]  1%|▏         | 5400/400000 [1:18:18<77:32:41,  1.41it/s]                                                            1%|▏         | 5400/400000 [1:18:18<77:32:41,  1.41it/s]  1%|▏         | 5401/400000 [1:18:19<76:14:09,  1.44it/s]  1%|▏         | 5402/400000 [1:18:20<73:23:04,  1.49it/s]  1%|▏         | 5403/400000 [1:18:20<76:04:25,  1.44it/s]  1%|▏         | 5404/400000 [1:18:21<76:28:19,  1.43it/s]  1%|▏         | 5405/400000 [1:18:22<75:08:22,  1.46it/s]  1%|▏         | 5406/400000 [1:18:22<73:00:35,  1.50it/s]  1%|▏         | 5407/400000 [1:18:23<73:56:08,  1.48it/s]  1%|▏         | 5408/400000 [1:18:24<73:16:13,  1.50it/s]  1%|▏         | 5409/400000 [1:18:24<71:29:34,  1.53it/s]  1%|▏         | 5410/400000 [1:18:25<71:20:48,  1.54it/s]                                                            1%|▏         | 5410/400000 [1:18:25<71:20:48,  1.54it/s]  1%|▏         | 5411/400000 [1:18:26<84:14:46,  1.30it/s]  1%|▏         | 5412/400000 [1:18:27<92:02:41,  1.19it/s]  1%|▏         | 5413/400000 [1:18:28<93:32:02,  1.17it/s]  1%|▏         | 5414/400000 [1:18:29<88:35:56,  1.24it/s]  1%|▏         | 5415/400000 [1:18:29<83:32:13,  1.31it/s]  1%|▏         | 5416/400000 [1:18:30<79:00:14,  1.39it/s]  1%|▏         | 5417/400000 [1:18:30<75:51:24,  1.44it/s]  1%|▏         | 5418/400000 [1:18:31<74:16:01,  1.48it/s]  1%|▏         | 5419/400000 [1:18:32<72:00:20,  1.52it/s]  1%|▏         | 5420/400000 [1:18:32<70:20:31,  1.56it/s]                                                            1%|▏         | 5420/400000 [1:18:32<70:20:31,  1.56it/s]  1%|▏         | 5421/400000 [1:18:33<70:36:40,  1.55it/s]  1%|▏         | 5422/400000 [1:18:34<70:23:13,  1.56it/s]  1%|▏         | 5423/400000 [1:18:34<69:42:32,  1.57it/s]  1%|▏         | 5424/400000 [1:18:35<72:00:12,  1.52it/s]  1%|▏         | 5425/400000 [1:18:36<74:13:28,  1.48it/s]  1%|▏         | 5426/400000 [1:18:36<74:23:54,  1.47it/s]  1%|▏         | 5427/400000 [1:18:37<75:29:15,  1.45it/s]  1%|▏         | 5428/400000 [1:18:38<74:21:29,  1.47it/s]  1%|▏         | 5429/400000 [1:18:38<74:09:29,  1.48it/s]  1%|▏         | 5430/400000 [1:18:39<73:36:15,  1.49it/s]                                                            1%|▏         | 5430/400000 [1:18:39<73:36:15,  1.49it/s]  1%|▏         | 5431/400000 [1:18:40<72:20:26,  1.52it/s]  1%|▏         | 5432/400000 [1:18:40<72:06:03,  1.52it/s]  1%|▏         | 5433/400000 [1:18:41<72:03:15,  1.52it/s]  1%|▏         | 5434/400000 [1:18:42<73:25:39,  1.49it/s]  1%|▏         | 5435/400000 [1:18:42<75:01:33,  1.46it/s]  1%|▏         | 5436/400000 [1:18:43<74:14:10,  1.48it/s]  1%|▏         | 5437/400000 [1:18:44<74:17:00,  1.48it/s]  1%|▏         | 5438/400000 [1:18:44<72:55:30,  1.50it/s]  1%|▏         | 5439/400000 [1:18:45<71:53:16,  1.52it/s]  1%|▏         | 5440/400000 [1:18:46<75:37:08,  1.45it/s]                                                            1%|▏         | 5440/400000 [1:18:46<75:37:08,  1.45it/s]  1%|▏         | 5441/400000 [1:18:47<78:46:26,  1.39it/s]  1%|▏         | 5442/400000 [1:18:47<80:59:23,  1.35it/s]  1%|▏         | 5443/400000 [1:18:48<79:24:40,  1.38it/s]  1%|▏         | 5444/400000 [1:18:49<76:57:54,  1.42it/s]  1%|▏         | 5445/400000 [1:18:49<75:38:06,  1.45it/s]  1%|▏         | 5446/400000 [1:18:50<75:08:14,  1.46it/s]  1%|▏         | 5447/400000 [1:18:51<72:42:47,  1.51it/s]  1%|▏         | 5448/400000 [1:18:51<71:56:06,  1.52it/s]  1%|▏         | 5449/400000 [1:18:52<70:55:10,  1.55it/s]  1%|▏         | 5450/400000 [1:18:53<71:10:23,  1.54it/s]                                                            1%|▏         | 5450/400000 [1:18:53<71:10:23,  1.54it/s]  1%|▏         | 5451/400000 [1:18:53<80:26:10,  1.36it/s]  1%|▏         | 5452/400000 [1:18:54<82:45:25,  1.32it/s]  1%|▏         | 5453/400000 [1:18:55<82:40:03,  1.33it/s]  1%|▏         | 5454/400000 [1:18:56<81:49:14,  1.34it/s]  1%|▏         | 5455/400000 [1:18:56<78:33:58,  1.39it/s]  1%|▏         | 5456/400000 [1:18:57<75:46:44,  1.45it/s]  1%|▏         | 5457/400000 [1:18:58<73:15:48,  1.50it/s]  1%|▏         | 5458/400000 [1:18:58<71:42:02,  1.53it/s]  1%|▏         | 5459/400000 [1:18:59<71:04:07,  1.54it/s]  1%|▏         | 5460/400000 [1:19:00<71:42:53,  1.53it/s]                                                            1%|▏         | 5460/400000 [1:19:00<71:42:53,  1.53it/s]  1%|▏         | 5461/400000 [1:19:01<81:35:23,  1.34it/s]  1%|▏         | 5462/400000 [1:19:01<83:41:03,  1.31it/s]  1%|▏         | 5463/400000 [1:19:02<83:52:14,  1.31it/s]  1%|▏         | 5464/400000 [1:19:03<81:58:42,  1.34it/s]  1%|▏         | 5465/400000 [1:19:03<79:00:14,  1.39it/s]  1%|▏         | 5466/400000 [1:19:04<76:32:27,  1.43it/s]  1%|▏         | 5467/400000 [1:19:05<74:37:47,  1.47it/s]  1%|▏         | 5468/400000 [1:19:05<74:21:29,  1.47it/s]  1%|▏         | 5469/400000 [1:19:06<75:38:24,  1.45it/s]  1%|▏         | 5470/400000 [1:19:07<74:23:30,  1.47it/s]                                                            1%|▏         | 5470/400000 [1:19:07<74:23:30,  1.47it/s]  1%|▏         | 5471/400000 [1:19:07<74:18:03,  1.47it/s]  1%|▏         | 5472/400000 [1:19:08<73:24:42,  1.49it/s]  1%|▏         | 5473/400000 [1:19:09<73:14:10,  1.50it/s]  1%|▏         | 5474/400000 [1:19:10<74:55:08,  1.46it/s]  1%|▏         | 5475/400000 [1:19:10<72:38:53,  1.51it/s]  1%|▏         | 5476/400000 [1:19:11<71:50:12,  1.53it/s]  1%|▏         | 5477/400000 [1:19:11<71:39:48,  1.53it/s]  1%|▏         | 5478/400000 [1:19:12<83:07:19,  1.32it/s]  1%|▏         | 5479/400000 [1:19:13<90:53:11,  1.21it/s]  1%|▏         | 5480/400000 [1:19:14<89:30:38,  1.22it/s]                                                            1%|▏         | 5480/400000 [1:19:14<89:30:38,  1.22it/s]  1%|▏         | 5481/400000 [1:19:15<86:51:04,  1.26it/s]  1%|▏         | 5482/400000 [1:19:16<83:18:29,  1.32it/s]  1%|▏         | 5483/400000 [1:19:16<78:51:38,  1.39it/s]  1%|▏         | 5484/400000 [1:19:17<75:56:28,  1.44it/s]  1%|▏         | 5485/400000 [1:19:18<73:49:58,  1.48it/s]  1%|▏         | 5486/400000 [1:19:18<72:06:04,  1.52it/s]  1%|▏         | 5487/400000 [1:19:19<78:46:39,  1.39it/s]  1%|▏         | 5488/400000 [1:19:20<80:39:46,  1.36it/s]  1%|▏         | 5489/400000 [1:19:21<81:06:16,  1.35it/s]  1%|▏         | 5490/400000 [1:19:21<78:28:42,  1.40it/s]                                                            1%|▏         | 5490/400000 [1:19:21<78:28:42,  1.40it/s]  1%|▏         | 5491/400000 [1:19:22<77:45:42,  1.41it/s]  1%|▏         | 5492/400000 [1:19:23<75:29:35,  1.45it/s]  1%|▏         | 5493/400000 [1:19:23<74:43:18,  1.47it/s]  1%|▏         | 5494/400000 [1:19:24<72:15:05,  1.52it/s]  1%|▏         | 5495/400000 [1:19:24<72:27:01,  1.51it/s]  1%|▏         | 5496/400000 [1:19:25<72:01:09,  1.52it/s]  1%|▏         | 5497/400000 [1:19:26<71:03:39,  1.54it/s]  1%|▏         | 5498/400000 [1:19:26<71:52:07,  1.52it/s]  1%|▏         | 5499/400000 [1:19:27<79:31:51,  1.38it/s]  1%|▏         | 5500/400000 [1:19:28<85:05:05,  1.29it/s]                                                            1%|▏         | 5500/400000 [1:19:28<85:05:05,  1.29it/s]  1%|▏         | 5501/400000 [1:19:29<84:15:32,  1.30it/s]  1%|▏         | 5502/400000 [1:19:30<83:25:32,  1.31it/s]  1%|▏         | 5503/400000 [1:19:30<79:42:01,  1.37it/s]  1%|▏         | 5504/400000 [1:19:31<77:17:30,  1.42it/s]  1%|▏         | 5505/400000 [1:19:32<77:26:35,  1.41it/s]  1%|▏         | 5506/400000 [1:19:32<75:29:17,  1.45it/s]  1%|▏         | 5507/400000 [1:19:33<73:48:29,  1.48it/s]  1%|▏         | 5508/400000 [1:19:34<72:52:48,  1.50it/s]  1%|▏         | 5509/400000 [1:19:34<72:27:13,  1.51it/s]  1%|▏         | 5510/400000 [1:19:35<72:40:08,  1.51it/s]                                                            1%|▏         | 5510/400000 [1:19:35<72:40:08,  1.51it/s]  1%|▏         | 5511/400000 [1:19:36<72:25:14,  1.51it/s]  1%|▏         | 5512/400000 [1:19:37<83:58:19,  1.30it/s]  1%|▏         | 5513/400000 [1:19:37<87:23:10,  1.25it/s]  1%|▏         | 5514/400000 [1:19:38<85:59:33,  1.27it/s]  1%|▏         | 5515/400000 [1:19:39<81:47:47,  1.34it/s]  1%|▏         | 5516/400000 [1:19:39<77:23:46,  1.42it/s]  1%|▏         | 5517/400000 [1:19:40<74:31:13,  1.47it/s]  1%|▏         | 5518/400000 [1:19:41<72:40:38,  1.51it/s]  1%|▏         | 5519/400000 [1:19:41<71:04:51,  1.54it/s]  1%|▏         | 5520/400000 [1:19:42<75:19:31,  1.45it/s]                                                            1%|▏         | 5520/400000 [1:19:42<75:19:31,  1.45it/s]  1%|▏         | 5521/400000 [1:19:43<77:40:23,  1.41it/s]  1%|▏         | 5522/400000 [1:19:44<76:44:56,  1.43it/s]  1%|▏         | 5523/400000 [1:19:44<75:50:08,  1.44it/s]  1%|▏         | 5524/400000 [1:19:45<74:22:53,  1.47it/s]  1%|▏         | 5525/400000 [1:19:46<74:11:22,  1.48it/s]  1%|▏         | 5526/400000 [1:19:46<72:46:34,  1.51it/s]  1%|▏         | 5527/400000 [1:19:47<71:27:07,  1.53it/s]  1%|▏         | 5528/400000 [1:19:47<70:50:40,  1.55it/s]  1%|▏         | 5529/400000 [1:19:48<77:47:34,  1.41it/s]  1%|▏         | 5530/400000 [1:19:49<82:05:46,  1.33it/s]                                                            1%|▏         | 5530/400000 [1:19:49<82:05:46,  1.33it/s]  1%|▏         | 5531/400000 [1:19:50<81:51:54,  1.34it/s]  1%|▏         | 5532/400000 [1:19:51<78:05:10,  1.40it/s]  1%|▏         | 5533/400000 [1:19:51<77:06:19,  1.42it/s]  1%|▏         | 5534/400000 [1:19:52<73:49:10,  1.48it/s]  1%|▏         | 5535/400000 [1:19:52<73:54:28,  1.48it/s]  1%|▏         | 5536/400000 [1:19:53<72:26:07,  1.51it/s]  1%|▏         | 5537/400000 [1:19:54<71:27:49,  1.53it/s]  1%|▏         | 5538/400000 [1:19:54<73:34:22,  1.49it/s]  1%|▏         | 5539/400000 [1:19:55<77:45:09,  1.41it/s]  1%|▏         | 5540/400000 [1:19:56<81:51:26,  1.34it/s]                                                            1%|▏         | 5540/400000 [1:19:56<81:51:26,  1.34it/s]  1%|▏         | 5541/400000 [1:19:57<81:25:47,  1.35it/s]  1%|▏         | 5542/400000 [1:19:58<78:59:02,  1.39it/s]  1%|▏         | 5543/400000 [1:19:58<75:26:19,  1.45it/s]  1%|▏         | 5544/400000 [1:19:59<73:58:55,  1.48it/s]  1%|▏         | 5545/400000 [1:19:59<72:23:00,  1.51it/s]  1%|▏         | 5546/400000 [1:20:00<72:31:28,  1.51it/s]  1%|▏         | 5547/400000 [1:20:01<71:13:07,  1.54it/s]  1%|▏         | 5548/400000 [1:20:01<71:44:03,  1.53it/s]  1%|▏         | 5549/400000 [1:20:02<70:55:00,  1.55it/s]  1%|▏         | 5550/400000 [1:20:03<70:34:23,  1.55it/s]                                                            1%|▏         | 5550/400000 [1:20:03<70:34:23,  1.55it/s]  1%|▏         | 5551/400000 [1:20:03<70:45:36,  1.55it/s]W0725 12:44:09.162000 37310 site-packages/torch/distributed/elastic/agent/server/api.py:704] Received Signals.SIGTERM death signal, shutting down workers
W0725 12:44:09.187000 37310 site-packages/torch/distributed/elastic/multiprocessing/api.py:897] Sending process 37378 closing signal SIGTERM
W0725 12:44:09.189000 37310 site-packages/torch/distributed/elastic/multiprocessing/api.py:897] Sending process 37379 closing signal SIGTERM
W0725 12:44:09.190000 37310 site-packages/torch/distributed/elastic/multiprocessing/api.py:897] Sending process 37380 closing signal SIGTERM
W0725 12:44:09.191000 37310 site-packages/torch/distributed/elastic/multiprocessing/api.py:897] Sending process 37381 closing signal SIGTERM
W0725 12:44:09.192000 37310 site-packages/torch/distributed/elastic/multiprocessing/api.py:897] Sending process 37382 closing signal SIGTERM
W0725 12:44:09.193000 37310 site-packages/torch/distributed/elastic/multiprocessing/api.py:897] Sending process 37383 closing signal SIGTERM
W0725 12:44:09.193000 37310 site-packages/torch/distributed/elastic/multiprocessing/api.py:897] Sending process 37384 closing signal SIGTERM
W0725 12:44:09.194000 37310 site-packages/torch/distributed/elastic/multiprocessing/api.py:897] Sending process 37385 closing signal SIGTERM
Traceback (most recent call last):
  File "/sjw_alinlab1/home/jungwook/miniconda3/envs/gr00t-actlat/bin/torchrun", line 6, in <module>
    sys.exit(main())
  File "/sjw_alinlab1/home/jungwook/miniconda3/envs/gr00t-actlat/lib/python3.10/site-packages/torch/distributed/elastic/multiprocessing/errors/__init__.py", line 355, in wrapper
    return f(*args, **kwargs)
  File "/sjw_alinlab1/home/jungwook/miniconda3/envs/gr00t-actlat/lib/python3.10/site-packages/torch/distributed/run.py", line 919, in main
    run(args)
  File "/sjw_alinlab1/home/jungwook/miniconda3/envs/gr00t-actlat/lib/python3.10/site-packages/torch/distributed/run.py", line 910, in run
    elastic_launch(
  File "/sjw_alinlab1/home/jungwook/miniconda3/envs/gr00t-actlat/lib/python3.10/site-packages/torch/distributed/launcher/api.py", line 138, in __call__
    return launch_agent(self._config, self._entrypoint, list(args))
  File "/sjw_alinlab1/home/jungwook/miniconda3/envs/gr00t-actlat/lib/python3.10/site-packages/torch/distributed/launcher/api.py", line 260, in launch_agent
    result = agent.run()
  File "/sjw_alinlab1/home/jungwook/miniconda3/envs/gr00t-actlat/lib/python3.10/site-packages/torch/distributed/elastic/metrics/api.py", line 137, in wrapper
    result = f(*args, **kwargs)
  File "/sjw_alinlab1/home/jungwook/miniconda3/envs/gr00t-actlat/lib/python3.10/site-packages/torch/distributed/elastic/agent/server/api.py", line 696, in run
    result = self._invoke_run(role)
  File "/sjw_alinlab1/home/jungwook/miniconda3/envs/gr00t-actlat/lib/python3.10/site-packages/torch/distributed/elastic/agent/server/api.py", line 855, in _invoke_run
    time.sleep(monitor_interval)
  File "/sjw_alinlab1/home/jungwook/miniconda3/envs/gr00t-actlat/lib/python3.10/site-packages/torch/distributed/elastic/multiprocessing/api.py", line 84, in _terminate_process_handler
    raise SignalException(f"Process {os.getpid()} got signal: {sigval}", sigval=sigval)
torch.distributed.elastic.multiprocessing.api.SignalException: Process 37310 got signal: 15
